
first_code.elf:     file format elf32-avr

Sections:
Idx Name          Size      VMA       LMA       File off  Algn
  0 .text         000049dc  00000000  00000000  00000074  2**1
                  CONTENTS, ALLOC, LOAD, READONLY, CODE
  1 .data         00000108  00800060  000049dc  00004a50  2**0
                  CONTENTS, ALLOC, LOAD, DATA
  2 .stab         00001d34  00000000  00000000  00004b58  2**2
                  CONTENTS, READONLY, DEBUGGING
  3 .stabstr      00000cd8  00000000  00000000  0000688c  2**0
                  CONTENTS, READONLY, DEBUGGING
  4 .debug_aranges 000001a0  00000000  00000000  00007564  2**0
                  CONTENTS, READONLY, DEBUGGING
  5 .debug_pubnames 000001f0  00000000  00000000  00007704  2**0
                  CONTENTS, READONLY, DEBUGGING
  6 .debug_info   00002ce6  00000000  00000000  000078f4  2**0
                  CONTENTS, READONLY, DEBUGGING
  7 .debug_abbrev 00001354  00000000  00000000  0000a5da  2**0
                  CONTENTS, READONLY, DEBUGGING
  8 .debug_line   00001308  00000000  00000000  0000b92e  2**0
                  CONTENTS, READONLY, DEBUGGING
  9 .debug_frame  000001c0  00000000  00000000  0000cc38  2**2
                  CONTENTS, READONLY, DEBUGGING
 10 .debug_str    00000340  00000000  00000000  0000cdf8  2**0
                  CONTENTS, READONLY, DEBUGGING
 11 .debug_loc    000021ec  00000000  00000000  0000d138  2**0
                  CONTENTS, READONLY, DEBUGGING
 12 .debug_ranges 00000080  00000000  00000000  0000f324  2**0
                  CONTENTS, READONLY, DEBUGGING

Disassembly of section .text:

00000000 <__vectors>:
       0:	0c 94 2a 00 	jmp	0x54	; 0x54 <__ctors_end>
       4:	0c 94 3f 00 	jmp	0x7e	; 0x7e <__bad_interrupt>
       8:	0c 94 3f 00 	jmp	0x7e	; 0x7e <__bad_interrupt>
       c:	0c 94 3f 00 	jmp	0x7e	; 0x7e <__bad_interrupt>
      10:	0c 94 3f 00 	jmp	0x7e	; 0x7e <__bad_interrupt>
      14:	0c 94 3f 00 	jmp	0x7e	; 0x7e <__bad_interrupt>
      18:	0c 94 3f 00 	jmp	0x7e	; 0x7e <__bad_interrupt>
      1c:	0c 94 3f 00 	jmp	0x7e	; 0x7e <__bad_interrupt>
      20:	0c 94 3f 00 	jmp	0x7e	; 0x7e <__bad_interrupt>
      24:	0c 94 3f 00 	jmp	0x7e	; 0x7e <__bad_interrupt>
      28:	0c 94 3f 00 	jmp	0x7e	; 0x7e <__bad_interrupt>
      2c:	0c 94 3f 00 	jmp	0x7e	; 0x7e <__bad_interrupt>
      30:	0c 94 3f 00 	jmp	0x7e	; 0x7e <__bad_interrupt>
      34:	0c 94 3f 00 	jmp	0x7e	; 0x7e <__bad_interrupt>
      38:	0c 94 3f 00 	jmp	0x7e	; 0x7e <__bad_interrupt>
      3c:	0c 94 3f 00 	jmp	0x7e	; 0x7e <__bad_interrupt>
      40:	0c 94 3f 00 	jmp	0x7e	; 0x7e <__bad_interrupt>
      44:	0c 94 3f 00 	jmp	0x7e	; 0x7e <__bad_interrupt>
      48:	0c 94 3f 00 	jmp	0x7e	; 0x7e <__bad_interrupt>
      4c:	0c 94 3f 00 	jmp	0x7e	; 0x7e <__bad_interrupt>
      50:	0c 94 3f 00 	jmp	0x7e	; 0x7e <__bad_interrupt>

00000054 <__ctors_end>:
      54:	11 24       	eor	r1, r1
      56:	1f be       	out	0x3f, r1	; 63
      58:	cf e5       	ldi	r28, 0x5F	; 95
      5a:	d8 e0       	ldi	r29, 0x08	; 8
      5c:	de bf       	out	0x3e, r29	; 62
      5e:	cd bf       	out	0x3d, r28	; 61

00000060 <__do_copy_data>:
      60:	11 e0       	ldi	r17, 0x01	; 1
      62:	a0 e6       	ldi	r26, 0x60	; 96
      64:	b0 e0       	ldi	r27, 0x00	; 0
      66:	ec ed       	ldi	r30, 0xDC	; 220
      68:	f9 e4       	ldi	r31, 0x49	; 73
      6a:	02 c0       	rjmp	.+4      	; 0x70 <.do_copy_data_start>

0000006c <.do_copy_data_loop>:
      6c:	05 90       	lpm	r0, Z+
      6e:	0d 92       	st	X+, r0

00000070 <.do_copy_data_start>:
      70:	a8 36       	cpi	r26, 0x68	; 104
      72:	b1 07       	cpc	r27, r17
      74:	d9 f7       	brne	.-10     	; 0x6c <.do_copy_data_loop>
      76:	0e 94 6a 24 	call	0x48d4	; 0x48d4 <main>
      7a:	0c 94 ec 24 	jmp	0x49d8	; 0x49d8 <_exit>

0000007e <__bad_interrupt>:
      7e:	0c 94 00 00 	jmp	0	; 0x0 <__vectors>

00000082 <__ashldi3>:
      82:	ef 92       	push	r14
      84:	ff 92       	push	r15
      86:	0f 93       	push	r16
      88:	df 93       	push	r29
      8a:	cf 93       	push	r28
      8c:	cd b7       	in	r28, 0x3d	; 61
      8e:	de b7       	in	r29, 0x3e	; 62
      90:	60 97       	sbiw	r28, 0x10	; 16
      92:	0f b6       	in	r0, 0x3f	; 63
      94:	f8 94       	cli
      96:	de bf       	out	0x3e, r29	; 62
      98:	0f be       	out	0x3f, r0	; 63
      9a:	cd bf       	out	0x3d, r28	; 61
      9c:	a8 2f       	mov	r26, r24
      9e:	00 23       	and	r16, r16
      a0:	09 f4       	brne	.+2      	; 0xa4 <__ashldi3+0x22>
      a2:	61 c0       	rjmp	.+194    	; 0x166 <__ashldi3+0xe4>
      a4:	7e 01       	movw	r14, r28
      a6:	08 94       	sec
      a8:	e1 1c       	adc	r14, r1
      aa:	f1 1c       	adc	r15, r1
      ac:	88 e0       	ldi	r24, 0x08	; 8
      ae:	f7 01       	movw	r30, r14
      b0:	11 92       	st	Z+, r1
      b2:	8a 95       	dec	r24
      b4:	e9 f7       	brne	.-6      	; 0xb0 <__ashldi3+0x2e>
      b6:	29 83       	std	Y+1, r18	; 0x01
      b8:	3a 83       	std	Y+2, r19	; 0x02
      ba:	4b 83       	std	Y+3, r20	; 0x03
      bc:	5c 83       	std	Y+4, r21	; 0x04
      be:	6d 83       	std	Y+5, r22	; 0x05
      c0:	7e 83       	std	Y+6, r23	; 0x06
      c2:	af 83       	std	Y+7, r26	; 0x07
      c4:	98 87       	std	Y+8, r25	; 0x08
      c6:	80 e2       	ldi	r24, 0x20	; 32
      c8:	80 1b       	sub	r24, r16
      ca:	e8 2f       	mov	r30, r24
      cc:	ff 27       	eor	r31, r31
      ce:	e7 fd       	sbrc	r30, 7
      d0:	f0 95       	com	r31
      d2:	49 81       	ldd	r20, Y+1	; 0x01
      d4:	5a 81       	ldd	r21, Y+2	; 0x02
      d6:	6b 81       	ldd	r22, Y+3	; 0x03
      d8:	7c 81       	ldd	r23, Y+4	; 0x04
      da:	18 16       	cp	r1, r24
      dc:	84 f0       	brlt	.+32     	; 0xfe <__ashldi3+0x7c>
      de:	19 86       	std	Y+9, r1	; 0x09
      e0:	1a 86       	std	Y+10, r1	; 0x0a
      e2:	1b 86       	std	Y+11, r1	; 0x0b
      e4:	1c 86       	std	Y+12, r1	; 0x0c
      e6:	88 27       	eor	r24, r24
      e8:	99 27       	eor	r25, r25
      ea:	8e 1b       	sub	r24, r30
      ec:	9f 0b       	sbc	r25, r31
      ee:	04 c0       	rjmp	.+8      	; 0xf8 <__ashldi3+0x76>
      f0:	44 0f       	add	r20, r20
      f2:	55 1f       	adc	r21, r21
      f4:	66 1f       	adc	r22, r22
      f6:	77 1f       	adc	r23, r23
      f8:	8a 95       	dec	r24
      fa:	d2 f7       	brpl	.-12     	; 0xf0 <__ashldi3+0x6e>
      fc:	28 c0       	rjmp	.+80     	; 0x14e <__ashldi3+0xcc>
      fe:	20 2f       	mov	r18, r16
     100:	33 27       	eor	r19, r19
     102:	27 fd       	sbrc	r18, 7
     104:	30 95       	com	r19
     106:	db 01       	movw	r26, r22
     108:	ca 01       	movw	r24, r20
     10a:	02 2e       	mov	r0, r18
     10c:	04 c0       	rjmp	.+8      	; 0x116 <__ashldi3+0x94>
     10e:	88 0f       	add	r24, r24
     110:	99 1f       	adc	r25, r25
     112:	aa 1f       	adc	r26, r26
     114:	bb 1f       	adc	r27, r27
     116:	0a 94       	dec	r0
     118:	d2 f7       	brpl	.-12     	; 0x10e <__ashldi3+0x8c>
     11a:	89 87       	std	Y+9, r24	; 0x09
     11c:	9a 87       	std	Y+10, r25	; 0x0a
     11e:	ab 87       	std	Y+11, r26	; 0x0b
     120:	bc 87       	std	Y+12, r27	; 0x0c
     122:	04 c0       	rjmp	.+8      	; 0x12c <__ashldi3+0xaa>
     124:	76 95       	lsr	r23
     126:	67 95       	ror	r22
     128:	57 95       	ror	r21
     12a:	47 95       	ror	r20
     12c:	ea 95       	dec	r30
     12e:	d2 f7       	brpl	.-12     	; 0x124 <__ashldi3+0xa2>
     130:	8d 81       	ldd	r24, Y+5	; 0x05
     132:	9e 81       	ldd	r25, Y+6	; 0x06
     134:	af 81       	ldd	r26, Y+7	; 0x07
     136:	b8 85       	ldd	r27, Y+8	; 0x08
     138:	04 c0       	rjmp	.+8      	; 0x142 <__ashldi3+0xc0>
     13a:	88 0f       	add	r24, r24
     13c:	99 1f       	adc	r25, r25
     13e:	aa 1f       	adc	r26, r26
     140:	bb 1f       	adc	r27, r27
     142:	2a 95       	dec	r18
     144:	d2 f7       	brpl	.-12     	; 0x13a <__ashldi3+0xb8>
     146:	48 2b       	or	r20, r24
     148:	59 2b       	or	r21, r25
     14a:	6a 2b       	or	r22, r26
     14c:	7b 2b       	or	r23, r27
     14e:	4d 87       	std	Y+13, r20	; 0x0d
     150:	5e 87       	std	Y+14, r21	; 0x0e
     152:	6f 87       	std	Y+15, r22	; 0x0f
     154:	78 8b       	std	Y+16, r23	; 0x10
     156:	29 85       	ldd	r18, Y+9	; 0x09
     158:	3a 85       	ldd	r19, Y+10	; 0x0a
     15a:	4b 85       	ldd	r20, Y+11	; 0x0b
     15c:	5c 85       	ldd	r21, Y+12	; 0x0c
     15e:	6d 85       	ldd	r22, Y+13	; 0x0d
     160:	7e 85       	ldd	r23, Y+14	; 0x0e
     162:	af 85       	ldd	r26, Y+15	; 0x0f
     164:	98 89       	ldd	r25, Y+16	; 0x10
     166:	8a 2f       	mov	r24, r26
     168:	60 96       	adiw	r28, 0x10	; 16
     16a:	0f b6       	in	r0, 0x3f	; 63
     16c:	f8 94       	cli
     16e:	de bf       	out	0x3e, r29	; 62
     170:	0f be       	out	0x3f, r0	; 63
     172:	cd bf       	out	0x3d, r28	; 61
     174:	cf 91       	pop	r28
     176:	df 91       	pop	r29
     178:	0f 91       	pop	r16
     17a:	ff 90       	pop	r15
     17c:	ef 90       	pop	r14
     17e:	08 95       	ret

00000180 <__fixunssfsi>:
     180:	ef 92       	push	r14
     182:	ff 92       	push	r15
     184:	0f 93       	push	r16
     186:	1f 93       	push	r17
     188:	7b 01       	movw	r14, r22
     18a:	8c 01       	movw	r16, r24
     18c:	20 e0       	ldi	r18, 0x00	; 0
     18e:	30 e0       	ldi	r19, 0x00	; 0
     190:	40 e0       	ldi	r20, 0x00	; 0
     192:	5f e4       	ldi	r21, 0x4F	; 79
     194:	0e 94 a5 10 	call	0x214a	; 0x214a <__gesf2>
     198:	88 23       	and	r24, r24
     19a:	8c f0       	brlt	.+34     	; 0x1be <__fixunssfsi+0x3e>
     19c:	c8 01       	movw	r24, r16
     19e:	b7 01       	movw	r22, r14
     1a0:	20 e0       	ldi	r18, 0x00	; 0
     1a2:	30 e0       	ldi	r19, 0x00	; 0
     1a4:	40 e0       	ldi	r20, 0x00	; 0
     1a6:	5f e4       	ldi	r21, 0x4F	; 79
     1a8:	0e 94 1d 0f 	call	0x1e3a	; 0x1e3a <__subsf3>
     1ac:	0e 94 05 11 	call	0x220a	; 0x220a <__fixsfsi>
     1b0:	9b 01       	movw	r18, r22
     1b2:	ac 01       	movw	r20, r24
     1b4:	20 50       	subi	r18, 0x00	; 0
     1b6:	30 40       	sbci	r19, 0x00	; 0
     1b8:	40 40       	sbci	r20, 0x00	; 0
     1ba:	50 48       	sbci	r21, 0x80	; 128
     1bc:	06 c0       	rjmp	.+12     	; 0x1ca <__fixunssfsi+0x4a>
     1be:	c8 01       	movw	r24, r16
     1c0:	b7 01       	movw	r22, r14
     1c2:	0e 94 05 11 	call	0x220a	; 0x220a <__fixsfsi>
     1c6:	9b 01       	movw	r18, r22
     1c8:	ac 01       	movw	r20, r24
     1ca:	b9 01       	movw	r22, r18
     1cc:	ca 01       	movw	r24, r20
     1ce:	1f 91       	pop	r17
     1d0:	0f 91       	pop	r16
     1d2:	ff 90       	pop	r15
     1d4:	ef 90       	pop	r14
     1d6:	08 95       	ret

000001d8 <__udivdi3>:
     1d8:	ae e5       	ldi	r26, 0x5E	; 94
     1da:	b0 e0       	ldi	r27, 0x00	; 0
     1dc:	e2 ef       	ldi	r30, 0xF2	; 242
     1de:	f0 e0       	ldi	r31, 0x00	; 0
     1e0:	0c 94 b5 24 	jmp	0x496a	; 0x496a <__prologue_saves__>
     1e4:	a8 e0       	ldi	r26, 0x08	; 8
     1e6:	4e 01       	movw	r8, r28
     1e8:	08 94       	sec
     1ea:	81 1c       	adc	r8, r1
     1ec:	91 1c       	adc	r9, r1
     1ee:	f4 01       	movw	r30, r8
     1f0:	6a 2e       	mov	r6, r26
     1f2:	11 92       	st	Z+, r1
     1f4:	6a 94       	dec	r6
     1f6:	e9 f7       	brne	.-6      	; 0x1f2 <__udivdi3+0x1a>
     1f8:	29 83       	std	Y+1, r18	; 0x01
     1fa:	3a 83       	std	Y+2, r19	; 0x02
     1fc:	4b 83       	std	Y+3, r20	; 0x03
     1fe:	5c 83       	std	Y+4, r21	; 0x04
     200:	6d 83       	std	Y+5, r22	; 0x05
     202:	7e 83       	std	Y+6, r23	; 0x06
     204:	8f 83       	std	Y+7, r24	; 0x07
     206:	98 87       	std	Y+8, r25	; 0x08
     208:	ce 01       	movw	r24, r28
     20a:	09 96       	adiw	r24, 0x09	; 9
     20c:	fc 01       	movw	r30, r24
     20e:	11 92       	st	Z+, r1
     210:	aa 95       	dec	r26
     212:	e9 f7       	brne	.-6      	; 0x20e <__udivdi3+0x36>
     214:	a9 86       	std	Y+9, r10	; 0x09
     216:	ba 86       	std	Y+10, r11	; 0x0a
     218:	cb 86       	std	Y+11, r12	; 0x0b
     21a:	dc 86       	std	Y+12, r13	; 0x0c
     21c:	ed 86       	std	Y+13, r14	; 0x0d
     21e:	fe 86       	std	Y+14, r15	; 0x0e
     220:	0f 87       	std	Y+15, r16	; 0x0f
     222:	18 8b       	std	Y+16, r17	; 0x10
     224:	29 84       	ldd	r2, Y+9	; 0x09
     226:	3a 84       	ldd	r3, Y+10	; 0x0a
     228:	4b 84       	ldd	r4, Y+11	; 0x0b
     22a:	5c 84       	ldd	r5, Y+12	; 0x0c
     22c:	ed 84       	ldd	r14, Y+13	; 0x0d
     22e:	fe 84       	ldd	r15, Y+14	; 0x0e
     230:	0f 85       	ldd	r16, Y+15	; 0x0f
     232:	18 89       	ldd	r17, Y+16	; 0x10
     234:	69 80       	ldd	r6, Y+1	; 0x01
     236:	7a 80       	ldd	r7, Y+2	; 0x02
     238:	8b 80       	ldd	r8, Y+3	; 0x03
     23a:	9c 80       	ldd	r9, Y+4	; 0x04
     23c:	6d a6       	std	Y+45, r6	; 0x2d
     23e:	7e a6       	std	Y+46, r7	; 0x2e
     240:	8f a6       	std	Y+47, r8	; 0x2f
     242:	98 aa       	std	Y+48, r9	; 0x30
     244:	6d 80       	ldd	r6, Y+5	; 0x05
     246:	7e 80       	ldd	r7, Y+6	; 0x06
     248:	8f 80       	ldd	r8, Y+7	; 0x07
     24a:	98 84       	ldd	r9, Y+8	; 0x08
     24c:	e1 14       	cp	r14, r1
     24e:	f1 04       	cpc	r15, r1
     250:	01 05       	cpc	r16, r1
     252:	11 05       	cpc	r17, r1
     254:	09 f0       	breq	.+2      	; 0x258 <__udivdi3+0x80>
     256:	b3 c3       	rjmp	.+1894   	; 0x9be <__stack+0x15f>
     258:	62 14       	cp	r6, r2
     25a:	73 04       	cpc	r7, r3
     25c:	84 04       	cpc	r8, r4
     25e:	95 04       	cpc	r9, r5
     260:	08 f0       	brcs	.+2      	; 0x264 <__udivdi3+0x8c>
     262:	3d c1       	rjmp	.+634    	; 0x4de <__udivdi3+0x306>
     264:	00 e0       	ldi	r16, 0x00	; 0
     266:	20 16       	cp	r2, r16
     268:	00 e0       	ldi	r16, 0x00	; 0
     26a:	30 06       	cpc	r3, r16
     26c:	01 e0       	ldi	r16, 0x01	; 1
     26e:	40 06       	cpc	r4, r16
     270:	00 e0       	ldi	r16, 0x00	; 0
     272:	50 06       	cpc	r5, r16
     274:	88 f4       	brcc	.+34     	; 0x298 <__udivdi3+0xc0>
     276:	1f ef       	ldi	r17, 0xFF	; 255
     278:	21 16       	cp	r2, r17
     27a:	31 04       	cpc	r3, r1
     27c:	41 04       	cpc	r4, r1
     27e:	51 04       	cpc	r5, r1
     280:	39 f0       	breq	.+14     	; 0x290 <__udivdi3+0xb8>
     282:	30 f0       	brcs	.+12     	; 0x290 <__udivdi3+0xb8>
     284:	48 e0       	ldi	r20, 0x08	; 8
     286:	e4 2e       	mov	r14, r20
     288:	f1 2c       	mov	r15, r1
     28a:	01 2d       	mov	r16, r1
     28c:	11 2d       	mov	r17, r1
     28e:	18 c0       	rjmp	.+48     	; 0x2c0 <__udivdi3+0xe8>
     290:	ee 24       	eor	r14, r14
     292:	ff 24       	eor	r15, r15
     294:	87 01       	movw	r16, r14
     296:	14 c0       	rjmp	.+40     	; 0x2c0 <__udivdi3+0xe8>
     298:	20 e0       	ldi	r18, 0x00	; 0
     29a:	22 16       	cp	r2, r18
     29c:	20 e0       	ldi	r18, 0x00	; 0
     29e:	32 06       	cpc	r3, r18
     2a0:	20 e0       	ldi	r18, 0x00	; 0
     2a2:	42 06       	cpc	r4, r18
     2a4:	21 e0       	ldi	r18, 0x01	; 1
     2a6:	52 06       	cpc	r5, r18
     2a8:	30 f0       	brcs	.+12     	; 0x2b6 <__udivdi3+0xde>
     2aa:	38 e1       	ldi	r19, 0x18	; 24
     2ac:	e3 2e       	mov	r14, r19
     2ae:	f1 2c       	mov	r15, r1
     2b0:	01 2d       	mov	r16, r1
     2b2:	11 2d       	mov	r17, r1
     2b4:	05 c0       	rjmp	.+10     	; 0x2c0 <__udivdi3+0xe8>
     2b6:	20 e1       	ldi	r18, 0x10	; 16
     2b8:	e2 2e       	mov	r14, r18
     2ba:	f1 2c       	mov	r15, r1
     2bc:	01 2d       	mov	r16, r1
     2be:	11 2d       	mov	r17, r1
     2c0:	d2 01       	movw	r26, r4
     2c2:	c1 01       	movw	r24, r2
     2c4:	0e 2c       	mov	r0, r14
     2c6:	04 c0       	rjmp	.+8      	; 0x2d0 <__udivdi3+0xf8>
     2c8:	b6 95       	lsr	r27
     2ca:	a7 95       	ror	r26
     2cc:	97 95       	ror	r25
     2ce:	87 95       	ror	r24
     2d0:	0a 94       	dec	r0
     2d2:	d2 f7       	brpl	.-12     	; 0x2c8 <__udivdi3+0xf0>
     2d4:	88 59       	subi	r24, 0x98	; 152
     2d6:	9f 4f       	sbci	r25, 0xFF	; 255
     2d8:	dc 01       	movw	r26, r24
     2da:	2c 91       	ld	r18, X
     2dc:	80 e2       	ldi	r24, 0x20	; 32
     2de:	90 e0       	ldi	r25, 0x00	; 0
     2e0:	a0 e0       	ldi	r26, 0x00	; 0
     2e2:	b0 e0       	ldi	r27, 0x00	; 0
     2e4:	8e 19       	sub	r24, r14
     2e6:	9f 09       	sbc	r25, r15
     2e8:	a0 0b       	sbc	r26, r16
     2ea:	b1 0b       	sbc	r27, r17
     2ec:	7c 01       	movw	r14, r24
     2ee:	8d 01       	movw	r16, r26
     2f0:	e2 1a       	sub	r14, r18
     2f2:	f1 08       	sbc	r15, r1
     2f4:	01 09       	sbc	r16, r1
     2f6:	11 09       	sbc	r17, r1
     2f8:	e1 14       	cp	r14, r1
     2fa:	f1 04       	cpc	r15, r1
     2fc:	01 05       	cpc	r16, r1
     2fe:	11 05       	cpc	r17, r1
     300:	a1 f1       	breq	.+104    	; 0x36a <__udivdi3+0x192>
     302:	0e 2c       	mov	r0, r14
     304:	04 c0       	rjmp	.+8      	; 0x30e <__udivdi3+0x136>
     306:	22 0c       	add	r2, r2
     308:	33 1c       	adc	r3, r3
     30a:	44 1c       	adc	r4, r4
     30c:	55 1c       	adc	r5, r5
     30e:	0a 94       	dec	r0
     310:	d2 f7       	brpl	.-12     	; 0x306 <__udivdi3+0x12e>
     312:	a4 01       	movw	r20, r8
     314:	93 01       	movw	r18, r6
     316:	0e 2c       	mov	r0, r14
     318:	04 c0       	rjmp	.+8      	; 0x322 <__udivdi3+0x14a>
     31a:	22 0f       	add	r18, r18
     31c:	33 1f       	adc	r19, r19
     31e:	44 1f       	adc	r20, r20
     320:	55 1f       	adc	r21, r21
     322:	0a 94       	dec	r0
     324:	d2 f7       	brpl	.-12     	; 0x31a <__udivdi3+0x142>
     326:	80 e2       	ldi	r24, 0x20	; 32
     328:	90 e0       	ldi	r25, 0x00	; 0
     32a:	8e 19       	sub	r24, r14
     32c:	9f 09       	sbc	r25, r15
     32e:	6d a4       	ldd	r6, Y+45	; 0x2d
     330:	7e a4       	ldd	r7, Y+46	; 0x2e
     332:	8f a4       	ldd	r8, Y+47	; 0x2f
     334:	98 a8       	ldd	r9, Y+48	; 0x30
     336:	04 c0       	rjmp	.+8      	; 0x340 <__udivdi3+0x168>
     338:	96 94       	lsr	r9
     33a:	87 94       	ror	r8
     33c:	77 94       	ror	r7
     33e:	67 94       	ror	r6
     340:	8a 95       	dec	r24
     342:	d2 f7       	brpl	.-12     	; 0x338 <__udivdi3+0x160>
     344:	62 2a       	or	r6, r18
     346:	73 2a       	or	r7, r19
     348:	84 2a       	or	r8, r20
     34a:	95 2a       	or	r9, r21
     34c:	ad a4       	ldd	r10, Y+45	; 0x2d
     34e:	be a4       	ldd	r11, Y+46	; 0x2e
     350:	cf a4       	ldd	r12, Y+47	; 0x2f
     352:	d8 a8       	ldd	r13, Y+48	; 0x30
     354:	04 c0       	rjmp	.+8      	; 0x35e <__udivdi3+0x186>
     356:	aa 0c       	add	r10, r10
     358:	bb 1c       	adc	r11, r11
     35a:	cc 1c       	adc	r12, r12
     35c:	dd 1c       	adc	r13, r13
     35e:	ea 94       	dec	r14
     360:	d2 f7       	brpl	.-12     	; 0x356 <__udivdi3+0x17e>
     362:	ad a6       	std	Y+45, r10	; 0x2d
     364:	be a6       	std	Y+46, r11	; 0x2e
     366:	cf a6       	std	Y+47, r12	; 0x2f
     368:	d8 aa       	std	Y+48, r13	; 0x30
     36a:	62 01       	movw	r12, r4
     36c:	ee 24       	eor	r14, r14
     36e:	ff 24       	eor	r15, r15
     370:	cd aa       	std	Y+53, r12	; 0x35
     372:	de aa       	std	Y+54, r13	; 0x36
     374:	ef aa       	std	Y+55, r14	; 0x37
     376:	f8 ae       	std	Y+56, r15	; 0x38
     378:	92 01       	movw	r18, r4
     37a:	81 01       	movw	r16, r2
     37c:	20 70       	andi	r18, 0x00	; 0
     37e:	30 70       	andi	r19, 0x00	; 0
     380:	09 af       	std	Y+57, r16	; 0x39
     382:	1a af       	std	Y+58, r17	; 0x3a
     384:	2b af       	std	Y+59, r18	; 0x3b
     386:	3c af       	std	Y+60, r19	; 0x3c
     388:	c4 01       	movw	r24, r8
     38a:	b3 01       	movw	r22, r6
     38c:	a7 01       	movw	r20, r14
     38e:	96 01       	movw	r18, r12
     390:	0e 94 93 24 	call	0x4926	; 0x4926 <__udivmodsi4>
     394:	7b 01       	movw	r14, r22
     396:	8c 01       	movw	r16, r24
     398:	c4 01       	movw	r24, r8
     39a:	b3 01       	movw	r22, r6
     39c:	2d a9       	ldd	r18, Y+53	; 0x35
     39e:	3e a9       	ldd	r19, Y+54	; 0x36
     3a0:	4f a9       	ldd	r20, Y+55	; 0x37
     3a2:	58 ad       	ldd	r21, Y+56	; 0x38
     3a4:	0e 94 93 24 	call	0x4926	; 0x4926 <__udivmodsi4>
     3a8:	c9 01       	movw	r24, r18
     3aa:	da 01       	movw	r26, r20
     3ac:	3c 01       	movw	r6, r24
     3ae:	4d 01       	movw	r8, r26
     3b0:	c4 01       	movw	r24, r8
     3b2:	b3 01       	movw	r22, r6
     3b4:	29 ad       	ldd	r18, Y+57	; 0x39
     3b6:	3a ad       	ldd	r19, Y+58	; 0x3a
     3b8:	4b ad       	ldd	r20, Y+59	; 0x3b
     3ba:	5c ad       	ldd	r21, Y+60	; 0x3c
     3bc:	0e 94 74 24 	call	0x48e8	; 0x48e8 <__mulsi3>
     3c0:	9b 01       	movw	r18, r22
     3c2:	ac 01       	movw	r20, r24
     3c4:	87 01       	movw	r16, r14
     3c6:	ff 24       	eor	r15, r15
     3c8:	ee 24       	eor	r14, r14
     3ca:	ad a4       	ldd	r10, Y+45	; 0x2d
     3cc:	be a4       	ldd	r11, Y+46	; 0x2e
     3ce:	cf a4       	ldd	r12, Y+47	; 0x2f
     3d0:	d8 a8       	ldd	r13, Y+48	; 0x30
     3d2:	c6 01       	movw	r24, r12
     3d4:	aa 27       	eor	r26, r26
     3d6:	bb 27       	eor	r27, r27
     3d8:	57 01       	movw	r10, r14
     3da:	68 01       	movw	r12, r16
     3dc:	a8 2a       	or	r10, r24
     3de:	b9 2a       	or	r11, r25
     3e0:	ca 2a       	or	r12, r26
     3e2:	db 2a       	or	r13, r27
     3e4:	a2 16       	cp	r10, r18
     3e6:	b3 06       	cpc	r11, r19
     3e8:	c4 06       	cpc	r12, r20
     3ea:	d5 06       	cpc	r13, r21
     3ec:	e0 f4       	brcc	.+56     	; 0x426 <__udivdi3+0x24e>
     3ee:	08 94       	sec
     3f0:	61 08       	sbc	r6, r1
     3f2:	71 08       	sbc	r7, r1
     3f4:	81 08       	sbc	r8, r1
     3f6:	91 08       	sbc	r9, r1
     3f8:	a2 0c       	add	r10, r2
     3fa:	b3 1c       	adc	r11, r3
     3fc:	c4 1c       	adc	r12, r4
     3fe:	d5 1c       	adc	r13, r5
     400:	a2 14       	cp	r10, r2
     402:	b3 04       	cpc	r11, r3
     404:	c4 04       	cpc	r12, r4
     406:	d5 04       	cpc	r13, r5
     408:	70 f0       	brcs	.+28     	; 0x426 <__udivdi3+0x24e>
     40a:	a2 16       	cp	r10, r18
     40c:	b3 06       	cpc	r11, r19
     40e:	c4 06       	cpc	r12, r20
     410:	d5 06       	cpc	r13, r21
     412:	48 f4       	brcc	.+18     	; 0x426 <__udivdi3+0x24e>
     414:	08 94       	sec
     416:	61 08       	sbc	r6, r1
     418:	71 08       	sbc	r7, r1
     41a:	81 08       	sbc	r8, r1
     41c:	91 08       	sbc	r9, r1
     41e:	a2 0c       	add	r10, r2
     420:	b3 1c       	adc	r11, r3
     422:	c4 1c       	adc	r12, r4
     424:	d5 1c       	adc	r13, r5
     426:	a2 1a       	sub	r10, r18
     428:	b3 0a       	sbc	r11, r19
     42a:	c4 0a       	sbc	r12, r20
     42c:	d5 0a       	sbc	r13, r21
     42e:	c6 01       	movw	r24, r12
     430:	b5 01       	movw	r22, r10
     432:	2d a9       	ldd	r18, Y+53	; 0x35
     434:	3e a9       	ldd	r19, Y+54	; 0x36
     436:	4f a9       	ldd	r20, Y+55	; 0x37
     438:	58 ad       	ldd	r21, Y+56	; 0x38
     43a:	0e 94 93 24 	call	0x4926	; 0x4926 <__udivmodsi4>
     43e:	7b 01       	movw	r14, r22
     440:	8c 01       	movw	r16, r24
     442:	c6 01       	movw	r24, r12
     444:	b5 01       	movw	r22, r10
     446:	2d a9       	ldd	r18, Y+53	; 0x35
     448:	3e a9       	ldd	r19, Y+54	; 0x36
     44a:	4f a9       	ldd	r20, Y+55	; 0x37
     44c:	58 ad       	ldd	r21, Y+56	; 0x38
     44e:	0e 94 93 24 	call	0x4926	; 0x4926 <__udivmodsi4>
     452:	c9 01       	movw	r24, r18
     454:	da 01       	movw	r26, r20
     456:	5c 01       	movw	r10, r24
     458:	6d 01       	movw	r12, r26
     45a:	c6 01       	movw	r24, r12
     45c:	b5 01       	movw	r22, r10
     45e:	29 ad       	ldd	r18, Y+57	; 0x39
     460:	3a ad       	ldd	r19, Y+58	; 0x3a
     462:	4b ad       	ldd	r20, Y+59	; 0x3b
     464:	5c ad       	ldd	r21, Y+60	; 0x3c
     466:	0e 94 74 24 	call	0x48e8	; 0x48e8 <__mulsi3>
     46a:	9b 01       	movw	r18, r22
     46c:	ac 01       	movw	r20, r24
     46e:	87 01       	movw	r16, r14
     470:	ff 24       	eor	r15, r15
     472:	ee 24       	eor	r14, r14
     474:	8d a5       	ldd	r24, Y+45	; 0x2d
     476:	9e a5       	ldd	r25, Y+46	; 0x2e
     478:	af a5       	ldd	r26, Y+47	; 0x2f
     47a:	b8 a9       	ldd	r27, Y+48	; 0x30
     47c:	a0 70       	andi	r26, 0x00	; 0
     47e:	b0 70       	andi	r27, 0x00	; 0
     480:	e8 2a       	or	r14, r24
     482:	f9 2a       	or	r15, r25
     484:	0a 2b       	or	r16, r26
     486:	1b 2b       	or	r17, r27
     488:	e2 16       	cp	r14, r18
     48a:	f3 06       	cpc	r15, r19
     48c:	04 07       	cpc	r16, r20
     48e:	15 07       	cpc	r17, r21
     490:	c0 f4       	brcc	.+48     	; 0x4c2 <__udivdi3+0x2ea>
     492:	08 94       	sec
     494:	a1 08       	sbc	r10, r1
     496:	b1 08       	sbc	r11, r1
     498:	c1 08       	sbc	r12, r1
     49a:	d1 08       	sbc	r13, r1
     49c:	e2 0c       	add	r14, r2
     49e:	f3 1c       	adc	r15, r3
     4a0:	04 1d       	adc	r16, r4
     4a2:	15 1d       	adc	r17, r5
     4a4:	e2 14       	cp	r14, r2
     4a6:	f3 04       	cpc	r15, r3
     4a8:	04 05       	cpc	r16, r4
     4aa:	15 05       	cpc	r17, r5
     4ac:	50 f0       	brcs	.+20     	; 0x4c2 <__udivdi3+0x2ea>
     4ae:	e2 16       	cp	r14, r18
     4b0:	f3 06       	cpc	r15, r19
     4b2:	04 07       	cpc	r16, r20
     4b4:	15 07       	cpc	r17, r21
     4b6:	28 f4       	brcc	.+10     	; 0x4c2 <__udivdi3+0x2ea>
     4b8:	08 94       	sec
     4ba:	a1 08       	sbc	r10, r1
     4bc:	b1 08       	sbc	r11, r1
     4be:	c1 08       	sbc	r12, r1
     4c0:	d1 08       	sbc	r13, r1
     4c2:	d3 01       	movw	r26, r6
     4c4:	99 27       	eor	r25, r25
     4c6:	88 27       	eor	r24, r24
     4c8:	86 01       	movw	r16, r12
     4ca:	75 01       	movw	r14, r10
     4cc:	e8 2a       	or	r14, r24
     4ce:	f9 2a       	or	r15, r25
     4d0:	0a 2b       	or	r16, r26
     4d2:	1b 2b       	or	r17, r27
     4d4:	e9 aa       	std	Y+49, r14	; 0x31
     4d6:	fa aa       	std	Y+50, r15	; 0x32
     4d8:	0b ab       	std	Y+51, r16	; 0x33
     4da:	1c ab       	std	Y+52, r17	; 0x34
     4dc:	cf c4       	rjmp	.+2462   	; 0xe7c <__stack+0x61d>
     4de:	21 14       	cp	r2, r1
     4e0:	31 04       	cpc	r3, r1
     4e2:	41 04       	cpc	r4, r1
     4e4:	51 04       	cpc	r5, r1
     4e6:	71 f4       	brne	.+28     	; 0x504 <__udivdi3+0x32c>
     4e8:	61 e0       	ldi	r22, 0x01	; 1
     4ea:	70 e0       	ldi	r23, 0x00	; 0
     4ec:	80 e0       	ldi	r24, 0x00	; 0
     4ee:	90 e0       	ldi	r25, 0x00	; 0
     4f0:	20 e0       	ldi	r18, 0x00	; 0
     4f2:	30 e0       	ldi	r19, 0x00	; 0
     4f4:	40 e0       	ldi	r20, 0x00	; 0
     4f6:	50 e0       	ldi	r21, 0x00	; 0
     4f8:	0e 94 93 24 	call	0x4926	; 0x4926 <__udivmodsi4>
     4fc:	c9 01       	movw	r24, r18
     4fe:	da 01       	movw	r26, r20
     500:	1c 01       	movw	r2, r24
     502:	2d 01       	movw	r4, r26
     504:	00 e0       	ldi	r16, 0x00	; 0
     506:	20 16       	cp	r2, r16
     508:	00 e0       	ldi	r16, 0x00	; 0
     50a:	30 06       	cpc	r3, r16
     50c:	01 e0       	ldi	r16, 0x01	; 1
     50e:	40 06       	cpc	r4, r16
     510:	00 e0       	ldi	r16, 0x00	; 0
     512:	50 06       	cpc	r5, r16
     514:	88 f4       	brcc	.+34     	; 0x538 <__udivdi3+0x360>
     516:	1f ef       	ldi	r17, 0xFF	; 255
     518:	21 16       	cp	r2, r17
     51a:	31 04       	cpc	r3, r1
     51c:	41 04       	cpc	r4, r1
     51e:	51 04       	cpc	r5, r1
     520:	31 f0       	breq	.+12     	; 0x52e <__udivdi3+0x356>
     522:	28 f0       	brcs	.+10     	; 0x52e <__udivdi3+0x356>
     524:	48 e0       	ldi	r20, 0x08	; 8
     526:	50 e0       	ldi	r21, 0x00	; 0
     528:	60 e0       	ldi	r22, 0x00	; 0
     52a:	70 e0       	ldi	r23, 0x00	; 0
     52c:	17 c0       	rjmp	.+46     	; 0x55c <__udivdi3+0x384>
     52e:	40 e0       	ldi	r20, 0x00	; 0
     530:	50 e0       	ldi	r21, 0x00	; 0
     532:	60 e0       	ldi	r22, 0x00	; 0
     534:	70 e0       	ldi	r23, 0x00	; 0
     536:	12 c0       	rjmp	.+36     	; 0x55c <__udivdi3+0x384>
     538:	20 e0       	ldi	r18, 0x00	; 0
     53a:	22 16       	cp	r2, r18
     53c:	20 e0       	ldi	r18, 0x00	; 0
     53e:	32 06       	cpc	r3, r18
     540:	20 e0       	ldi	r18, 0x00	; 0
     542:	42 06       	cpc	r4, r18
     544:	21 e0       	ldi	r18, 0x01	; 1
     546:	52 06       	cpc	r5, r18
     548:	28 f0       	brcs	.+10     	; 0x554 <__udivdi3+0x37c>
     54a:	48 e1       	ldi	r20, 0x18	; 24
     54c:	50 e0       	ldi	r21, 0x00	; 0
     54e:	60 e0       	ldi	r22, 0x00	; 0
     550:	70 e0       	ldi	r23, 0x00	; 0
     552:	04 c0       	rjmp	.+8      	; 0x55c <__udivdi3+0x384>
     554:	40 e1       	ldi	r20, 0x10	; 16
     556:	50 e0       	ldi	r21, 0x00	; 0
     558:	60 e0       	ldi	r22, 0x00	; 0
     55a:	70 e0       	ldi	r23, 0x00	; 0
     55c:	d2 01       	movw	r26, r4
     55e:	c1 01       	movw	r24, r2
     560:	04 2e       	mov	r0, r20
     562:	04 c0       	rjmp	.+8      	; 0x56c <__udivdi3+0x394>
     564:	b6 95       	lsr	r27
     566:	a7 95       	ror	r26
     568:	97 95       	ror	r25
     56a:	87 95       	ror	r24
     56c:	0a 94       	dec	r0
     56e:	d2 f7       	brpl	.-12     	; 0x564 <__udivdi3+0x38c>
     570:	88 59       	subi	r24, 0x98	; 152
     572:	9f 4f       	sbci	r25, 0xFF	; 255
     574:	dc 01       	movw	r26, r24
     576:	2c 91       	ld	r18, X
     578:	e0 e2       	ldi	r30, 0x20	; 32
     57a:	ee 2e       	mov	r14, r30
     57c:	f1 2c       	mov	r15, r1
     57e:	01 2d       	mov	r16, r1
     580:	11 2d       	mov	r17, r1
     582:	d8 01       	movw	r26, r16
     584:	c7 01       	movw	r24, r14
     586:	84 1b       	sub	r24, r20
     588:	95 0b       	sbc	r25, r21
     58a:	a6 0b       	sbc	r26, r22
     58c:	b7 0b       	sbc	r27, r23
     58e:	82 1b       	sub	r24, r18
     590:	91 09       	sbc	r25, r1
     592:	a1 09       	sbc	r26, r1
     594:	b1 09       	sbc	r27, r1
     596:	00 97       	sbiw	r24, 0x00	; 0
     598:	a1 05       	cpc	r26, r1
     59a:	b1 05       	cpc	r27, r1
     59c:	61 f4       	brne	.+24     	; 0x5b6 <__udivdi3+0x3de>
     59e:	64 01       	movw	r12, r8
     5a0:	53 01       	movw	r10, r6
     5a2:	a2 18       	sub	r10, r2
     5a4:	b3 08       	sbc	r11, r3
     5a6:	c4 08       	sbc	r12, r4
     5a8:	d5 08       	sbc	r13, r5
     5aa:	31 e0       	ldi	r19, 0x01	; 1
     5ac:	63 2e       	mov	r6, r19
     5ae:	71 2c       	mov	r7, r1
     5b0:	81 2c       	mov	r8, r1
     5b2:	91 2c       	mov	r9, r1
     5b4:	1e c1       	rjmp	.+572    	; 0x7f2 <__udivdi3+0x61a>
     5b6:	6f 96       	adiw	r28, 0x1f	; 31
     5b8:	8f af       	std	Y+63, r24	; 0x3f
     5ba:	6f 97       	sbiw	r28, 0x1f	; 31
     5bc:	08 2e       	mov	r0, r24
     5be:	04 c0       	rjmp	.+8      	; 0x5c8 <__udivdi3+0x3f0>
     5c0:	22 0c       	add	r2, r2
     5c2:	33 1c       	adc	r3, r3
     5c4:	44 1c       	adc	r4, r4
     5c6:	55 1c       	adc	r5, r5
     5c8:	0a 94       	dec	r0
     5ca:	d2 f7       	brpl	.-12     	; 0x5c0 <__udivdi3+0x3e8>
     5cc:	ee 2d       	mov	r30, r14
     5ce:	e8 1b       	sub	r30, r24
     5d0:	64 01       	movw	r12, r8
     5d2:	53 01       	movw	r10, r6
     5d4:	0e 2e       	mov	r0, r30
     5d6:	04 c0       	rjmp	.+8      	; 0x5e0 <__udivdi3+0x408>
     5d8:	d6 94       	lsr	r13
     5da:	c7 94       	ror	r12
     5dc:	b7 94       	ror	r11
     5de:	a7 94       	ror	r10
     5e0:	0a 94       	dec	r0
     5e2:	d2 f7       	brpl	.-12     	; 0x5d8 <__udivdi3+0x400>
     5e4:	a4 01       	movw	r20, r8
     5e6:	93 01       	movw	r18, r6
     5e8:	6f 96       	adiw	r28, 0x1f	; 31
     5ea:	0f ac       	ldd	r0, Y+63	; 0x3f
     5ec:	6f 97       	sbiw	r28, 0x1f	; 31
     5ee:	04 c0       	rjmp	.+8      	; 0x5f8 <__udivdi3+0x420>
     5f0:	22 0f       	add	r18, r18
     5f2:	33 1f       	adc	r19, r19
     5f4:	44 1f       	adc	r20, r20
     5f6:	55 1f       	adc	r21, r21
     5f8:	0a 94       	dec	r0
     5fa:	d2 f7       	brpl	.-12     	; 0x5f0 <__udivdi3+0x418>
     5fc:	6d a4       	ldd	r6, Y+45	; 0x2d
     5fe:	7e a4       	ldd	r7, Y+46	; 0x2e
     600:	8f a4       	ldd	r8, Y+47	; 0x2f
     602:	98 a8       	ldd	r9, Y+48	; 0x30
     604:	0e 2e       	mov	r0, r30
     606:	04 c0       	rjmp	.+8      	; 0x610 <__udivdi3+0x438>
     608:	96 94       	lsr	r9
     60a:	87 94       	ror	r8
     60c:	77 94       	ror	r7
     60e:	67 94       	ror	r6
     610:	0a 94       	dec	r0
     612:	d2 f7       	brpl	.-12     	; 0x608 <__udivdi3+0x430>
     614:	84 01       	movw	r16, r8
     616:	73 01       	movw	r14, r6
     618:	e2 2a       	or	r14, r18
     61a:	f3 2a       	or	r15, r19
     61c:	04 2b       	or	r16, r20
     61e:	15 2b       	or	r17, r21
     620:	e9 a6       	std	Y+41, r14	; 0x29
     622:	fa a6       	std	Y+42, r15	; 0x2a
     624:	0b a7       	std	Y+43, r16	; 0x2b
     626:	1c a7       	std	Y+44, r17	; 0x2c
     628:	32 01       	movw	r6, r4
     62a:	88 24       	eor	r8, r8
     62c:	99 24       	eor	r9, r9
     62e:	92 01       	movw	r18, r4
     630:	81 01       	movw	r16, r2
     632:	20 70       	andi	r18, 0x00	; 0
     634:	30 70       	andi	r19, 0x00	; 0
     636:	21 96       	adiw	r28, 0x01	; 1
     638:	0c af       	std	Y+60, r16	; 0x3c
     63a:	1d af       	std	Y+61, r17	; 0x3d
     63c:	2e af       	std	Y+62, r18	; 0x3e
     63e:	3f af       	std	Y+63, r19	; 0x3f
     640:	21 97       	sbiw	r28, 0x01	; 1
     642:	c6 01       	movw	r24, r12
     644:	b5 01       	movw	r22, r10
     646:	a4 01       	movw	r20, r8
     648:	93 01       	movw	r18, r6
     64a:	0e 94 93 24 	call	0x4926	; 0x4926 <__udivmodsi4>
     64e:	7b 01       	movw	r14, r22
     650:	8c 01       	movw	r16, r24
     652:	c6 01       	movw	r24, r12
     654:	b5 01       	movw	r22, r10
     656:	a4 01       	movw	r20, r8
     658:	93 01       	movw	r18, r6
     65a:	0e 94 93 24 	call	0x4926	; 0x4926 <__udivmodsi4>
     65e:	c9 01       	movw	r24, r18
     660:	da 01       	movw	r26, r20
     662:	25 96       	adiw	r28, 0x05	; 5
     664:	8c af       	std	Y+60, r24	; 0x3c
     666:	9d af       	std	Y+61, r25	; 0x3d
     668:	ae af       	std	Y+62, r26	; 0x3e
     66a:	bf af       	std	Y+63, r27	; 0x3f
     66c:	25 97       	sbiw	r28, 0x05	; 5
     66e:	bc 01       	movw	r22, r24
     670:	cd 01       	movw	r24, r26
     672:	21 96       	adiw	r28, 0x01	; 1
     674:	2c ad       	ldd	r18, Y+60	; 0x3c
     676:	3d ad       	ldd	r19, Y+61	; 0x3d
     678:	4e ad       	ldd	r20, Y+62	; 0x3e
     67a:	5f ad       	ldd	r21, Y+63	; 0x3f
     67c:	21 97       	sbiw	r28, 0x01	; 1
     67e:	0e 94 74 24 	call	0x48e8	; 0x48e8 <__mulsi3>
     682:	9b 01       	movw	r18, r22
     684:	ac 01       	movw	r20, r24
     686:	87 01       	movw	r16, r14
     688:	ff 24       	eor	r15, r15
     68a:	ee 24       	eor	r14, r14
     68c:	a9 a4       	ldd	r10, Y+41	; 0x29
     68e:	ba a4       	ldd	r11, Y+42	; 0x2a
     690:	cb a4       	ldd	r12, Y+43	; 0x2b
     692:	dc a4       	ldd	r13, Y+44	; 0x2c
     694:	c6 01       	movw	r24, r12
     696:	aa 27       	eor	r26, r26
     698:	bb 27       	eor	r27, r27
     69a:	5c 01       	movw	r10, r24
     69c:	6d 01       	movw	r12, r26
     69e:	ae 28       	or	r10, r14
     6a0:	bf 28       	or	r11, r15
     6a2:	c0 2a       	or	r12, r16
     6a4:	d1 2a       	or	r13, r17
     6a6:	a2 16       	cp	r10, r18
     6a8:	b3 06       	cpc	r11, r19
     6aa:	c4 06       	cpc	r12, r20
     6ac:	d5 06       	cpc	r13, r21
     6ae:	60 f5       	brcc	.+88     	; 0x708 <__udivdi3+0x530>
     6b0:	25 96       	adiw	r28, 0x05	; 5
     6b2:	6c ad       	ldd	r22, Y+60	; 0x3c
     6b4:	7d ad       	ldd	r23, Y+61	; 0x3d
     6b6:	8e ad       	ldd	r24, Y+62	; 0x3e
     6b8:	9f ad       	ldd	r25, Y+63	; 0x3f
     6ba:	25 97       	sbiw	r28, 0x05	; 5
     6bc:	61 50       	subi	r22, 0x01	; 1
     6be:	70 40       	sbci	r23, 0x00	; 0
     6c0:	80 40       	sbci	r24, 0x00	; 0
     6c2:	90 40       	sbci	r25, 0x00	; 0
     6c4:	25 96       	adiw	r28, 0x05	; 5
     6c6:	6c af       	std	Y+60, r22	; 0x3c
     6c8:	7d af       	std	Y+61, r23	; 0x3d
     6ca:	8e af       	std	Y+62, r24	; 0x3e
     6cc:	9f af       	std	Y+63, r25	; 0x3f
     6ce:	25 97       	sbiw	r28, 0x05	; 5
     6d0:	a2 0c       	add	r10, r2
     6d2:	b3 1c       	adc	r11, r3
     6d4:	c4 1c       	adc	r12, r4
     6d6:	d5 1c       	adc	r13, r5
     6d8:	a2 14       	cp	r10, r2
     6da:	b3 04       	cpc	r11, r3
     6dc:	c4 04       	cpc	r12, r4
     6de:	d5 04       	cpc	r13, r5
     6e0:	98 f0       	brcs	.+38     	; 0x708 <__udivdi3+0x530>
     6e2:	a2 16       	cp	r10, r18
     6e4:	b3 06       	cpc	r11, r19
     6e6:	c4 06       	cpc	r12, r20
     6e8:	d5 06       	cpc	r13, r21
     6ea:	70 f4       	brcc	.+28     	; 0x708 <__udivdi3+0x530>
     6ec:	61 50       	subi	r22, 0x01	; 1
     6ee:	70 40       	sbci	r23, 0x00	; 0
     6f0:	80 40       	sbci	r24, 0x00	; 0
     6f2:	90 40       	sbci	r25, 0x00	; 0
     6f4:	25 96       	adiw	r28, 0x05	; 5
     6f6:	6c af       	std	Y+60, r22	; 0x3c
     6f8:	7d af       	std	Y+61, r23	; 0x3d
     6fa:	8e af       	std	Y+62, r24	; 0x3e
     6fc:	9f af       	std	Y+63, r25	; 0x3f
     6fe:	25 97       	sbiw	r28, 0x05	; 5
     700:	a2 0c       	add	r10, r2
     702:	b3 1c       	adc	r11, r3
     704:	c4 1c       	adc	r12, r4
     706:	d5 1c       	adc	r13, r5
     708:	a2 1a       	sub	r10, r18
     70a:	b3 0a       	sbc	r11, r19
     70c:	c4 0a       	sbc	r12, r20
     70e:	d5 0a       	sbc	r13, r21
     710:	c6 01       	movw	r24, r12
     712:	b5 01       	movw	r22, r10
     714:	a4 01       	movw	r20, r8
     716:	93 01       	movw	r18, r6
     718:	0e 94 93 24 	call	0x4926	; 0x4926 <__udivmodsi4>
     71c:	7b 01       	movw	r14, r22
     71e:	8c 01       	movw	r16, r24
     720:	c6 01       	movw	r24, r12
     722:	b5 01       	movw	r22, r10
     724:	a4 01       	movw	r20, r8
     726:	93 01       	movw	r18, r6
     728:	0e 94 93 24 	call	0x4926	; 0x4926 <__udivmodsi4>
     72c:	c9 01       	movw	r24, r18
     72e:	da 01       	movw	r26, r20
     730:	3c 01       	movw	r6, r24
     732:	4d 01       	movw	r8, r26
     734:	c4 01       	movw	r24, r8
     736:	b3 01       	movw	r22, r6
     738:	21 96       	adiw	r28, 0x01	; 1
     73a:	2c ad       	ldd	r18, Y+60	; 0x3c
     73c:	3d ad       	ldd	r19, Y+61	; 0x3d
     73e:	4e ad       	ldd	r20, Y+62	; 0x3e
     740:	5f ad       	ldd	r21, Y+63	; 0x3f
     742:	21 97       	sbiw	r28, 0x01	; 1
     744:	0e 94 74 24 	call	0x48e8	; 0x48e8 <__mulsi3>
     748:	9b 01       	movw	r18, r22
     74a:	ac 01       	movw	r20, r24
     74c:	87 01       	movw	r16, r14
     74e:	ff 24       	eor	r15, r15
     750:	ee 24       	eor	r14, r14
     752:	89 a5       	ldd	r24, Y+41	; 0x29
     754:	9a a5       	ldd	r25, Y+42	; 0x2a
     756:	ab a5       	ldd	r26, Y+43	; 0x2b
     758:	bc a5       	ldd	r27, Y+44	; 0x2c
     75a:	a0 70       	andi	r26, 0x00	; 0
     75c:	b0 70       	andi	r27, 0x00	; 0
     75e:	57 01       	movw	r10, r14
     760:	68 01       	movw	r12, r16
     762:	a8 2a       	or	r10, r24
     764:	b9 2a       	or	r11, r25
     766:	ca 2a       	or	r12, r26
     768:	db 2a       	or	r13, r27
     76a:	a2 16       	cp	r10, r18
     76c:	b3 06       	cpc	r11, r19
     76e:	c4 06       	cpc	r12, r20
     770:	d5 06       	cpc	r13, r21
     772:	e0 f4       	brcc	.+56     	; 0x7ac <__udivdi3+0x5d4>
     774:	08 94       	sec
     776:	61 08       	sbc	r6, r1
     778:	71 08       	sbc	r7, r1
     77a:	81 08       	sbc	r8, r1
     77c:	91 08       	sbc	r9, r1
     77e:	a2 0c       	add	r10, r2
     780:	b3 1c       	adc	r11, r3
     782:	c4 1c       	adc	r12, r4
     784:	d5 1c       	adc	r13, r5
     786:	a2 14       	cp	r10, r2
     788:	b3 04       	cpc	r11, r3
     78a:	c4 04       	cpc	r12, r4
     78c:	d5 04       	cpc	r13, r5
     78e:	70 f0       	brcs	.+28     	; 0x7ac <__udivdi3+0x5d4>
     790:	a2 16       	cp	r10, r18
     792:	b3 06       	cpc	r11, r19
     794:	c4 06       	cpc	r12, r20
     796:	d5 06       	cpc	r13, r21
     798:	48 f4       	brcc	.+18     	; 0x7ac <__udivdi3+0x5d4>
     79a:	08 94       	sec
     79c:	61 08       	sbc	r6, r1
     79e:	71 08       	sbc	r7, r1
     7a0:	81 08       	sbc	r8, r1
     7a2:	91 08       	sbc	r9, r1
     7a4:	a2 0c       	add	r10, r2
     7a6:	b3 1c       	adc	r11, r3
     7a8:	c4 1c       	adc	r12, r4
     7aa:	d5 1c       	adc	r13, r5
     7ac:	8d a5       	ldd	r24, Y+45	; 0x2d
     7ae:	9e a5       	ldd	r25, Y+46	; 0x2e
     7b0:	af a5       	ldd	r26, Y+47	; 0x2f
     7b2:	b8 a9       	ldd	r27, Y+48	; 0x30
     7b4:	6f 96       	adiw	r28, 0x1f	; 31
     7b6:	0f ac       	ldd	r0, Y+63	; 0x3f
     7b8:	6f 97       	sbiw	r28, 0x1f	; 31
     7ba:	04 c0       	rjmp	.+8      	; 0x7c4 <__udivdi3+0x5ec>
     7bc:	88 0f       	add	r24, r24
     7be:	99 1f       	adc	r25, r25
     7c0:	aa 1f       	adc	r26, r26
     7c2:	bb 1f       	adc	r27, r27
     7c4:	0a 94       	dec	r0
     7c6:	d2 f7       	brpl	.-12     	; 0x7bc <__udivdi3+0x5e4>
     7c8:	8d a7       	std	Y+45, r24	; 0x2d
     7ca:	9e a7       	std	Y+46, r25	; 0x2e
     7cc:	af a7       	std	Y+47, r26	; 0x2f
     7ce:	b8 ab       	std	Y+48, r27	; 0x30
     7d0:	a2 1a       	sub	r10, r18
     7d2:	b3 0a       	sbc	r11, r19
     7d4:	c4 0a       	sbc	r12, r20
     7d6:	d5 0a       	sbc	r13, r21
     7d8:	25 96       	adiw	r28, 0x05	; 5
     7da:	ec ac       	ldd	r14, Y+60	; 0x3c
     7dc:	fd ac       	ldd	r15, Y+61	; 0x3d
     7de:	0e ad       	ldd	r16, Y+62	; 0x3e
     7e0:	1f ad       	ldd	r17, Y+63	; 0x3f
     7e2:	25 97       	sbiw	r28, 0x05	; 5
     7e4:	d7 01       	movw	r26, r14
     7e6:	99 27       	eor	r25, r25
     7e8:	88 27       	eor	r24, r24
     7ea:	68 2a       	or	r6, r24
     7ec:	79 2a       	or	r7, r25
     7ee:	8a 2a       	or	r8, r26
     7f0:	9b 2a       	or	r9, r27
     7f2:	82 01       	movw	r16, r4
     7f4:	22 27       	eor	r18, r18
     7f6:	33 27       	eor	r19, r19
     7f8:	29 96       	adiw	r28, 0x09	; 9
     7fa:	0c af       	std	Y+60, r16	; 0x3c
     7fc:	1d af       	std	Y+61, r17	; 0x3d
     7fe:	2e af       	std	Y+62, r18	; 0x3e
     800:	3f af       	std	Y+63, r19	; 0x3f
     802:	29 97       	sbiw	r28, 0x09	; 9
     804:	a2 01       	movw	r20, r4
     806:	91 01       	movw	r18, r2
     808:	40 70       	andi	r20, 0x00	; 0
     80a:	50 70       	andi	r21, 0x00	; 0
     80c:	2d 96       	adiw	r28, 0x0d	; 13
     80e:	2c af       	std	Y+60, r18	; 0x3c
     810:	3d af       	std	Y+61, r19	; 0x3d
     812:	4e af       	std	Y+62, r20	; 0x3e
     814:	5f af       	std	Y+63, r21	; 0x3f
     816:	2d 97       	sbiw	r28, 0x0d	; 13
     818:	c6 01       	movw	r24, r12
     81a:	b5 01       	movw	r22, r10
     81c:	29 96       	adiw	r28, 0x09	; 9
     81e:	2c ad       	ldd	r18, Y+60	; 0x3c
     820:	3d ad       	ldd	r19, Y+61	; 0x3d
     822:	4e ad       	ldd	r20, Y+62	; 0x3e
     824:	5f ad       	ldd	r21, Y+63	; 0x3f
     826:	29 97       	sbiw	r28, 0x09	; 9
     828:	0e 94 93 24 	call	0x4926	; 0x4926 <__udivmodsi4>
     82c:	7b 01       	movw	r14, r22
     82e:	8c 01       	movw	r16, r24
     830:	c6 01       	movw	r24, r12
     832:	b5 01       	movw	r22, r10
     834:	29 96       	adiw	r28, 0x09	; 9
     836:	2c ad       	ldd	r18, Y+60	; 0x3c
     838:	3d ad       	ldd	r19, Y+61	; 0x3d
     83a:	4e ad       	ldd	r20, Y+62	; 0x3e
     83c:	5f ad       	ldd	r21, Y+63	; 0x3f
     83e:	29 97       	sbiw	r28, 0x09	; 9
     840:	0e 94 93 24 	call	0x4926	; 0x4926 <__udivmodsi4>
     844:	c9 01       	movw	r24, r18
     846:	da 01       	movw	r26, r20
     848:	61 96       	adiw	r28, 0x11	; 17
     84a:	8c af       	std	Y+60, r24	; 0x3c
     84c:	9d af       	std	Y+61, r25	; 0x3d
     84e:	ae af       	std	Y+62, r26	; 0x3e
     850:	bf af       	std	Y+63, r27	; 0x3f
     852:	61 97       	sbiw	r28, 0x11	; 17
     854:	bc 01       	movw	r22, r24
     856:	cd 01       	movw	r24, r26
     858:	2d 96       	adiw	r28, 0x0d	; 13
     85a:	2c ad       	ldd	r18, Y+60	; 0x3c
     85c:	3d ad       	ldd	r19, Y+61	; 0x3d
     85e:	4e ad       	ldd	r20, Y+62	; 0x3e
     860:	5f ad       	ldd	r21, Y+63	; 0x3f
     862:	2d 97       	sbiw	r28, 0x0d	; 13
     864:	0e 94 74 24 	call	0x48e8	; 0x48e8 <__mulsi3>
     868:	9b 01       	movw	r18, r22
     86a:	ac 01       	movw	r20, r24
     86c:	87 01       	movw	r16, r14
     86e:	ff 24       	eor	r15, r15
     870:	ee 24       	eor	r14, r14
     872:	ad a4       	ldd	r10, Y+45	; 0x2d
     874:	be a4       	ldd	r11, Y+46	; 0x2e
     876:	cf a4       	ldd	r12, Y+47	; 0x2f
     878:	d8 a8       	ldd	r13, Y+48	; 0x30
     87a:	c6 01       	movw	r24, r12
     87c:	aa 27       	eor	r26, r26
     87e:	bb 27       	eor	r27, r27
     880:	57 01       	movw	r10, r14
     882:	68 01       	movw	r12, r16
     884:	a8 2a       	or	r10, r24
     886:	b9 2a       	or	r11, r25
     888:	ca 2a       	or	r12, r26
     88a:	db 2a       	or	r13, r27
     88c:	a2 16       	cp	r10, r18
     88e:	b3 06       	cpc	r11, r19
     890:	c4 06       	cpc	r12, r20
     892:	d5 06       	cpc	r13, r21
     894:	60 f5       	brcc	.+88     	; 0x8ee <__stack+0x8f>
     896:	61 96       	adiw	r28, 0x11	; 17
     898:	6c ad       	ldd	r22, Y+60	; 0x3c
     89a:	7d ad       	ldd	r23, Y+61	; 0x3d
     89c:	8e ad       	ldd	r24, Y+62	; 0x3e
     89e:	9f ad       	ldd	r25, Y+63	; 0x3f
     8a0:	61 97       	sbiw	r28, 0x11	; 17
     8a2:	61 50       	subi	r22, 0x01	; 1
     8a4:	70 40       	sbci	r23, 0x00	; 0
     8a6:	80 40       	sbci	r24, 0x00	; 0
     8a8:	90 40       	sbci	r25, 0x00	; 0
     8aa:	61 96       	adiw	r28, 0x11	; 17
     8ac:	6c af       	std	Y+60, r22	; 0x3c
     8ae:	7d af       	std	Y+61, r23	; 0x3d
     8b0:	8e af       	std	Y+62, r24	; 0x3e
     8b2:	9f af       	std	Y+63, r25	; 0x3f
     8b4:	61 97       	sbiw	r28, 0x11	; 17
     8b6:	a2 0c       	add	r10, r2
     8b8:	b3 1c       	adc	r11, r3
     8ba:	c4 1c       	adc	r12, r4
     8bc:	d5 1c       	adc	r13, r5
     8be:	a2 14       	cp	r10, r2
     8c0:	b3 04       	cpc	r11, r3
     8c2:	c4 04       	cpc	r12, r4
     8c4:	d5 04       	cpc	r13, r5
     8c6:	98 f0       	brcs	.+38     	; 0x8ee <__stack+0x8f>
     8c8:	a2 16       	cp	r10, r18
     8ca:	b3 06       	cpc	r11, r19
     8cc:	c4 06       	cpc	r12, r20
     8ce:	d5 06       	cpc	r13, r21
     8d0:	70 f4       	brcc	.+28     	; 0x8ee <__stack+0x8f>
     8d2:	61 50       	subi	r22, 0x01	; 1
     8d4:	70 40       	sbci	r23, 0x00	; 0
     8d6:	80 40       	sbci	r24, 0x00	; 0
     8d8:	90 40       	sbci	r25, 0x00	; 0
     8da:	61 96       	adiw	r28, 0x11	; 17
     8dc:	6c af       	std	Y+60, r22	; 0x3c
     8de:	7d af       	std	Y+61, r23	; 0x3d
     8e0:	8e af       	std	Y+62, r24	; 0x3e
     8e2:	9f af       	std	Y+63, r25	; 0x3f
     8e4:	61 97       	sbiw	r28, 0x11	; 17
     8e6:	a2 0c       	add	r10, r2
     8e8:	b3 1c       	adc	r11, r3
     8ea:	c4 1c       	adc	r12, r4
     8ec:	d5 1c       	adc	r13, r5
     8ee:	a2 1a       	sub	r10, r18
     8f0:	b3 0a       	sbc	r11, r19
     8f2:	c4 0a       	sbc	r12, r20
     8f4:	d5 0a       	sbc	r13, r21
     8f6:	c6 01       	movw	r24, r12
     8f8:	b5 01       	movw	r22, r10
     8fa:	29 96       	adiw	r28, 0x09	; 9
     8fc:	2c ad       	ldd	r18, Y+60	; 0x3c
     8fe:	3d ad       	ldd	r19, Y+61	; 0x3d
     900:	4e ad       	ldd	r20, Y+62	; 0x3e
     902:	5f ad       	ldd	r21, Y+63	; 0x3f
     904:	29 97       	sbiw	r28, 0x09	; 9
     906:	0e 94 93 24 	call	0x4926	; 0x4926 <__udivmodsi4>
     90a:	7b 01       	movw	r14, r22
     90c:	8c 01       	movw	r16, r24
     90e:	c6 01       	movw	r24, r12
     910:	b5 01       	movw	r22, r10
     912:	29 96       	adiw	r28, 0x09	; 9
     914:	2c ad       	ldd	r18, Y+60	; 0x3c
     916:	3d ad       	ldd	r19, Y+61	; 0x3d
     918:	4e ad       	ldd	r20, Y+62	; 0x3e
     91a:	5f ad       	ldd	r21, Y+63	; 0x3f
     91c:	29 97       	sbiw	r28, 0x09	; 9
     91e:	0e 94 93 24 	call	0x4926	; 0x4926 <__udivmodsi4>
     922:	c9 01       	movw	r24, r18
     924:	da 01       	movw	r26, r20
     926:	5c 01       	movw	r10, r24
     928:	6d 01       	movw	r12, r26
     92a:	c6 01       	movw	r24, r12
     92c:	b5 01       	movw	r22, r10
     92e:	2d 96       	adiw	r28, 0x0d	; 13
     930:	2c ad       	ldd	r18, Y+60	; 0x3c
     932:	3d ad       	ldd	r19, Y+61	; 0x3d
     934:	4e ad       	ldd	r20, Y+62	; 0x3e
     936:	5f ad       	ldd	r21, Y+63	; 0x3f
     938:	2d 97       	sbiw	r28, 0x0d	; 13
     93a:	0e 94 74 24 	call	0x48e8	; 0x48e8 <__mulsi3>
     93e:	9b 01       	movw	r18, r22
     940:	ac 01       	movw	r20, r24
     942:	87 01       	movw	r16, r14
     944:	ff 24       	eor	r15, r15
     946:	ee 24       	eor	r14, r14
     948:	8d a5       	ldd	r24, Y+45	; 0x2d
     94a:	9e a5       	ldd	r25, Y+46	; 0x2e
     94c:	af a5       	ldd	r26, Y+47	; 0x2f
     94e:	b8 a9       	ldd	r27, Y+48	; 0x30
     950:	a0 70       	andi	r26, 0x00	; 0
     952:	b0 70       	andi	r27, 0x00	; 0
     954:	e8 2a       	or	r14, r24
     956:	f9 2a       	or	r15, r25
     958:	0a 2b       	or	r16, r26
     95a:	1b 2b       	or	r17, r27
     95c:	e2 16       	cp	r14, r18
     95e:	f3 06       	cpc	r15, r19
     960:	04 07       	cpc	r16, r20
     962:	15 07       	cpc	r17, r21
     964:	c0 f4       	brcc	.+48     	; 0x996 <__stack+0x137>
     966:	08 94       	sec
     968:	a1 08       	sbc	r10, r1
     96a:	b1 08       	sbc	r11, r1
     96c:	c1 08       	sbc	r12, r1
     96e:	d1 08       	sbc	r13, r1
     970:	e2 0c       	add	r14, r2
     972:	f3 1c       	adc	r15, r3
     974:	04 1d       	adc	r16, r4
     976:	15 1d       	adc	r17, r5
     978:	e2 14       	cp	r14, r2
     97a:	f3 04       	cpc	r15, r3
     97c:	04 05       	cpc	r16, r4
     97e:	15 05       	cpc	r17, r5
     980:	50 f0       	brcs	.+20     	; 0x996 <__stack+0x137>
     982:	e2 16       	cp	r14, r18
     984:	f3 06       	cpc	r15, r19
     986:	04 07       	cpc	r16, r20
     988:	15 07       	cpc	r17, r21
     98a:	28 f4       	brcc	.+10     	; 0x996 <__stack+0x137>
     98c:	08 94       	sec
     98e:	a1 08       	sbc	r10, r1
     990:	b1 08       	sbc	r11, r1
     992:	c1 08       	sbc	r12, r1
     994:	d1 08       	sbc	r13, r1
     996:	61 96       	adiw	r28, 0x11	; 17
     998:	ec ac       	ldd	r14, Y+60	; 0x3c
     99a:	fd ac       	ldd	r15, Y+61	; 0x3d
     99c:	0e ad       	ldd	r16, Y+62	; 0x3e
     99e:	1f ad       	ldd	r17, Y+63	; 0x3f
     9a0:	61 97       	sbiw	r28, 0x11	; 17
     9a2:	d7 01       	movw	r26, r14
     9a4:	99 27       	eor	r25, r25
     9a6:	88 27       	eor	r24, r24
     9a8:	96 01       	movw	r18, r12
     9aa:	85 01       	movw	r16, r10
     9ac:	08 2b       	or	r16, r24
     9ae:	19 2b       	or	r17, r25
     9b0:	2a 2b       	or	r18, r26
     9b2:	3b 2b       	or	r19, r27
     9b4:	09 ab       	std	Y+49, r16	; 0x31
     9b6:	1a ab       	std	Y+50, r17	; 0x32
     9b8:	2b ab       	std	Y+51, r18	; 0x33
     9ba:	3c ab       	std	Y+52, r19	; 0x34
     9bc:	62 c2       	rjmp	.+1220   	; 0xe82 <__stack+0x623>
     9be:	6e 14       	cp	r6, r14
     9c0:	7f 04       	cpc	r7, r15
     9c2:	80 06       	cpc	r8, r16
     9c4:	91 06       	cpc	r9, r17
     9c6:	08 f4       	brcc	.+2      	; 0x9ca <__stack+0x16b>
     9c8:	51 c2       	rjmp	.+1186   	; 0xe6c <__stack+0x60d>
     9ca:	20 e0       	ldi	r18, 0x00	; 0
     9cc:	e2 16       	cp	r14, r18
     9ce:	20 e0       	ldi	r18, 0x00	; 0
     9d0:	f2 06       	cpc	r15, r18
     9d2:	21 e0       	ldi	r18, 0x01	; 1
     9d4:	02 07       	cpc	r16, r18
     9d6:	20 e0       	ldi	r18, 0x00	; 0
     9d8:	12 07       	cpc	r17, r18
     9da:	88 f4       	brcc	.+34     	; 0x9fe <__stack+0x19f>
     9dc:	3f ef       	ldi	r19, 0xFF	; 255
     9de:	e3 16       	cp	r14, r19
     9e0:	f1 04       	cpc	r15, r1
     9e2:	01 05       	cpc	r16, r1
     9e4:	11 05       	cpc	r17, r1
     9e6:	31 f0       	breq	.+12     	; 0x9f4 <__stack+0x195>
     9e8:	28 f0       	brcs	.+10     	; 0x9f4 <__stack+0x195>
     9ea:	48 e0       	ldi	r20, 0x08	; 8
     9ec:	50 e0       	ldi	r21, 0x00	; 0
     9ee:	60 e0       	ldi	r22, 0x00	; 0
     9f0:	70 e0       	ldi	r23, 0x00	; 0
     9f2:	17 c0       	rjmp	.+46     	; 0xa22 <__stack+0x1c3>
     9f4:	40 e0       	ldi	r20, 0x00	; 0
     9f6:	50 e0       	ldi	r21, 0x00	; 0
     9f8:	60 e0       	ldi	r22, 0x00	; 0
     9fa:	70 e0       	ldi	r23, 0x00	; 0
     9fc:	12 c0       	rjmp	.+36     	; 0xa22 <__stack+0x1c3>
     9fe:	40 e0       	ldi	r20, 0x00	; 0
     a00:	e4 16       	cp	r14, r20
     a02:	40 e0       	ldi	r20, 0x00	; 0
     a04:	f4 06       	cpc	r15, r20
     a06:	40 e0       	ldi	r20, 0x00	; 0
     a08:	04 07       	cpc	r16, r20
     a0a:	41 e0       	ldi	r20, 0x01	; 1
     a0c:	14 07       	cpc	r17, r20
     a0e:	28 f0       	brcs	.+10     	; 0xa1a <__stack+0x1bb>
     a10:	48 e1       	ldi	r20, 0x18	; 24
     a12:	50 e0       	ldi	r21, 0x00	; 0
     a14:	60 e0       	ldi	r22, 0x00	; 0
     a16:	70 e0       	ldi	r23, 0x00	; 0
     a18:	04 c0       	rjmp	.+8      	; 0xa22 <__stack+0x1c3>
     a1a:	40 e1       	ldi	r20, 0x10	; 16
     a1c:	50 e0       	ldi	r21, 0x00	; 0
     a1e:	60 e0       	ldi	r22, 0x00	; 0
     a20:	70 e0       	ldi	r23, 0x00	; 0
     a22:	d8 01       	movw	r26, r16
     a24:	c7 01       	movw	r24, r14
     a26:	04 2e       	mov	r0, r20
     a28:	04 c0       	rjmp	.+8      	; 0xa32 <__stack+0x1d3>
     a2a:	b6 95       	lsr	r27
     a2c:	a7 95       	ror	r26
     a2e:	97 95       	ror	r25
     a30:	87 95       	ror	r24
     a32:	0a 94       	dec	r0
     a34:	d2 f7       	brpl	.-12     	; 0xa2a <__stack+0x1cb>
     a36:	88 59       	subi	r24, 0x98	; 152
     a38:	9f 4f       	sbci	r25, 0xFF	; 255
     a3a:	dc 01       	movw	r26, r24
     a3c:	2c 91       	ld	r18, X
     a3e:	30 e2       	ldi	r19, 0x20	; 32
     a40:	a3 2e       	mov	r10, r19
     a42:	b1 2c       	mov	r11, r1
     a44:	c1 2c       	mov	r12, r1
     a46:	d1 2c       	mov	r13, r1
     a48:	d6 01       	movw	r26, r12
     a4a:	c5 01       	movw	r24, r10
     a4c:	84 1b       	sub	r24, r20
     a4e:	95 0b       	sbc	r25, r21
     a50:	a6 0b       	sbc	r26, r22
     a52:	b7 0b       	sbc	r27, r23
     a54:	82 1b       	sub	r24, r18
     a56:	91 09       	sbc	r25, r1
     a58:	a1 09       	sbc	r26, r1
     a5a:	b1 09       	sbc	r27, r1
     a5c:	00 97       	sbiw	r24, 0x00	; 0
     a5e:	a1 05       	cpc	r26, r1
     a60:	b1 05       	cpc	r27, r1
     a62:	89 f4       	brne	.+34     	; 0xa86 <__stack+0x227>
     a64:	e6 14       	cp	r14, r6
     a66:	f7 04       	cpc	r15, r7
     a68:	08 05       	cpc	r16, r8
     a6a:	19 05       	cpc	r17, r9
     a6c:	08 f4       	brcc	.+2      	; 0xa70 <__stack+0x211>
     a6e:	f2 c1       	rjmp	.+996    	; 0xe54 <__stack+0x5f5>
     a70:	6d a4       	ldd	r6, Y+45	; 0x2d
     a72:	7e a4       	ldd	r7, Y+46	; 0x2e
     a74:	8f a4       	ldd	r8, Y+47	; 0x2f
     a76:	98 a8       	ldd	r9, Y+48	; 0x30
     a78:	62 14       	cp	r6, r2
     a7a:	73 04       	cpc	r7, r3
     a7c:	84 04       	cpc	r8, r4
     a7e:	95 04       	cpc	r9, r5
     a80:	08 f0       	brcs	.+2      	; 0xa84 <__stack+0x225>
     a82:	e8 c1       	rjmp	.+976    	; 0xe54 <__stack+0x5f5>
     a84:	f3 c1       	rjmp	.+998    	; 0xe6c <__stack+0x60d>
     a86:	6e 96       	adiw	r28, 0x1e	; 30
     a88:	8f af       	std	Y+63, r24	; 0x3f
     a8a:	6e 97       	sbiw	r28, 0x1e	; 30
     a8c:	08 2e       	mov	r0, r24
     a8e:	04 c0       	rjmp	.+8      	; 0xa98 <__stack+0x239>
     a90:	ee 0c       	add	r14, r14
     a92:	ff 1c       	adc	r15, r15
     a94:	00 1f       	adc	r16, r16
     a96:	11 1f       	adc	r17, r17
     a98:	0a 94       	dec	r0
     a9a:	d2 f7       	brpl	.-12     	; 0xa90 <__stack+0x231>
     a9c:	6a 2d       	mov	r22, r10
     a9e:	68 1b       	sub	r22, r24
     aa0:	d2 01       	movw	r26, r4
     aa2:	c1 01       	movw	r24, r2
     aa4:	06 2e       	mov	r0, r22
     aa6:	04 c0       	rjmp	.+8      	; 0xab0 <__stack+0x251>
     aa8:	b6 95       	lsr	r27
     aaa:	a7 95       	ror	r26
     aac:	97 95       	ror	r25
     aae:	87 95       	ror	r24
     ab0:	0a 94       	dec	r0
     ab2:	d2 f7       	brpl	.-12     	; 0xaa8 <__stack+0x249>
     ab4:	5c 01       	movw	r10, r24
     ab6:	6d 01       	movw	r12, r26
     ab8:	ae 28       	or	r10, r14
     aba:	bf 28       	or	r11, r15
     abc:	c0 2a       	or	r12, r16
     abe:	d1 2a       	or	r13, r17
     ac0:	ad a2       	std	Y+37, r10	; 0x25
     ac2:	be a2       	std	Y+38, r11	; 0x26
     ac4:	cf a2       	std	Y+39, r12	; 0x27
     ac6:	d8 a6       	std	Y+40, r13	; 0x28
     ac8:	72 01       	movw	r14, r4
     aca:	61 01       	movw	r12, r2
     acc:	6e 96       	adiw	r28, 0x1e	; 30
     ace:	0f ac       	ldd	r0, Y+63	; 0x3f
     ad0:	6e 97       	sbiw	r28, 0x1e	; 30
     ad2:	04 c0       	rjmp	.+8      	; 0xadc <__stack+0x27d>
     ad4:	cc 0c       	add	r12, r12
     ad6:	dd 1c       	adc	r13, r13
     ad8:	ee 1c       	adc	r14, r14
     ada:	ff 1c       	adc	r15, r15
     adc:	0a 94       	dec	r0
     ade:	d2 f7       	brpl	.-12     	; 0xad4 <__stack+0x275>
     ae0:	c9 a2       	std	Y+33, r12	; 0x21
     ae2:	da a2       	std	Y+34, r13	; 0x22
     ae4:	eb a2       	std	Y+35, r14	; 0x23
     ae6:	fc a2       	std	Y+36, r15	; 0x24
     ae8:	64 01       	movw	r12, r8
     aea:	53 01       	movw	r10, r6
     aec:	06 2e       	mov	r0, r22
     aee:	04 c0       	rjmp	.+8      	; 0xaf8 <__stack+0x299>
     af0:	d6 94       	lsr	r13
     af2:	c7 94       	ror	r12
     af4:	b7 94       	ror	r11
     af6:	a7 94       	ror	r10
     af8:	0a 94       	dec	r0
     afa:	d2 f7       	brpl	.-12     	; 0xaf0 <__stack+0x291>
     afc:	d4 01       	movw	r26, r8
     afe:	c3 01       	movw	r24, r6
     b00:	6e 96       	adiw	r28, 0x1e	; 30
     b02:	0f ac       	ldd	r0, Y+63	; 0x3f
     b04:	6e 97       	sbiw	r28, 0x1e	; 30
     b06:	04 c0       	rjmp	.+8      	; 0xb10 <__stack+0x2b1>
     b08:	88 0f       	add	r24, r24
     b0a:	99 1f       	adc	r25, r25
     b0c:	aa 1f       	adc	r26, r26
     b0e:	bb 1f       	adc	r27, r27
     b10:	0a 94       	dec	r0
     b12:	d2 f7       	brpl	.-12     	; 0xb08 <__stack+0x2a9>
     b14:	ed a4       	ldd	r14, Y+45	; 0x2d
     b16:	fe a4       	ldd	r15, Y+46	; 0x2e
     b18:	0f a5       	ldd	r16, Y+47	; 0x2f
     b1a:	18 a9       	ldd	r17, Y+48	; 0x30
     b1c:	04 c0       	rjmp	.+8      	; 0xb26 <__stack+0x2c7>
     b1e:	16 95       	lsr	r17
     b20:	07 95       	ror	r16
     b22:	f7 94       	ror	r15
     b24:	e7 94       	ror	r14
     b26:	6a 95       	dec	r22
     b28:	d2 f7       	brpl	.-12     	; 0xb1e <__stack+0x2bf>
     b2a:	37 01       	movw	r6, r14
     b2c:	48 01       	movw	r8, r16
     b2e:	68 2a       	or	r6, r24
     b30:	79 2a       	or	r7, r25
     b32:	8a 2a       	or	r8, r26
     b34:	9b 2a       	or	r9, r27
     b36:	6d 8e       	std	Y+29, r6	; 0x1d
     b38:	7e 8e       	std	Y+30, r7	; 0x1e
     b3a:	8f 8e       	std	Y+31, r8	; 0x1f
     b3c:	98 a2       	std	Y+32, r9	; 0x20
     b3e:	ed a0       	ldd	r14, Y+37	; 0x25
     b40:	fe a0       	ldd	r15, Y+38	; 0x26
     b42:	0f a1       	ldd	r16, Y+39	; 0x27
     b44:	18 a5       	ldd	r17, Y+40	; 0x28
     b46:	38 01       	movw	r6, r16
     b48:	88 24       	eor	r8, r8
     b4a:	99 24       	eor	r9, r9
     b4c:	98 01       	movw	r18, r16
     b4e:	87 01       	movw	r16, r14
     b50:	20 70       	andi	r18, 0x00	; 0
     b52:	30 70       	andi	r19, 0x00	; 0
     b54:	65 96       	adiw	r28, 0x15	; 21
     b56:	0c af       	std	Y+60, r16	; 0x3c
     b58:	1d af       	std	Y+61, r17	; 0x3d
     b5a:	2e af       	std	Y+62, r18	; 0x3e
     b5c:	3f af       	std	Y+63, r19	; 0x3f
     b5e:	65 97       	sbiw	r28, 0x15	; 21
     b60:	c6 01       	movw	r24, r12
     b62:	b5 01       	movw	r22, r10
     b64:	a4 01       	movw	r20, r8
     b66:	93 01       	movw	r18, r6
     b68:	0e 94 93 24 	call	0x4926	; 0x4926 <__udivmodsi4>
     b6c:	7b 01       	movw	r14, r22
     b6e:	8c 01       	movw	r16, r24
     b70:	c6 01       	movw	r24, r12
     b72:	b5 01       	movw	r22, r10
     b74:	a4 01       	movw	r20, r8
     b76:	93 01       	movw	r18, r6
     b78:	0e 94 93 24 	call	0x4926	; 0x4926 <__udivmodsi4>
     b7c:	c9 01       	movw	r24, r18
     b7e:	da 01       	movw	r26, r20
     b80:	1c 01       	movw	r2, r24
     b82:	2d 01       	movw	r4, r26
     b84:	c2 01       	movw	r24, r4
     b86:	b1 01       	movw	r22, r2
     b88:	65 96       	adiw	r28, 0x15	; 21
     b8a:	2c ad       	ldd	r18, Y+60	; 0x3c
     b8c:	3d ad       	ldd	r19, Y+61	; 0x3d
     b8e:	4e ad       	ldd	r20, Y+62	; 0x3e
     b90:	5f ad       	ldd	r21, Y+63	; 0x3f
     b92:	65 97       	sbiw	r28, 0x15	; 21
     b94:	0e 94 74 24 	call	0x48e8	; 0x48e8 <__mulsi3>
     b98:	9b 01       	movw	r18, r22
     b9a:	ac 01       	movw	r20, r24
     b9c:	87 01       	movw	r16, r14
     b9e:	ff 24       	eor	r15, r15
     ba0:	ee 24       	eor	r14, r14
     ba2:	ad 8c       	ldd	r10, Y+29	; 0x1d
     ba4:	be 8c       	ldd	r11, Y+30	; 0x1e
     ba6:	cf 8c       	ldd	r12, Y+31	; 0x1f
     ba8:	d8 a0       	ldd	r13, Y+32	; 0x20
     baa:	c6 01       	movw	r24, r12
     bac:	aa 27       	eor	r26, r26
     bae:	bb 27       	eor	r27, r27
     bb0:	57 01       	movw	r10, r14
     bb2:	68 01       	movw	r12, r16
     bb4:	a8 2a       	or	r10, r24
     bb6:	b9 2a       	or	r11, r25
     bb8:	ca 2a       	or	r12, r26
     bba:	db 2a       	or	r13, r27
     bbc:	a2 16       	cp	r10, r18
     bbe:	b3 06       	cpc	r11, r19
     bc0:	c4 06       	cpc	r12, r20
     bc2:	d5 06       	cpc	r13, r21
     bc4:	00 f5       	brcc	.+64     	; 0xc06 <__stack+0x3a7>
     bc6:	08 94       	sec
     bc8:	21 08       	sbc	r2, r1
     bca:	31 08       	sbc	r3, r1
     bcc:	41 08       	sbc	r4, r1
     bce:	51 08       	sbc	r5, r1
     bd0:	ed a0       	ldd	r14, Y+37	; 0x25
     bd2:	fe a0       	ldd	r15, Y+38	; 0x26
     bd4:	0f a1       	ldd	r16, Y+39	; 0x27
     bd6:	18 a5       	ldd	r17, Y+40	; 0x28
     bd8:	ae 0c       	add	r10, r14
     bda:	bf 1c       	adc	r11, r15
     bdc:	c0 1e       	adc	r12, r16
     bde:	d1 1e       	adc	r13, r17
     be0:	ae 14       	cp	r10, r14
     be2:	bf 04       	cpc	r11, r15
     be4:	c0 06       	cpc	r12, r16
     be6:	d1 06       	cpc	r13, r17
     be8:	70 f0       	brcs	.+28     	; 0xc06 <__stack+0x3a7>
     bea:	a2 16       	cp	r10, r18
     bec:	b3 06       	cpc	r11, r19
     bee:	c4 06       	cpc	r12, r20
     bf0:	d5 06       	cpc	r13, r21
     bf2:	48 f4       	brcc	.+18     	; 0xc06 <__stack+0x3a7>
     bf4:	08 94       	sec
     bf6:	21 08       	sbc	r2, r1
     bf8:	31 08       	sbc	r3, r1
     bfa:	41 08       	sbc	r4, r1
     bfc:	51 08       	sbc	r5, r1
     bfe:	ae 0c       	add	r10, r14
     c00:	bf 1c       	adc	r11, r15
     c02:	c0 1e       	adc	r12, r16
     c04:	d1 1e       	adc	r13, r17
     c06:	a2 1a       	sub	r10, r18
     c08:	b3 0a       	sbc	r11, r19
     c0a:	c4 0a       	sbc	r12, r20
     c0c:	d5 0a       	sbc	r13, r21
     c0e:	c6 01       	movw	r24, r12
     c10:	b5 01       	movw	r22, r10
     c12:	a4 01       	movw	r20, r8
     c14:	93 01       	movw	r18, r6
     c16:	0e 94 93 24 	call	0x4926	; 0x4926 <__udivmodsi4>
     c1a:	7b 01       	movw	r14, r22
     c1c:	8c 01       	movw	r16, r24
     c1e:	c6 01       	movw	r24, r12
     c20:	b5 01       	movw	r22, r10
     c22:	a4 01       	movw	r20, r8
     c24:	93 01       	movw	r18, r6
     c26:	0e 94 93 24 	call	0x4926	; 0x4926 <__udivmodsi4>
     c2a:	c9 01       	movw	r24, r18
     c2c:	da 01       	movw	r26, r20
     c2e:	3c 01       	movw	r6, r24
     c30:	4d 01       	movw	r8, r26
     c32:	c4 01       	movw	r24, r8
     c34:	b3 01       	movw	r22, r6
     c36:	65 96       	adiw	r28, 0x15	; 21
     c38:	2c ad       	ldd	r18, Y+60	; 0x3c
     c3a:	3d ad       	ldd	r19, Y+61	; 0x3d
     c3c:	4e ad       	ldd	r20, Y+62	; 0x3e
     c3e:	5f ad       	ldd	r21, Y+63	; 0x3f
     c40:	65 97       	sbiw	r28, 0x15	; 21
     c42:	0e 94 74 24 	call	0x48e8	; 0x48e8 <__mulsi3>
     c46:	9b 01       	movw	r18, r22
     c48:	ac 01       	movw	r20, r24
     c4a:	87 01       	movw	r16, r14
     c4c:	ff 24       	eor	r15, r15
     c4e:	ee 24       	eor	r14, r14
     c50:	8d 8d       	ldd	r24, Y+29	; 0x1d
     c52:	9e 8d       	ldd	r25, Y+30	; 0x1e
     c54:	af 8d       	ldd	r26, Y+31	; 0x1f
     c56:	b8 a1       	ldd	r27, Y+32	; 0x20
     c58:	a0 70       	andi	r26, 0x00	; 0
     c5a:	b0 70       	andi	r27, 0x00	; 0
     c5c:	57 01       	movw	r10, r14
     c5e:	68 01       	movw	r12, r16
     c60:	a8 2a       	or	r10, r24
     c62:	b9 2a       	or	r11, r25
     c64:	ca 2a       	or	r12, r26
     c66:	db 2a       	or	r13, r27
     c68:	a2 16       	cp	r10, r18
     c6a:	b3 06       	cpc	r11, r19
     c6c:	c4 06       	cpc	r12, r20
     c6e:	d5 06       	cpc	r13, r21
     c70:	00 f5       	brcc	.+64     	; 0xcb2 <__stack+0x453>
     c72:	08 94       	sec
     c74:	61 08       	sbc	r6, r1
     c76:	71 08       	sbc	r7, r1
     c78:	81 08       	sbc	r8, r1
     c7a:	91 08       	sbc	r9, r1
     c7c:	6d a1       	ldd	r22, Y+37	; 0x25
     c7e:	7e a1       	ldd	r23, Y+38	; 0x26
     c80:	8f a1       	ldd	r24, Y+39	; 0x27
     c82:	98 a5       	ldd	r25, Y+40	; 0x28
     c84:	a6 0e       	add	r10, r22
     c86:	b7 1e       	adc	r11, r23
     c88:	c8 1e       	adc	r12, r24
     c8a:	d9 1e       	adc	r13, r25
     c8c:	a6 16       	cp	r10, r22
     c8e:	b7 06       	cpc	r11, r23
     c90:	c8 06       	cpc	r12, r24
     c92:	d9 06       	cpc	r13, r25
     c94:	70 f0       	brcs	.+28     	; 0xcb2 <__stack+0x453>
     c96:	a2 16       	cp	r10, r18
     c98:	b3 06       	cpc	r11, r19
     c9a:	c4 06       	cpc	r12, r20
     c9c:	d5 06       	cpc	r13, r21
     c9e:	48 f4       	brcc	.+18     	; 0xcb2 <__stack+0x453>
     ca0:	08 94       	sec
     ca2:	61 08       	sbc	r6, r1
     ca4:	71 08       	sbc	r7, r1
     ca6:	81 08       	sbc	r8, r1
     ca8:	91 08       	sbc	r9, r1
     caa:	a6 0e       	add	r10, r22
     cac:	b7 1e       	adc	r11, r23
     cae:	c8 1e       	adc	r12, r24
     cb0:	d9 1e       	adc	r13, r25
     cb2:	d6 01       	movw	r26, r12
     cb4:	c5 01       	movw	r24, r10
     cb6:	82 1b       	sub	r24, r18
     cb8:	93 0b       	sbc	r25, r19
     cba:	a4 0b       	sbc	r26, r20
     cbc:	b5 0b       	sbc	r27, r21
     cbe:	89 8f       	std	Y+25, r24	; 0x19
     cc0:	9a 8f       	std	Y+26, r25	; 0x1a
     cc2:	ab 8f       	std	Y+27, r26	; 0x1b
     cc4:	bc 8f       	std	Y+28, r27	; 0x1c
     cc6:	d1 01       	movw	r26, r2
     cc8:	99 27       	eor	r25, r25
     cca:	88 27       	eor	r24, r24
     ccc:	64 01       	movw	r12, r8
     cce:	53 01       	movw	r10, r6
     cd0:	a8 2a       	or	r10, r24
     cd2:	b9 2a       	or	r11, r25
     cd4:	ca 2a       	or	r12, r26
     cd6:	db 2a       	or	r13, r27
     cd8:	a9 aa       	std	Y+49, r10	; 0x31
     cda:	ba aa       	std	Y+50, r11	; 0x32
     cdc:	cb aa       	std	Y+51, r12	; 0x33
     cde:	dc aa       	std	Y+52, r13	; 0x34
     ce0:	86 01       	movw	r16, r12
     ce2:	75 01       	movw	r14, r10
     ce4:	2f ef       	ldi	r18, 0xFF	; 255
     ce6:	3f ef       	ldi	r19, 0xFF	; 255
     ce8:	40 e0       	ldi	r20, 0x00	; 0
     cea:	50 e0       	ldi	r21, 0x00	; 0
     cec:	e2 22       	and	r14, r18
     cee:	f3 22       	and	r15, r19
     cf0:	04 23       	and	r16, r20
     cf2:	15 23       	and	r17, r21
     cf4:	a6 01       	movw	r20, r12
     cf6:	66 27       	eor	r22, r22
     cf8:	77 27       	eor	r23, r23
     cfa:	6d 96       	adiw	r28, 0x1d	; 29
     cfc:	4c af       	std	Y+60, r20	; 0x3c
     cfe:	5d af       	std	Y+61, r21	; 0x3d
     d00:	6e af       	std	Y+62, r22	; 0x3e
     d02:	7f af       	std	Y+63, r23	; 0x3f
     d04:	6d 97       	sbiw	r28, 0x1d	; 29
     d06:	a9 a0       	ldd	r10, Y+33	; 0x21
     d08:	ba a0       	ldd	r11, Y+34	; 0x22
     d0a:	cb a0       	ldd	r12, Y+35	; 0x23
     d0c:	dc a0       	ldd	r13, Y+36	; 0x24
     d0e:	6f ef       	ldi	r22, 0xFF	; 255
     d10:	7f ef       	ldi	r23, 0xFF	; 255
     d12:	80 e0       	ldi	r24, 0x00	; 0
     d14:	90 e0       	ldi	r25, 0x00	; 0
     d16:	a6 22       	and	r10, r22
     d18:	b7 22       	and	r11, r23
     d1a:	c8 22       	and	r12, r24
     d1c:	d9 22       	and	r13, r25
     d1e:	89 a1       	ldd	r24, Y+33	; 0x21
     d20:	9a a1       	ldd	r25, Y+34	; 0x22
     d22:	ab a1       	ldd	r26, Y+35	; 0x23
     d24:	bc a1       	ldd	r27, Y+36	; 0x24
     d26:	1d 01       	movw	r2, r26
     d28:	44 24       	eor	r4, r4
     d2a:	55 24       	eor	r5, r5
     d2c:	c8 01       	movw	r24, r16
     d2e:	b7 01       	movw	r22, r14
     d30:	a6 01       	movw	r20, r12
     d32:	95 01       	movw	r18, r10
     d34:	0e 94 74 24 	call	0x48e8	; 0x48e8 <__mulsi3>
     d38:	69 96       	adiw	r28, 0x19	; 25
     d3a:	6c af       	std	Y+60, r22	; 0x3c
     d3c:	7d af       	std	Y+61, r23	; 0x3d
     d3e:	8e af       	std	Y+62, r24	; 0x3e
     d40:	9f af       	std	Y+63, r25	; 0x3f
     d42:	69 97       	sbiw	r28, 0x19	; 25
     d44:	c8 01       	movw	r24, r16
     d46:	b7 01       	movw	r22, r14
     d48:	a2 01       	movw	r20, r4
     d4a:	91 01       	movw	r18, r2
     d4c:	0e 94 74 24 	call	0x48e8	; 0x48e8 <__mulsi3>
     d50:	3b 01       	movw	r6, r22
     d52:	4c 01       	movw	r8, r24
     d54:	6d 96       	adiw	r28, 0x1d	; 29
     d56:	6c ad       	ldd	r22, Y+60	; 0x3c
     d58:	7d ad       	ldd	r23, Y+61	; 0x3d
     d5a:	8e ad       	ldd	r24, Y+62	; 0x3e
     d5c:	9f ad       	ldd	r25, Y+63	; 0x3f
     d5e:	6d 97       	sbiw	r28, 0x1d	; 29
     d60:	a6 01       	movw	r20, r12
     d62:	95 01       	movw	r18, r10
     d64:	0e 94 74 24 	call	0x48e8	; 0x48e8 <__mulsi3>
     d68:	7b 01       	movw	r14, r22
     d6a:	8c 01       	movw	r16, r24
     d6c:	6d 96       	adiw	r28, 0x1d	; 29
     d6e:	6c ad       	ldd	r22, Y+60	; 0x3c
     d70:	7d ad       	ldd	r23, Y+61	; 0x3d
     d72:	8e ad       	ldd	r24, Y+62	; 0x3e
     d74:	9f ad       	ldd	r25, Y+63	; 0x3f
     d76:	6d 97       	sbiw	r28, 0x1d	; 29
     d78:	a2 01       	movw	r20, r4
     d7a:	91 01       	movw	r18, r2
     d7c:	0e 94 74 24 	call	0x48e8	; 0x48e8 <__mulsi3>
     d80:	5b 01       	movw	r10, r22
     d82:	6c 01       	movw	r12, r24
     d84:	a8 01       	movw	r20, r16
     d86:	97 01       	movw	r18, r14
     d88:	26 0d       	add	r18, r6
     d8a:	37 1d       	adc	r19, r7
     d8c:	48 1d       	adc	r20, r8
     d8e:	59 1d       	adc	r21, r9
     d90:	69 96       	adiw	r28, 0x19	; 25
     d92:	6c ac       	ldd	r6, Y+60	; 0x3c
     d94:	7d ac       	ldd	r7, Y+61	; 0x3d
     d96:	8e ac       	ldd	r8, Y+62	; 0x3e
     d98:	9f ac       	ldd	r9, Y+63	; 0x3f
     d9a:	69 97       	sbiw	r28, 0x19	; 25
     d9c:	c4 01       	movw	r24, r8
     d9e:	aa 27       	eor	r26, r26
     da0:	bb 27       	eor	r27, r27
     da2:	28 0f       	add	r18, r24
     da4:	39 1f       	adc	r19, r25
     da6:	4a 1f       	adc	r20, r26
     da8:	5b 1f       	adc	r21, r27
     daa:	2e 15       	cp	r18, r14
     dac:	3f 05       	cpc	r19, r15
     dae:	40 07       	cpc	r20, r16
     db0:	51 07       	cpc	r21, r17
     db2:	48 f4       	brcc	.+18     	; 0xdc6 <__stack+0x567>
     db4:	e1 2c       	mov	r14, r1
     db6:	f1 2c       	mov	r15, r1
     db8:	61 e0       	ldi	r22, 0x01	; 1
     dba:	06 2f       	mov	r16, r22
     dbc:	11 2d       	mov	r17, r1
     dbe:	ae 0c       	add	r10, r14
     dc0:	bf 1c       	adc	r11, r15
     dc2:	c0 1e       	adc	r12, r16
     dc4:	d1 1e       	adc	r13, r17
     dc6:	ca 01       	movw	r24, r20
     dc8:	aa 27       	eor	r26, r26
     dca:	bb 27       	eor	r27, r27
     dcc:	bc 01       	movw	r22, r24
     dce:	cd 01       	movw	r24, r26
     dd0:	6a 0d       	add	r22, r10
     dd2:	7b 1d       	adc	r23, r11
     dd4:	8c 1d       	adc	r24, r12
     dd6:	9d 1d       	adc	r25, r13
     dd8:	69 8c       	ldd	r6, Y+25	; 0x19
     dda:	7a 8c       	ldd	r7, Y+26	; 0x1a
     ddc:	8b 8c       	ldd	r8, Y+27	; 0x1b
     dde:	9c 8c       	ldd	r9, Y+28	; 0x1c
     de0:	66 16       	cp	r6, r22
     de2:	77 06       	cpc	r7, r23
     de4:	88 06       	cpc	r8, r24
     de6:	99 06       	cpc	r9, r25
     de8:	40 f1       	brcs	.+80     	; 0xe3a <__stack+0x5db>
     dea:	66 15       	cp	r22, r6
     dec:	77 05       	cpc	r23, r7
     dee:	88 05       	cpc	r24, r8
     df0:	99 05       	cpc	r25, r9
     df2:	09 f0       	breq	.+2      	; 0xdf6 <__stack+0x597>
     df4:	43 c0       	rjmp	.+134    	; 0xe7c <__stack+0x61d>
     df6:	d9 01       	movw	r26, r18
     df8:	99 27       	eor	r25, r25
     dfa:	88 27       	eor	r24, r24
     dfc:	69 96       	adiw	r28, 0x19	; 25
     dfe:	2c ad       	ldd	r18, Y+60	; 0x3c
     e00:	3d ad       	ldd	r19, Y+61	; 0x3d
     e02:	4e ad       	ldd	r20, Y+62	; 0x3e
     e04:	5f ad       	ldd	r21, Y+63	; 0x3f
     e06:	69 97       	sbiw	r28, 0x19	; 25
     e08:	40 70       	andi	r20, 0x00	; 0
     e0a:	50 70       	andi	r21, 0x00	; 0
     e0c:	82 0f       	add	r24, r18
     e0e:	93 1f       	adc	r25, r19
     e10:	a4 1f       	adc	r26, r20
     e12:	b5 1f       	adc	r27, r21
     e14:	2d a5       	ldd	r18, Y+45	; 0x2d
     e16:	3e a5       	ldd	r19, Y+46	; 0x2e
     e18:	4f a5       	ldd	r20, Y+47	; 0x2f
     e1a:	58 a9       	ldd	r21, Y+48	; 0x30
     e1c:	6e 96       	adiw	r28, 0x1e	; 30
     e1e:	0f ac       	ldd	r0, Y+63	; 0x3f
     e20:	6e 97       	sbiw	r28, 0x1e	; 30
     e22:	04 c0       	rjmp	.+8      	; 0xe2c <__stack+0x5cd>
     e24:	22 0f       	add	r18, r18
     e26:	33 1f       	adc	r19, r19
     e28:	44 1f       	adc	r20, r20
     e2a:	55 1f       	adc	r21, r21
     e2c:	0a 94       	dec	r0
     e2e:	d2 f7       	brpl	.-12     	; 0xe24 <__stack+0x5c5>
     e30:	28 17       	cp	r18, r24
     e32:	39 07       	cpc	r19, r25
     e34:	4a 07       	cpc	r20, r26
     e36:	5b 07       	cpc	r21, r27
     e38:	08 f5       	brcc	.+66     	; 0xe7c <__stack+0x61d>
     e3a:	09 a9       	ldd	r16, Y+49	; 0x31
     e3c:	1a a9       	ldd	r17, Y+50	; 0x32
     e3e:	2b a9       	ldd	r18, Y+51	; 0x33
     e40:	3c a9       	ldd	r19, Y+52	; 0x34
     e42:	01 50       	subi	r16, 0x01	; 1
     e44:	10 40       	sbci	r17, 0x00	; 0
     e46:	20 40       	sbci	r18, 0x00	; 0
     e48:	30 40       	sbci	r19, 0x00	; 0
     e4a:	09 ab       	std	Y+49, r16	; 0x31
     e4c:	1a ab       	std	Y+50, r17	; 0x32
     e4e:	2b ab       	std	Y+51, r18	; 0x33
     e50:	3c ab       	std	Y+52, r19	; 0x34
     e52:	14 c0       	rjmp	.+40     	; 0xe7c <__stack+0x61d>
     e54:	66 24       	eor	r6, r6
     e56:	77 24       	eor	r7, r7
     e58:	43 01       	movw	r8, r6
     e5a:	21 e0       	ldi	r18, 0x01	; 1
     e5c:	30 e0       	ldi	r19, 0x00	; 0
     e5e:	40 e0       	ldi	r20, 0x00	; 0
     e60:	50 e0       	ldi	r21, 0x00	; 0
     e62:	29 ab       	std	Y+49, r18	; 0x31
     e64:	3a ab       	std	Y+50, r19	; 0x32
     e66:	4b ab       	std	Y+51, r20	; 0x33
     e68:	5c ab       	std	Y+52, r21	; 0x34
     e6a:	0b c0       	rjmp	.+22     	; 0xe82 <__stack+0x623>
     e6c:	66 24       	eor	r6, r6
     e6e:	77 24       	eor	r7, r7
     e70:	43 01       	movw	r8, r6
     e72:	19 aa       	std	Y+49, r1	; 0x31
     e74:	1a aa       	std	Y+50, r1	; 0x32
     e76:	1b aa       	std	Y+51, r1	; 0x33
     e78:	1c aa       	std	Y+52, r1	; 0x34
     e7a:	03 c0       	rjmp	.+6      	; 0xe82 <__stack+0x623>
     e7c:	66 24       	eor	r6, r6
     e7e:	77 24       	eor	r7, r7
     e80:	43 01       	movw	r8, r6
     e82:	fe 01       	movw	r30, r28
     e84:	71 96       	adiw	r30, 0x11	; 17
     e86:	88 e0       	ldi	r24, 0x08	; 8
     e88:	df 01       	movw	r26, r30
     e8a:	1d 92       	st	X+, r1
     e8c:	8a 95       	dec	r24
     e8e:	e9 f7       	brne	.-6      	; 0xe8a <__stack+0x62b>
     e90:	a9 a8       	ldd	r10, Y+49	; 0x31
     e92:	ba a8       	ldd	r11, Y+50	; 0x32
     e94:	cb a8       	ldd	r12, Y+51	; 0x33
     e96:	dc a8       	ldd	r13, Y+52	; 0x34
     e98:	a9 8a       	std	Y+17, r10	; 0x11
     e9a:	ba 8a       	std	Y+18, r11	; 0x12
     e9c:	cb 8a       	std	Y+19, r12	; 0x13
     e9e:	dc 8a       	std	Y+20, r13	; 0x14
     ea0:	6d 8a       	std	Y+21, r6	; 0x15
     ea2:	7e 8a       	std	Y+22, r7	; 0x16
     ea4:	8f 8a       	std	Y+23, r8	; 0x17
     ea6:	98 8e       	std	Y+24, r9	; 0x18
     ea8:	29 a9       	ldd	r18, Y+49	; 0x31
     eaa:	3a 89       	ldd	r19, Y+18	; 0x12
     eac:	4b 89       	ldd	r20, Y+19	; 0x13
     eae:	5c 89       	ldd	r21, Y+20	; 0x14
     eb0:	66 2d       	mov	r22, r6
     eb2:	7e 89       	ldd	r23, Y+22	; 0x16
     eb4:	8f 89       	ldd	r24, Y+23	; 0x17
     eb6:	98 8d       	ldd	r25, Y+24	; 0x18
     eb8:	c2 5a       	subi	r28, 0xA2	; 162
     eba:	df 4f       	sbci	r29, 0xFF	; 255
     ebc:	e2 e1       	ldi	r30, 0x12	; 18
     ebe:	0c 94 d1 24 	jmp	0x49a2	; 0x49a2 <__epilogue_restores__>

00000ec2 <__umoddi3>:
     ec2:	ab e5       	ldi	r26, 0x5B	; 91
     ec4:	b0 e0       	ldi	r27, 0x00	; 0
     ec6:	e7 e6       	ldi	r30, 0x67	; 103
     ec8:	f7 e0       	ldi	r31, 0x07	; 7
     eca:	0c 94 b5 24 	jmp	0x496a	; 0x496a <__prologue_saves__>
     ece:	a8 e0       	ldi	r26, 0x08	; 8
     ed0:	4e 01       	movw	r8, r28
     ed2:	08 94       	sec
     ed4:	81 1c       	adc	r8, r1
     ed6:	91 1c       	adc	r9, r1
     ed8:	f4 01       	movw	r30, r8
     eda:	6a 2e       	mov	r6, r26
     edc:	11 92       	st	Z+, r1
     ede:	6a 94       	dec	r6
     ee0:	e9 f7       	brne	.-6      	; 0xedc <__umoddi3+0x1a>
     ee2:	29 83       	std	Y+1, r18	; 0x01
     ee4:	3a 83       	std	Y+2, r19	; 0x02
     ee6:	4b 83       	std	Y+3, r20	; 0x03
     ee8:	5c 83       	std	Y+4, r21	; 0x04
     eea:	6d 83       	std	Y+5, r22	; 0x05
     eec:	7e 83       	std	Y+6, r23	; 0x06
     eee:	8f 83       	std	Y+7, r24	; 0x07
     ef0:	98 87       	std	Y+8, r25	; 0x08
     ef2:	ce 01       	movw	r24, r28
     ef4:	09 96       	adiw	r24, 0x09	; 9
     ef6:	fc 01       	movw	r30, r24
     ef8:	11 92       	st	Z+, r1
     efa:	aa 95       	dec	r26
     efc:	e9 f7       	brne	.-6      	; 0xef8 <__umoddi3+0x36>
     efe:	a9 86       	std	Y+9, r10	; 0x09
     f00:	ba 86       	std	Y+10, r11	; 0x0a
     f02:	cb 86       	std	Y+11, r12	; 0x0b
     f04:	dc 86       	std	Y+12, r13	; 0x0c
     f06:	ed 86       	std	Y+13, r14	; 0x0d
     f08:	fe 86       	std	Y+14, r15	; 0x0e
     f0a:	0f 87       	std	Y+15, r16	; 0x0f
     f0c:	18 8b       	std	Y+16, r17	; 0x10
     f0e:	29 84       	ldd	r2, Y+9	; 0x09
     f10:	3a 84       	ldd	r3, Y+10	; 0x0a
     f12:	4b 84       	ldd	r4, Y+11	; 0x0b
     f14:	5c 84       	ldd	r5, Y+12	; 0x0c
     f16:	ad 84       	ldd	r10, Y+13	; 0x0d
     f18:	be 84       	ldd	r11, Y+14	; 0x0e
     f1a:	cf 84       	ldd	r12, Y+15	; 0x0f
     f1c:	d8 88       	ldd	r13, Y+16	; 0x10
     f1e:	29 81       	ldd	r18, Y+1	; 0x01
     f20:	3a 81       	ldd	r19, Y+2	; 0x02
     f22:	4b 81       	ldd	r20, Y+3	; 0x03
     f24:	5c 81       	ldd	r21, Y+4	; 0x04
     f26:	69 96       	adiw	r28, 0x19	; 25
     f28:	2f af       	std	Y+63, r18	; 0x3f
     f2a:	69 97       	sbiw	r28, 0x19	; 25
     f2c:	6a 96       	adiw	r28, 0x1a	; 26
     f2e:	3f af       	std	Y+63, r19	; 0x3f
     f30:	6a 97       	sbiw	r28, 0x1a	; 26
     f32:	6b 96       	adiw	r28, 0x1b	; 27
     f34:	4f af       	std	Y+63, r20	; 0x3f
     f36:	6b 97       	sbiw	r28, 0x1b	; 27
     f38:	6c 96       	adiw	r28, 0x1c	; 28
     f3a:	5f af       	std	Y+63, r21	; 0x3f
     f3c:	6c 97       	sbiw	r28, 0x1c	; 28
     f3e:	6c 96       	adiw	r28, 0x1c	; 28
     f40:	6c ac       	ldd	r6, Y+60	; 0x3c
     f42:	7d ac       	ldd	r7, Y+61	; 0x3d
     f44:	8e ac       	ldd	r8, Y+62	; 0x3e
     f46:	9f ac       	ldd	r9, Y+63	; 0x3f
     f48:	6c 97       	sbiw	r28, 0x1c	; 28
     f4a:	69 aa       	std	Y+49, r6	; 0x31
     f4c:	7a aa       	std	Y+50, r7	; 0x32
     f4e:	8b aa       	std	Y+51, r8	; 0x33
     f50:	9c aa       	std	Y+52, r9	; 0x34
     f52:	6d 81       	ldd	r22, Y+5	; 0x05
     f54:	7e 81       	ldd	r23, Y+6	; 0x06
     f56:	8f 81       	ldd	r24, Y+7	; 0x07
     f58:	98 85       	ldd	r25, Y+8	; 0x08
     f5a:	3b 01       	movw	r6, r22
     f5c:	4c 01       	movw	r8, r24
     f5e:	6d aa       	std	Y+53, r6	; 0x35
     f60:	7e aa       	std	Y+54, r7	; 0x36
     f62:	8f aa       	std	Y+55, r8	; 0x37
     f64:	98 ae       	std	Y+56, r9	; 0x38
     f66:	a1 14       	cp	r10, r1
     f68:	b1 04       	cpc	r11, r1
     f6a:	c1 04       	cpc	r12, r1
     f6c:	d1 04       	cpc	r13, r1
     f6e:	09 f0       	breq	.+2      	; 0xf72 <__umoddi3+0xb0>
     f70:	04 c3       	rjmp	.+1544   	; 0x157a <__umoddi3+0x6b8>
     f72:	62 14       	cp	r6, r2
     f74:	73 04       	cpc	r7, r3
     f76:	84 04       	cpc	r8, r4
     f78:	95 04       	cpc	r9, r5
     f7a:	08 f0       	brcs	.+2      	; 0xf7e <__umoddi3+0xbc>
     f7c:	00 c1       	rjmp	.+512    	; 0x117e <__umoddi3+0x2bc>
     f7e:	00 e0       	ldi	r16, 0x00	; 0
     f80:	20 16       	cp	r2, r16
     f82:	00 e0       	ldi	r16, 0x00	; 0
     f84:	30 06       	cpc	r3, r16
     f86:	01 e0       	ldi	r16, 0x01	; 1
     f88:	40 06       	cpc	r4, r16
     f8a:	00 e0       	ldi	r16, 0x00	; 0
     f8c:	50 06       	cpc	r5, r16
     f8e:	88 f4       	brcc	.+34     	; 0xfb2 <__umoddi3+0xf0>
     f90:	1f ef       	ldi	r17, 0xFF	; 255
     f92:	21 16       	cp	r2, r17
     f94:	31 04       	cpc	r3, r1
     f96:	41 04       	cpc	r4, r1
     f98:	51 04       	cpc	r5, r1
     f9a:	39 f0       	breq	.+14     	; 0xfaa <__umoddi3+0xe8>
     f9c:	30 f0       	brcs	.+12     	; 0xfaa <__umoddi3+0xe8>
     f9e:	88 e0       	ldi	r24, 0x08	; 8
     fa0:	e8 2e       	mov	r14, r24
     fa2:	f1 2c       	mov	r15, r1
     fa4:	01 2d       	mov	r16, r1
     fa6:	11 2d       	mov	r17, r1
     fa8:	18 c0       	rjmp	.+48     	; 0xfda <__umoddi3+0x118>
     faa:	ee 24       	eor	r14, r14
     fac:	ff 24       	eor	r15, r15
     fae:	87 01       	movw	r16, r14
     fb0:	14 c0       	rjmp	.+40     	; 0xfda <__umoddi3+0x118>
     fb2:	40 e0       	ldi	r20, 0x00	; 0
     fb4:	24 16       	cp	r2, r20
     fb6:	40 e0       	ldi	r20, 0x00	; 0
     fb8:	34 06       	cpc	r3, r20
     fba:	40 e0       	ldi	r20, 0x00	; 0
     fbc:	44 06       	cpc	r4, r20
     fbe:	41 e0       	ldi	r20, 0x01	; 1
     fc0:	54 06       	cpc	r5, r20
     fc2:	30 f0       	brcs	.+12     	; 0xfd0 <__umoddi3+0x10e>
     fc4:	b8 e1       	ldi	r27, 0x18	; 24
     fc6:	eb 2e       	mov	r14, r27
     fc8:	f1 2c       	mov	r15, r1
     fca:	01 2d       	mov	r16, r1
     fcc:	11 2d       	mov	r17, r1
     fce:	05 c0       	rjmp	.+10     	; 0xfda <__umoddi3+0x118>
     fd0:	a0 e1       	ldi	r26, 0x10	; 16
     fd2:	ea 2e       	mov	r14, r26
     fd4:	f1 2c       	mov	r15, r1
     fd6:	01 2d       	mov	r16, r1
     fd8:	11 2d       	mov	r17, r1
     fda:	d2 01       	movw	r26, r4
     fdc:	c1 01       	movw	r24, r2
     fde:	0e 2c       	mov	r0, r14
     fe0:	04 c0       	rjmp	.+8      	; 0xfea <__umoddi3+0x128>
     fe2:	b6 95       	lsr	r27
     fe4:	a7 95       	ror	r26
     fe6:	97 95       	ror	r25
     fe8:	87 95       	ror	r24
     fea:	0a 94       	dec	r0
     fec:	d2 f7       	brpl	.-12     	; 0xfe2 <__umoddi3+0x120>
     fee:	88 59       	subi	r24, 0x98	; 152
     ff0:	9f 4f       	sbci	r25, 0xFF	; 255
     ff2:	dc 01       	movw	r26, r24
     ff4:	2c 91       	ld	r18, X
     ff6:	80 e2       	ldi	r24, 0x20	; 32
     ff8:	90 e0       	ldi	r25, 0x00	; 0
     ffa:	a0 e0       	ldi	r26, 0x00	; 0
     ffc:	b0 e0       	ldi	r27, 0x00	; 0
     ffe:	8e 19       	sub	r24, r14
    1000:	9f 09       	sbc	r25, r15
    1002:	a0 0b       	sbc	r26, r16
    1004:	b1 0b       	sbc	r27, r17
    1006:	5c 01       	movw	r10, r24
    1008:	6d 01       	movw	r12, r26
    100a:	a2 1a       	sub	r10, r18
    100c:	b1 08       	sbc	r11, r1
    100e:	c1 08       	sbc	r12, r1
    1010:	d1 08       	sbc	r13, r1
    1012:	a9 ae       	std	Y+57, r10	; 0x39
    1014:	ba ae       	std	Y+58, r11	; 0x3a
    1016:	cb ae       	std	Y+59, r12	; 0x3b
    1018:	dc ae       	std	Y+60, r13	; 0x3c
    101a:	a1 14       	cp	r10, r1
    101c:	b1 04       	cpc	r11, r1
    101e:	c1 04       	cpc	r12, r1
    1020:	d1 04       	cpc	r13, r1
    1022:	09 f4       	brne	.+2      	; 0x1026 <__umoddi3+0x164>
    1024:	3f c0       	rjmp	.+126    	; 0x10a4 <__umoddi3+0x1e2>
    1026:	69 ad       	ldd	r22, Y+57	; 0x39
    1028:	06 2e       	mov	r0, r22
    102a:	04 c0       	rjmp	.+8      	; 0x1034 <__umoddi3+0x172>
    102c:	22 0c       	add	r2, r2
    102e:	33 1c       	adc	r3, r3
    1030:	44 1c       	adc	r4, r4
    1032:	55 1c       	adc	r5, r5
    1034:	0a 94       	dec	r0
    1036:	d2 f7       	brpl	.-12     	; 0x102c <__umoddi3+0x16a>
    1038:	a4 01       	movw	r20, r8
    103a:	93 01       	movw	r18, r6
    103c:	06 2e       	mov	r0, r22
    103e:	04 c0       	rjmp	.+8      	; 0x1048 <__umoddi3+0x186>
    1040:	22 0f       	add	r18, r18
    1042:	33 1f       	adc	r19, r19
    1044:	44 1f       	adc	r20, r20
    1046:	55 1f       	adc	r21, r21
    1048:	0a 94       	dec	r0
    104a:	d2 f7       	brpl	.-12     	; 0x1040 <__umoddi3+0x17e>
    104c:	80 e2       	ldi	r24, 0x20	; 32
    104e:	90 e0       	ldi	r25, 0x00	; 0
    1050:	8a 19       	sub	r24, r10
    1052:	9b 09       	sbc	r25, r11
    1054:	6c 96       	adiw	r28, 0x1c	; 28
    1056:	cc ac       	ldd	r12, Y+60	; 0x3c
    1058:	dd ac       	ldd	r13, Y+61	; 0x3d
    105a:	ee ac       	ldd	r14, Y+62	; 0x3e
    105c:	ff ac       	ldd	r15, Y+63	; 0x3f
    105e:	6c 97       	sbiw	r28, 0x1c	; 28
    1060:	04 c0       	rjmp	.+8      	; 0x106a <__umoddi3+0x1a8>
    1062:	f6 94       	lsr	r15
    1064:	e7 94       	ror	r14
    1066:	d7 94       	ror	r13
    1068:	c7 94       	ror	r12
    106a:	8a 95       	dec	r24
    106c:	d2 f7       	brpl	.-12     	; 0x1062 <__umoddi3+0x1a0>
    106e:	87 01       	movw	r16, r14
    1070:	76 01       	movw	r14, r12
    1072:	e2 2a       	or	r14, r18
    1074:	f3 2a       	or	r15, r19
    1076:	04 2b       	or	r16, r20
    1078:	15 2b       	or	r17, r21
    107a:	ed aa       	std	Y+53, r14	; 0x35
    107c:	fe aa       	std	Y+54, r15	; 0x36
    107e:	0f ab       	std	Y+55, r16	; 0x37
    1080:	18 af       	std	Y+56, r17	; 0x38
    1082:	6c 96       	adiw	r28, 0x1c	; 28
    1084:	8c ad       	ldd	r24, Y+60	; 0x3c
    1086:	9d ad       	ldd	r25, Y+61	; 0x3d
    1088:	ae ad       	ldd	r26, Y+62	; 0x3e
    108a:	bf ad       	ldd	r27, Y+63	; 0x3f
    108c:	6c 97       	sbiw	r28, 0x1c	; 28
    108e:	04 c0       	rjmp	.+8      	; 0x1098 <__umoddi3+0x1d6>
    1090:	88 0f       	add	r24, r24
    1092:	99 1f       	adc	r25, r25
    1094:	aa 1f       	adc	r26, r26
    1096:	bb 1f       	adc	r27, r27
    1098:	6a 95       	dec	r22
    109a:	d2 f7       	brpl	.-12     	; 0x1090 <__umoddi3+0x1ce>
    109c:	89 ab       	std	Y+49, r24	; 0x31
    109e:	9a ab       	std	Y+50, r25	; 0x32
    10a0:	ab ab       	std	Y+51, r26	; 0x33
    10a2:	bc ab       	std	Y+52, r27	; 0x34
    10a4:	32 01       	movw	r6, r4
    10a6:	88 24       	eor	r8, r8
    10a8:	99 24       	eor	r9, r9
    10aa:	b2 01       	movw	r22, r4
    10ac:	a1 01       	movw	r20, r2
    10ae:	60 70       	andi	r22, 0x00	; 0
    10b0:	70 70       	andi	r23, 0x00	; 0
    10b2:	21 96       	adiw	r28, 0x01	; 1
    10b4:	4c af       	std	Y+60, r20	; 0x3c
    10b6:	5d af       	std	Y+61, r21	; 0x3d
    10b8:	6e af       	std	Y+62, r22	; 0x3e
    10ba:	7f af       	std	Y+63, r23	; 0x3f
    10bc:	21 97       	sbiw	r28, 0x01	; 1
    10be:	6d a9       	ldd	r22, Y+53	; 0x35
    10c0:	7e a9       	ldd	r23, Y+54	; 0x36
    10c2:	8f a9       	ldd	r24, Y+55	; 0x37
    10c4:	98 ad       	ldd	r25, Y+56	; 0x38
    10c6:	a4 01       	movw	r20, r8
    10c8:	93 01       	movw	r18, r6
    10ca:	0e 94 93 24 	call	0x4926	; 0x4926 <__udivmodsi4>
    10ce:	7b 01       	movw	r14, r22
    10d0:	8c 01       	movw	r16, r24
    10d2:	6d a9       	ldd	r22, Y+53	; 0x35
    10d4:	7e a9       	ldd	r23, Y+54	; 0x36
    10d6:	8f a9       	ldd	r24, Y+55	; 0x37
    10d8:	98 ad       	ldd	r25, Y+56	; 0x38
    10da:	a4 01       	movw	r20, r8
    10dc:	93 01       	movw	r18, r6
    10de:	0e 94 93 24 	call	0x4926	; 0x4926 <__udivmodsi4>
    10e2:	ca 01       	movw	r24, r20
    10e4:	b9 01       	movw	r22, r18
    10e6:	21 96       	adiw	r28, 0x01	; 1
    10e8:	2c ad       	ldd	r18, Y+60	; 0x3c
    10ea:	3d ad       	ldd	r19, Y+61	; 0x3d
    10ec:	4e ad       	ldd	r20, Y+62	; 0x3e
    10ee:	5f ad       	ldd	r21, Y+63	; 0x3f
    10f0:	21 97       	sbiw	r28, 0x01	; 1
    10f2:	0e 94 74 24 	call	0x48e8	; 0x48e8 <__mulsi3>
    10f6:	9b 01       	movw	r18, r22
    10f8:	ac 01       	movw	r20, r24
    10fa:	87 01       	movw	r16, r14
    10fc:	ff 24       	eor	r15, r15
    10fe:	ee 24       	eor	r14, r14
    1100:	a9 a8       	ldd	r10, Y+49	; 0x31
    1102:	ba a8       	ldd	r11, Y+50	; 0x32
    1104:	cb a8       	ldd	r12, Y+51	; 0x33
    1106:	dc a8       	ldd	r13, Y+52	; 0x34
    1108:	c6 01       	movw	r24, r12
    110a:	aa 27       	eor	r26, r26
    110c:	bb 27       	eor	r27, r27
    110e:	57 01       	movw	r10, r14
    1110:	68 01       	movw	r12, r16
    1112:	a8 2a       	or	r10, r24
    1114:	b9 2a       	or	r11, r25
    1116:	ca 2a       	or	r12, r26
    1118:	db 2a       	or	r13, r27
    111a:	a2 16       	cp	r10, r18
    111c:	b3 06       	cpc	r11, r19
    111e:	c4 06       	cpc	r12, r20
    1120:	d5 06       	cpc	r13, r21
    1122:	90 f4       	brcc	.+36     	; 0x1148 <__umoddi3+0x286>
    1124:	a2 0c       	add	r10, r2
    1126:	b3 1c       	adc	r11, r3
    1128:	c4 1c       	adc	r12, r4
    112a:	d5 1c       	adc	r13, r5
    112c:	a2 14       	cp	r10, r2
    112e:	b3 04       	cpc	r11, r3
    1130:	c4 04       	cpc	r12, r4
    1132:	d5 04       	cpc	r13, r5
    1134:	48 f0       	brcs	.+18     	; 0x1148 <__umoddi3+0x286>
    1136:	a2 16       	cp	r10, r18
    1138:	b3 06       	cpc	r11, r19
    113a:	c4 06       	cpc	r12, r20
    113c:	d5 06       	cpc	r13, r21
    113e:	20 f4       	brcc	.+8      	; 0x1148 <__umoddi3+0x286>
    1140:	a2 0c       	add	r10, r2
    1142:	b3 1c       	adc	r11, r3
    1144:	c4 1c       	adc	r12, r4
    1146:	d5 1c       	adc	r13, r5
    1148:	a2 1a       	sub	r10, r18
    114a:	b3 0a       	sbc	r11, r19
    114c:	c4 0a       	sbc	r12, r20
    114e:	d5 0a       	sbc	r13, r21
    1150:	c6 01       	movw	r24, r12
    1152:	b5 01       	movw	r22, r10
    1154:	a4 01       	movw	r20, r8
    1156:	93 01       	movw	r18, r6
    1158:	0e 94 93 24 	call	0x4926	; 0x4926 <__udivmodsi4>
    115c:	7b 01       	movw	r14, r22
    115e:	8c 01       	movw	r16, r24
    1160:	c6 01       	movw	r24, r12
    1162:	b5 01       	movw	r22, r10
    1164:	a4 01       	movw	r20, r8
    1166:	93 01       	movw	r18, r6
    1168:	0e 94 93 24 	call	0x4926	; 0x4926 <__udivmodsi4>
    116c:	ca 01       	movw	r24, r20
    116e:	b9 01       	movw	r22, r18
    1170:	21 96       	adiw	r28, 0x01	; 1
    1172:	2c ad       	ldd	r18, Y+60	; 0x3c
    1174:	3d ad       	ldd	r19, Y+61	; 0x3d
    1176:	4e ad       	ldd	r20, Y+62	; 0x3e
    1178:	5f ad       	ldd	r21, Y+63	; 0x3f
    117a:	21 97       	sbiw	r28, 0x01	; 1
    117c:	ba c1       	rjmp	.+884    	; 0x14f2 <__umoddi3+0x630>
    117e:	21 14       	cp	r2, r1
    1180:	31 04       	cpc	r3, r1
    1182:	41 04       	cpc	r4, r1
    1184:	51 04       	cpc	r5, r1
    1186:	71 f4       	brne	.+28     	; 0x11a4 <__umoddi3+0x2e2>
    1188:	61 e0       	ldi	r22, 0x01	; 1
    118a:	70 e0       	ldi	r23, 0x00	; 0
    118c:	80 e0       	ldi	r24, 0x00	; 0
    118e:	90 e0       	ldi	r25, 0x00	; 0
    1190:	20 e0       	ldi	r18, 0x00	; 0
    1192:	30 e0       	ldi	r19, 0x00	; 0
    1194:	40 e0       	ldi	r20, 0x00	; 0
    1196:	50 e0       	ldi	r21, 0x00	; 0
    1198:	0e 94 93 24 	call	0x4926	; 0x4926 <__udivmodsi4>
    119c:	c9 01       	movw	r24, r18
    119e:	da 01       	movw	r26, r20
    11a0:	1c 01       	movw	r2, r24
    11a2:	2d 01       	movw	r4, r26
    11a4:	00 e0       	ldi	r16, 0x00	; 0
    11a6:	20 16       	cp	r2, r16
    11a8:	00 e0       	ldi	r16, 0x00	; 0
    11aa:	30 06       	cpc	r3, r16
    11ac:	01 e0       	ldi	r16, 0x01	; 1
    11ae:	40 06       	cpc	r4, r16
    11b0:	00 e0       	ldi	r16, 0x00	; 0
    11b2:	50 06       	cpc	r5, r16
    11b4:	88 f4       	brcc	.+34     	; 0x11d8 <__umoddi3+0x316>
    11b6:	1f ef       	ldi	r17, 0xFF	; 255
    11b8:	21 16       	cp	r2, r17
    11ba:	31 04       	cpc	r3, r1
    11bc:	41 04       	cpc	r4, r1
    11be:	51 04       	cpc	r5, r1
    11c0:	39 f0       	breq	.+14     	; 0x11d0 <__umoddi3+0x30e>
    11c2:	30 f0       	brcs	.+12     	; 0x11d0 <__umoddi3+0x30e>
    11c4:	68 e0       	ldi	r22, 0x08	; 8
    11c6:	e6 2e       	mov	r14, r22
    11c8:	f1 2c       	mov	r15, r1
    11ca:	01 2d       	mov	r16, r1
    11cc:	11 2d       	mov	r17, r1
    11ce:	18 c0       	rjmp	.+48     	; 0x1200 <__umoddi3+0x33e>
    11d0:	ee 24       	eor	r14, r14
    11d2:	ff 24       	eor	r15, r15
    11d4:	87 01       	movw	r16, r14
    11d6:	14 c0       	rjmp	.+40     	; 0x1200 <__umoddi3+0x33e>
    11d8:	40 e0       	ldi	r20, 0x00	; 0
    11da:	24 16       	cp	r2, r20
    11dc:	40 e0       	ldi	r20, 0x00	; 0
    11de:	34 06       	cpc	r3, r20
    11e0:	40 e0       	ldi	r20, 0x00	; 0
    11e2:	44 06       	cpc	r4, r20
    11e4:	41 e0       	ldi	r20, 0x01	; 1
    11e6:	54 06       	cpc	r5, r20
    11e8:	30 f0       	brcs	.+12     	; 0x11f6 <__umoddi3+0x334>
    11ea:	58 e1       	ldi	r21, 0x18	; 24
    11ec:	e5 2e       	mov	r14, r21
    11ee:	f1 2c       	mov	r15, r1
    11f0:	01 2d       	mov	r16, r1
    11f2:	11 2d       	mov	r17, r1
    11f4:	05 c0       	rjmp	.+10     	; 0x1200 <__umoddi3+0x33e>
    11f6:	40 e1       	ldi	r20, 0x10	; 16
    11f8:	e4 2e       	mov	r14, r20
    11fa:	f1 2c       	mov	r15, r1
    11fc:	01 2d       	mov	r16, r1
    11fe:	11 2d       	mov	r17, r1
    1200:	d2 01       	movw	r26, r4
    1202:	c1 01       	movw	r24, r2
    1204:	0e 2c       	mov	r0, r14
    1206:	04 c0       	rjmp	.+8      	; 0x1210 <__umoddi3+0x34e>
    1208:	b6 95       	lsr	r27
    120a:	a7 95       	ror	r26
    120c:	97 95       	ror	r25
    120e:	87 95       	ror	r24
    1210:	0a 94       	dec	r0
    1212:	d2 f7       	brpl	.-12     	; 0x1208 <__umoddi3+0x346>
    1214:	88 59       	subi	r24, 0x98	; 152
    1216:	9f 4f       	sbci	r25, 0xFF	; 255
    1218:	dc 01       	movw	r26, r24
    121a:	2c 91       	ld	r18, X
    121c:	30 e2       	ldi	r19, 0x20	; 32
    121e:	a3 2e       	mov	r10, r19
    1220:	b1 2c       	mov	r11, r1
    1222:	c1 2c       	mov	r12, r1
    1224:	d1 2c       	mov	r13, r1
    1226:	d6 01       	movw	r26, r12
    1228:	c5 01       	movw	r24, r10
    122a:	8e 19       	sub	r24, r14
    122c:	9f 09       	sbc	r25, r15
    122e:	a0 0b       	sbc	r26, r16
    1230:	b1 0b       	sbc	r27, r17
    1232:	7c 01       	movw	r14, r24
    1234:	8d 01       	movw	r16, r26
    1236:	e2 1a       	sub	r14, r18
    1238:	f1 08       	sbc	r15, r1
    123a:	01 09       	sbc	r16, r1
    123c:	11 09       	sbc	r17, r1
    123e:	e9 ae       	std	Y+57, r14	; 0x39
    1240:	fa ae       	std	Y+58, r15	; 0x3a
    1242:	0b af       	std	Y+59, r16	; 0x3b
    1244:	1c af       	std	Y+60, r17	; 0x3c
    1246:	e1 14       	cp	r14, r1
    1248:	f1 04       	cpc	r15, r1
    124a:	01 05       	cpc	r16, r1
    124c:	11 05       	cpc	r17, r1
    124e:	39 f4       	brne	.+14     	; 0x125e <__umoddi3+0x39c>
    1250:	64 01       	movw	r12, r8
    1252:	53 01       	movw	r10, r6
    1254:	a2 18       	sub	r10, r2
    1256:	b3 08       	sbc	r11, r3
    1258:	c4 08       	sbc	r12, r4
    125a:	d5 08       	sbc	r13, r5
    125c:	e2 c0       	rjmp	.+452    	; 0x1422 <__umoddi3+0x560>
    125e:	f9 ac       	ldd	r15, Y+57	; 0x39
    1260:	68 96       	adiw	r28, 0x18	; 24
    1262:	ff ae       	std	Y+63, r15	; 0x3f
    1264:	68 97       	sbiw	r28, 0x18	; 24
    1266:	0f 2c       	mov	r0, r15
    1268:	04 c0       	rjmp	.+8      	; 0x1272 <__umoddi3+0x3b0>
    126a:	22 0c       	add	r2, r2
    126c:	33 1c       	adc	r3, r3
    126e:	44 1c       	adc	r4, r4
    1270:	55 1c       	adc	r5, r5
    1272:	0a 94       	dec	r0
    1274:	d2 f7       	brpl	.-12     	; 0x126a <__umoddi3+0x3a8>
    1276:	8a 2d       	mov	r24, r10
    1278:	8f 19       	sub	r24, r15
    127a:	64 01       	movw	r12, r8
    127c:	53 01       	movw	r10, r6
    127e:	08 2e       	mov	r0, r24
    1280:	04 c0       	rjmp	.+8      	; 0x128a <__umoddi3+0x3c8>
    1282:	d6 94       	lsr	r13
    1284:	c7 94       	ror	r12
    1286:	b7 94       	ror	r11
    1288:	a7 94       	ror	r10
    128a:	0a 94       	dec	r0
    128c:	d2 f7       	brpl	.-12     	; 0x1282 <__umoddi3+0x3c0>
    128e:	a4 01       	movw	r20, r8
    1290:	93 01       	movw	r18, r6
    1292:	04 c0       	rjmp	.+8      	; 0x129c <__umoddi3+0x3da>
    1294:	22 0f       	add	r18, r18
    1296:	33 1f       	adc	r19, r19
    1298:	44 1f       	adc	r20, r20
    129a:	55 1f       	adc	r21, r21
    129c:	fa 94       	dec	r15
    129e:	d2 f7       	brpl	.-12     	; 0x1294 <__umoddi3+0x3d2>
    12a0:	6c 96       	adiw	r28, 0x1c	; 28
    12a2:	6c ac       	ldd	r6, Y+60	; 0x3c
    12a4:	7d ac       	ldd	r7, Y+61	; 0x3d
    12a6:	8e ac       	ldd	r8, Y+62	; 0x3e
    12a8:	9f ac       	ldd	r9, Y+63	; 0x3f
    12aa:	6c 97       	sbiw	r28, 0x1c	; 28
    12ac:	04 c0       	rjmp	.+8      	; 0x12b6 <__umoddi3+0x3f4>
    12ae:	96 94       	lsr	r9
    12b0:	87 94       	ror	r8
    12b2:	77 94       	ror	r7
    12b4:	67 94       	ror	r6
    12b6:	8a 95       	dec	r24
    12b8:	d2 f7       	brpl	.-12     	; 0x12ae <__umoddi3+0x3ec>
    12ba:	84 01       	movw	r16, r8
    12bc:	73 01       	movw	r14, r6
    12be:	e2 2a       	or	r14, r18
    12c0:	f3 2a       	or	r15, r19
    12c2:	04 2b       	or	r16, r20
    12c4:	15 2b       	or	r17, r21
    12c6:	ed a6       	std	Y+45, r14	; 0x2d
    12c8:	fe a6       	std	Y+46, r15	; 0x2e
    12ca:	0f a7       	std	Y+47, r16	; 0x2f
    12cc:	18 ab       	std	Y+48, r17	; 0x30
    12ce:	32 01       	movw	r6, r4
    12d0:	88 24       	eor	r8, r8
    12d2:	99 24       	eor	r9, r9
    12d4:	b2 01       	movw	r22, r4
    12d6:	a1 01       	movw	r20, r2
    12d8:	60 70       	andi	r22, 0x00	; 0
    12da:	70 70       	andi	r23, 0x00	; 0
    12dc:	25 96       	adiw	r28, 0x05	; 5
    12de:	4c af       	std	Y+60, r20	; 0x3c
    12e0:	5d af       	std	Y+61, r21	; 0x3d
    12e2:	6e af       	std	Y+62, r22	; 0x3e
    12e4:	7f af       	std	Y+63, r23	; 0x3f
    12e6:	25 97       	sbiw	r28, 0x05	; 5
    12e8:	c6 01       	movw	r24, r12
    12ea:	b5 01       	movw	r22, r10
    12ec:	a4 01       	movw	r20, r8
    12ee:	93 01       	movw	r18, r6
    12f0:	0e 94 93 24 	call	0x4926	; 0x4926 <__udivmodsi4>
    12f4:	7b 01       	movw	r14, r22
    12f6:	8c 01       	movw	r16, r24
    12f8:	c6 01       	movw	r24, r12
    12fa:	b5 01       	movw	r22, r10
    12fc:	a4 01       	movw	r20, r8
    12fe:	93 01       	movw	r18, r6
    1300:	0e 94 93 24 	call	0x4926	; 0x4926 <__udivmodsi4>
    1304:	ca 01       	movw	r24, r20
    1306:	b9 01       	movw	r22, r18
    1308:	25 96       	adiw	r28, 0x05	; 5
    130a:	2c ad       	ldd	r18, Y+60	; 0x3c
    130c:	3d ad       	ldd	r19, Y+61	; 0x3d
    130e:	4e ad       	ldd	r20, Y+62	; 0x3e
    1310:	5f ad       	ldd	r21, Y+63	; 0x3f
    1312:	25 97       	sbiw	r28, 0x05	; 5
    1314:	0e 94 74 24 	call	0x48e8	; 0x48e8 <__mulsi3>
    1318:	9b 01       	movw	r18, r22
    131a:	ac 01       	movw	r20, r24
    131c:	87 01       	movw	r16, r14
    131e:	ff 24       	eor	r15, r15
    1320:	ee 24       	eor	r14, r14
    1322:	ad a4       	ldd	r10, Y+45	; 0x2d
    1324:	be a4       	ldd	r11, Y+46	; 0x2e
    1326:	cf a4       	ldd	r12, Y+47	; 0x2f
    1328:	d8 a8       	ldd	r13, Y+48	; 0x30
    132a:	c6 01       	movw	r24, r12
    132c:	aa 27       	eor	r26, r26
    132e:	bb 27       	eor	r27, r27
    1330:	5c 01       	movw	r10, r24
    1332:	6d 01       	movw	r12, r26
    1334:	ae 28       	or	r10, r14
    1336:	bf 28       	or	r11, r15
    1338:	c0 2a       	or	r12, r16
    133a:	d1 2a       	or	r13, r17
    133c:	a2 16       	cp	r10, r18
    133e:	b3 06       	cpc	r11, r19
    1340:	c4 06       	cpc	r12, r20
    1342:	d5 06       	cpc	r13, r21
    1344:	90 f4       	brcc	.+36     	; 0x136a <__umoddi3+0x4a8>
    1346:	a2 0c       	add	r10, r2
    1348:	b3 1c       	adc	r11, r3
    134a:	c4 1c       	adc	r12, r4
    134c:	d5 1c       	adc	r13, r5
    134e:	a2 14       	cp	r10, r2
    1350:	b3 04       	cpc	r11, r3
    1352:	c4 04       	cpc	r12, r4
    1354:	d5 04       	cpc	r13, r5
    1356:	48 f0       	brcs	.+18     	; 0x136a <__umoddi3+0x4a8>
    1358:	a2 16       	cp	r10, r18
    135a:	b3 06       	cpc	r11, r19
    135c:	c4 06       	cpc	r12, r20
    135e:	d5 06       	cpc	r13, r21
    1360:	20 f4       	brcc	.+8      	; 0x136a <__umoddi3+0x4a8>
    1362:	a2 0c       	add	r10, r2
    1364:	b3 1c       	adc	r11, r3
    1366:	c4 1c       	adc	r12, r4
    1368:	d5 1c       	adc	r13, r5
    136a:	a2 1a       	sub	r10, r18
    136c:	b3 0a       	sbc	r11, r19
    136e:	c4 0a       	sbc	r12, r20
    1370:	d5 0a       	sbc	r13, r21
    1372:	c6 01       	movw	r24, r12
    1374:	b5 01       	movw	r22, r10
    1376:	a4 01       	movw	r20, r8
    1378:	93 01       	movw	r18, r6
    137a:	0e 94 93 24 	call	0x4926	; 0x4926 <__udivmodsi4>
    137e:	7b 01       	movw	r14, r22
    1380:	8c 01       	movw	r16, r24
    1382:	c6 01       	movw	r24, r12
    1384:	b5 01       	movw	r22, r10
    1386:	a4 01       	movw	r20, r8
    1388:	93 01       	movw	r18, r6
    138a:	0e 94 93 24 	call	0x4926	; 0x4926 <__udivmodsi4>
    138e:	ca 01       	movw	r24, r20
    1390:	b9 01       	movw	r22, r18
    1392:	25 96       	adiw	r28, 0x05	; 5
    1394:	2c ad       	ldd	r18, Y+60	; 0x3c
    1396:	3d ad       	ldd	r19, Y+61	; 0x3d
    1398:	4e ad       	ldd	r20, Y+62	; 0x3e
    139a:	5f ad       	ldd	r21, Y+63	; 0x3f
    139c:	25 97       	sbiw	r28, 0x05	; 5
    139e:	0e 94 74 24 	call	0x48e8	; 0x48e8 <__mulsi3>
    13a2:	9b 01       	movw	r18, r22
    13a4:	ac 01       	movw	r20, r24
    13a6:	87 01       	movw	r16, r14
    13a8:	ff 24       	eor	r15, r15
    13aa:	ee 24       	eor	r14, r14
    13ac:	8d a5       	ldd	r24, Y+45	; 0x2d
    13ae:	9e a5       	ldd	r25, Y+46	; 0x2e
    13b0:	af a5       	ldd	r26, Y+47	; 0x2f
    13b2:	b8 a9       	ldd	r27, Y+48	; 0x30
    13b4:	a0 70       	andi	r26, 0x00	; 0
    13b6:	b0 70       	andi	r27, 0x00	; 0
    13b8:	57 01       	movw	r10, r14
    13ba:	68 01       	movw	r12, r16
    13bc:	a8 2a       	or	r10, r24
    13be:	b9 2a       	or	r11, r25
    13c0:	ca 2a       	or	r12, r26
    13c2:	db 2a       	or	r13, r27
    13c4:	a2 16       	cp	r10, r18
    13c6:	b3 06       	cpc	r11, r19
    13c8:	c4 06       	cpc	r12, r20
    13ca:	d5 06       	cpc	r13, r21
    13cc:	90 f4       	brcc	.+36     	; 0x13f2 <__umoddi3+0x530>
    13ce:	a2 0c       	add	r10, r2
    13d0:	b3 1c       	adc	r11, r3
    13d2:	c4 1c       	adc	r12, r4
    13d4:	d5 1c       	adc	r13, r5
    13d6:	a2 14       	cp	r10, r2
    13d8:	b3 04       	cpc	r11, r3
    13da:	c4 04       	cpc	r12, r4
    13dc:	d5 04       	cpc	r13, r5
    13de:	48 f0       	brcs	.+18     	; 0x13f2 <__umoddi3+0x530>
    13e0:	a2 16       	cp	r10, r18
    13e2:	b3 06       	cpc	r11, r19
    13e4:	c4 06       	cpc	r12, r20
    13e6:	d5 06       	cpc	r13, r21
    13e8:	20 f4       	brcc	.+8      	; 0x13f2 <__umoddi3+0x530>
    13ea:	a2 0c       	add	r10, r2
    13ec:	b3 1c       	adc	r11, r3
    13ee:	c4 1c       	adc	r12, r4
    13f0:	d5 1c       	adc	r13, r5
    13f2:	6c 96       	adiw	r28, 0x1c	; 28
    13f4:	ec ac       	ldd	r14, Y+60	; 0x3c
    13f6:	fd ac       	ldd	r15, Y+61	; 0x3d
    13f8:	0e ad       	ldd	r16, Y+62	; 0x3e
    13fa:	1f ad       	ldd	r17, Y+63	; 0x3f
    13fc:	6c 97       	sbiw	r28, 0x1c	; 28
    13fe:	68 96       	adiw	r28, 0x18	; 24
    1400:	0f ac       	ldd	r0, Y+63	; 0x3f
    1402:	68 97       	sbiw	r28, 0x18	; 24
    1404:	04 c0       	rjmp	.+8      	; 0x140e <__umoddi3+0x54c>
    1406:	ee 0c       	add	r14, r14
    1408:	ff 1c       	adc	r15, r15
    140a:	00 1f       	adc	r16, r16
    140c:	11 1f       	adc	r17, r17
    140e:	0a 94       	dec	r0
    1410:	d2 f7       	brpl	.-12     	; 0x1406 <__umoddi3+0x544>
    1412:	e9 aa       	std	Y+49, r14	; 0x31
    1414:	fa aa       	std	Y+50, r15	; 0x32
    1416:	0b ab       	std	Y+51, r16	; 0x33
    1418:	1c ab       	std	Y+52, r17	; 0x34
    141a:	a2 1a       	sub	r10, r18
    141c:	b3 0a       	sbc	r11, r19
    141e:	c4 0a       	sbc	r12, r20
    1420:	d5 0a       	sbc	r13, r21
    1422:	32 01       	movw	r6, r4
    1424:	88 24       	eor	r8, r8
    1426:	99 24       	eor	r9, r9
    1428:	b2 01       	movw	r22, r4
    142a:	a1 01       	movw	r20, r2
    142c:	60 70       	andi	r22, 0x00	; 0
    142e:	70 70       	andi	r23, 0x00	; 0
    1430:	29 96       	adiw	r28, 0x09	; 9
    1432:	4c af       	std	Y+60, r20	; 0x3c
    1434:	5d af       	std	Y+61, r21	; 0x3d
    1436:	6e af       	std	Y+62, r22	; 0x3e
    1438:	7f af       	std	Y+63, r23	; 0x3f
    143a:	29 97       	sbiw	r28, 0x09	; 9
    143c:	c6 01       	movw	r24, r12
    143e:	b5 01       	movw	r22, r10
    1440:	a4 01       	movw	r20, r8
    1442:	93 01       	movw	r18, r6
    1444:	0e 94 93 24 	call	0x4926	; 0x4926 <__udivmodsi4>
    1448:	7b 01       	movw	r14, r22
    144a:	8c 01       	movw	r16, r24
    144c:	c6 01       	movw	r24, r12
    144e:	b5 01       	movw	r22, r10
    1450:	a4 01       	movw	r20, r8
    1452:	93 01       	movw	r18, r6
    1454:	0e 94 93 24 	call	0x4926	; 0x4926 <__udivmodsi4>
    1458:	ca 01       	movw	r24, r20
    145a:	b9 01       	movw	r22, r18
    145c:	29 96       	adiw	r28, 0x09	; 9
    145e:	2c ad       	ldd	r18, Y+60	; 0x3c
    1460:	3d ad       	ldd	r19, Y+61	; 0x3d
    1462:	4e ad       	ldd	r20, Y+62	; 0x3e
    1464:	5f ad       	ldd	r21, Y+63	; 0x3f
    1466:	29 97       	sbiw	r28, 0x09	; 9
    1468:	0e 94 74 24 	call	0x48e8	; 0x48e8 <__mulsi3>
    146c:	9b 01       	movw	r18, r22
    146e:	ac 01       	movw	r20, r24
    1470:	87 01       	movw	r16, r14
    1472:	ff 24       	eor	r15, r15
    1474:	ee 24       	eor	r14, r14
    1476:	a9 a8       	ldd	r10, Y+49	; 0x31
    1478:	ba a8       	ldd	r11, Y+50	; 0x32
    147a:	cb a8       	ldd	r12, Y+51	; 0x33
    147c:	dc a8       	ldd	r13, Y+52	; 0x34
    147e:	c6 01       	movw	r24, r12
    1480:	aa 27       	eor	r26, r26
    1482:	bb 27       	eor	r27, r27
    1484:	57 01       	movw	r10, r14
    1486:	68 01       	movw	r12, r16
    1488:	a8 2a       	or	r10, r24
    148a:	b9 2a       	or	r11, r25
    148c:	ca 2a       	or	r12, r26
    148e:	db 2a       	or	r13, r27
    1490:	a2 16       	cp	r10, r18
    1492:	b3 06       	cpc	r11, r19
    1494:	c4 06       	cpc	r12, r20
    1496:	d5 06       	cpc	r13, r21
    1498:	90 f4       	brcc	.+36     	; 0x14be <__umoddi3+0x5fc>
    149a:	a2 0c       	add	r10, r2
    149c:	b3 1c       	adc	r11, r3
    149e:	c4 1c       	adc	r12, r4
    14a0:	d5 1c       	adc	r13, r5
    14a2:	a2 14       	cp	r10, r2
    14a4:	b3 04       	cpc	r11, r3
    14a6:	c4 04       	cpc	r12, r4
    14a8:	d5 04       	cpc	r13, r5
    14aa:	48 f0       	brcs	.+18     	; 0x14be <__umoddi3+0x5fc>
    14ac:	a2 16       	cp	r10, r18
    14ae:	b3 06       	cpc	r11, r19
    14b0:	c4 06       	cpc	r12, r20
    14b2:	d5 06       	cpc	r13, r21
    14b4:	20 f4       	brcc	.+8      	; 0x14be <__umoddi3+0x5fc>
    14b6:	a2 0c       	add	r10, r2
    14b8:	b3 1c       	adc	r11, r3
    14ba:	c4 1c       	adc	r12, r4
    14bc:	d5 1c       	adc	r13, r5
    14be:	a2 1a       	sub	r10, r18
    14c0:	b3 0a       	sbc	r11, r19
    14c2:	c4 0a       	sbc	r12, r20
    14c4:	d5 0a       	sbc	r13, r21
    14c6:	c6 01       	movw	r24, r12
    14c8:	b5 01       	movw	r22, r10
    14ca:	a4 01       	movw	r20, r8
    14cc:	93 01       	movw	r18, r6
    14ce:	0e 94 93 24 	call	0x4926	; 0x4926 <__udivmodsi4>
    14d2:	7b 01       	movw	r14, r22
    14d4:	8c 01       	movw	r16, r24
    14d6:	c6 01       	movw	r24, r12
    14d8:	b5 01       	movw	r22, r10
    14da:	a4 01       	movw	r20, r8
    14dc:	93 01       	movw	r18, r6
    14de:	0e 94 93 24 	call	0x4926	; 0x4926 <__udivmodsi4>
    14e2:	ca 01       	movw	r24, r20
    14e4:	b9 01       	movw	r22, r18
    14e6:	29 96       	adiw	r28, 0x09	; 9
    14e8:	2c ad       	ldd	r18, Y+60	; 0x3c
    14ea:	3d ad       	ldd	r19, Y+61	; 0x3d
    14ec:	4e ad       	ldd	r20, Y+62	; 0x3e
    14ee:	5f ad       	ldd	r21, Y+63	; 0x3f
    14f0:	29 97       	sbiw	r28, 0x09	; 9
    14f2:	0e 94 74 24 	call	0x48e8	; 0x48e8 <__mulsi3>
    14f6:	9b 01       	movw	r18, r22
    14f8:	ac 01       	movw	r20, r24
    14fa:	87 01       	movw	r16, r14
    14fc:	ff 24       	eor	r15, r15
    14fe:	ee 24       	eor	r14, r14
    1500:	89 a9       	ldd	r24, Y+49	; 0x31
    1502:	9a a9       	ldd	r25, Y+50	; 0x32
    1504:	ab a9       	ldd	r26, Y+51	; 0x33
    1506:	bc a9       	ldd	r27, Y+52	; 0x34
    1508:	a0 70       	andi	r26, 0x00	; 0
    150a:	b0 70       	andi	r27, 0x00	; 0
    150c:	e8 2a       	or	r14, r24
    150e:	f9 2a       	or	r15, r25
    1510:	0a 2b       	or	r16, r26
    1512:	1b 2b       	or	r17, r27
    1514:	e2 16       	cp	r14, r18
    1516:	f3 06       	cpc	r15, r19
    1518:	04 07       	cpc	r16, r20
    151a:	15 07       	cpc	r17, r21
    151c:	90 f4       	brcc	.+36     	; 0x1542 <__umoddi3+0x680>
    151e:	e2 0c       	add	r14, r2
    1520:	f3 1c       	adc	r15, r3
    1522:	04 1d       	adc	r16, r4
    1524:	15 1d       	adc	r17, r5
    1526:	e2 14       	cp	r14, r2
    1528:	f3 04       	cpc	r15, r3
    152a:	04 05       	cpc	r16, r4
    152c:	15 05       	cpc	r17, r5
    152e:	48 f0       	brcs	.+18     	; 0x1542 <__umoddi3+0x680>
    1530:	e2 16       	cp	r14, r18
    1532:	f3 06       	cpc	r15, r19
    1534:	04 07       	cpc	r16, r20
    1536:	15 07       	cpc	r17, r21
    1538:	20 f4       	brcc	.+8      	; 0x1542 <__umoddi3+0x680>
    153a:	e2 0c       	add	r14, r2
    153c:	f3 1c       	adc	r15, r3
    153e:	04 1d       	adc	r16, r4
    1540:	15 1d       	adc	r17, r5
    1542:	e2 1a       	sub	r14, r18
    1544:	f3 0a       	sbc	r15, r19
    1546:	04 0b       	sbc	r16, r20
    1548:	15 0b       	sbc	r17, r21
    154a:	d8 01       	movw	r26, r16
    154c:	c7 01       	movw	r24, r14
    154e:	09 ac       	ldd	r0, Y+57	; 0x39
    1550:	04 c0       	rjmp	.+8      	; 0x155a <__umoddi3+0x698>
    1552:	b6 95       	lsr	r27
    1554:	a7 95       	ror	r26
    1556:	97 95       	ror	r25
    1558:	87 95       	ror	r24
    155a:	0a 94       	dec	r0
    155c:	d2 f7       	brpl	.-12     	; 0x1552 <__umoddi3+0x690>
    155e:	89 8b       	std	Y+17, r24	; 0x11
    1560:	9a 8b       	std	Y+18, r25	; 0x12
    1562:	ab 8b       	std	Y+19, r26	; 0x13
    1564:	bc 8b       	std	Y+20, r27	; 0x14
    1566:	1d 8a       	std	Y+21, r1	; 0x15
    1568:	1e 8a       	std	Y+22, r1	; 0x16
    156a:	1f 8a       	std	Y+23, r1	; 0x17
    156c:	18 8e       	std	Y+24, r1	; 0x18
    156e:	28 2f       	mov	r18, r24
    1570:	3a 89       	ldd	r19, Y+18	; 0x12
    1572:	4b 89       	ldd	r20, Y+19	; 0x13
    1574:	5c 89       	ldd	r21, Y+20	; 0x14
    1576:	6d 89       	ldd	r22, Y+21	; 0x15
    1578:	0c c3       	rjmp	.+1560   	; 0x1b92 <__umoddi3+0xcd0>
    157a:	6a 14       	cp	r6, r10
    157c:	7b 04       	cpc	r7, r11
    157e:	8c 04       	cpc	r8, r12
    1580:	9d 04       	cpc	r9, r13
    1582:	08 f4       	brcc	.+2      	; 0x1586 <__umoddi3+0x6c4>
    1584:	09 c3       	rjmp	.+1554   	; 0x1b98 <__umoddi3+0xcd6>
    1586:	00 e0       	ldi	r16, 0x00	; 0
    1588:	a0 16       	cp	r10, r16
    158a:	00 e0       	ldi	r16, 0x00	; 0
    158c:	b0 06       	cpc	r11, r16
    158e:	01 e0       	ldi	r16, 0x01	; 1
    1590:	c0 06       	cpc	r12, r16
    1592:	00 e0       	ldi	r16, 0x00	; 0
    1594:	d0 06       	cpc	r13, r16
    1596:	88 f4       	brcc	.+34     	; 0x15ba <__umoddi3+0x6f8>
    1598:	1f ef       	ldi	r17, 0xFF	; 255
    159a:	a1 16       	cp	r10, r17
    159c:	b1 04       	cpc	r11, r1
    159e:	c1 04       	cpc	r12, r1
    15a0:	d1 04       	cpc	r13, r1
    15a2:	39 f0       	breq	.+14     	; 0x15b2 <__umoddi3+0x6f0>
    15a4:	30 f0       	brcs	.+12     	; 0x15b2 <__umoddi3+0x6f0>
    15a6:	28 e0       	ldi	r18, 0x08	; 8
    15a8:	e2 2e       	mov	r14, r18
    15aa:	f1 2c       	mov	r15, r1
    15ac:	01 2d       	mov	r16, r1
    15ae:	11 2d       	mov	r17, r1
    15b0:	18 c0       	rjmp	.+48     	; 0x15e2 <__umoddi3+0x720>
    15b2:	ee 24       	eor	r14, r14
    15b4:	ff 24       	eor	r15, r15
    15b6:	87 01       	movw	r16, r14
    15b8:	14 c0       	rjmp	.+40     	; 0x15e2 <__umoddi3+0x720>
    15ba:	40 e0       	ldi	r20, 0x00	; 0
    15bc:	a4 16       	cp	r10, r20
    15be:	40 e0       	ldi	r20, 0x00	; 0
    15c0:	b4 06       	cpc	r11, r20
    15c2:	40 e0       	ldi	r20, 0x00	; 0
    15c4:	c4 06       	cpc	r12, r20
    15c6:	41 e0       	ldi	r20, 0x01	; 1
    15c8:	d4 06       	cpc	r13, r20
    15ca:	30 f0       	brcs	.+12     	; 0x15d8 <__umoddi3+0x716>
    15cc:	98 e1       	ldi	r25, 0x18	; 24
    15ce:	e9 2e       	mov	r14, r25
    15d0:	f1 2c       	mov	r15, r1
    15d2:	01 2d       	mov	r16, r1
    15d4:	11 2d       	mov	r17, r1
    15d6:	05 c0       	rjmp	.+10     	; 0x15e2 <__umoddi3+0x720>
    15d8:	80 e1       	ldi	r24, 0x10	; 16
    15da:	e8 2e       	mov	r14, r24
    15dc:	f1 2c       	mov	r15, r1
    15de:	01 2d       	mov	r16, r1
    15e0:	11 2d       	mov	r17, r1
    15e2:	d6 01       	movw	r26, r12
    15e4:	c5 01       	movw	r24, r10
    15e6:	0e 2c       	mov	r0, r14
    15e8:	04 c0       	rjmp	.+8      	; 0x15f2 <__umoddi3+0x730>
    15ea:	b6 95       	lsr	r27
    15ec:	a7 95       	ror	r26
    15ee:	97 95       	ror	r25
    15f0:	87 95       	ror	r24
    15f2:	0a 94       	dec	r0
    15f4:	d2 f7       	brpl	.-12     	; 0x15ea <__umoddi3+0x728>
    15f6:	88 59       	subi	r24, 0x98	; 152
    15f8:	9f 4f       	sbci	r25, 0xFF	; 255
    15fa:	dc 01       	movw	r26, r24
    15fc:	2c 91       	ld	r18, X
    15fe:	80 e2       	ldi	r24, 0x20	; 32
    1600:	90 e0       	ldi	r25, 0x00	; 0
    1602:	a0 e0       	ldi	r26, 0x00	; 0
    1604:	b0 e0       	ldi	r27, 0x00	; 0
    1606:	8e 19       	sub	r24, r14
    1608:	9f 09       	sbc	r25, r15
    160a:	a0 0b       	sbc	r26, r16
    160c:	b1 0b       	sbc	r27, r17
    160e:	82 1b       	sub	r24, r18
    1610:	91 09       	sbc	r25, r1
    1612:	a1 09       	sbc	r26, r1
    1614:	b1 09       	sbc	r27, r1
    1616:	00 97       	sbiw	r24, 0x00	; 0
    1618:	a1 05       	cpc	r26, r1
    161a:	b1 05       	cpc	r27, r1
    161c:	09 f0       	breq	.+2      	; 0x1620 <__umoddi3+0x75e>
    161e:	4f c0       	rjmp	.+158    	; 0x16be <__umoddi3+0x7fc>
    1620:	a6 14       	cp	r10, r6
    1622:	b7 04       	cpc	r11, r7
    1624:	c8 04       	cpc	r12, r8
    1626:	d9 04       	cpc	r13, r9
    1628:	58 f0       	brcs	.+22     	; 0x1640 <__umoddi3+0x77e>
    162a:	6c 96       	adiw	r28, 0x1c	; 28
    162c:	ec ac       	ldd	r14, Y+60	; 0x3c
    162e:	fd ac       	ldd	r15, Y+61	; 0x3d
    1630:	0e ad       	ldd	r16, Y+62	; 0x3e
    1632:	1f ad       	ldd	r17, Y+63	; 0x3f
    1634:	6c 97       	sbiw	r28, 0x1c	; 28
    1636:	e2 14       	cp	r14, r2
    1638:	f3 04       	cpc	r15, r3
    163a:	04 05       	cpc	r16, r4
    163c:	15 05       	cpc	r17, r5
    163e:	68 f1       	brcs	.+90     	; 0x169a <__umoddi3+0x7d8>
    1640:	6c 96       	adiw	r28, 0x1c	; 28
    1642:	ec ac       	ldd	r14, Y+60	; 0x3c
    1644:	fd ac       	ldd	r15, Y+61	; 0x3d
    1646:	0e ad       	ldd	r16, Y+62	; 0x3e
    1648:	1f ad       	ldd	r17, Y+63	; 0x3f
    164a:	6c 97       	sbiw	r28, 0x1c	; 28
    164c:	e2 18       	sub	r14, r2
    164e:	f3 08       	sbc	r15, r3
    1650:	04 09       	sbc	r16, r4
    1652:	15 09       	sbc	r17, r5
    1654:	a4 01       	movw	r20, r8
    1656:	93 01       	movw	r18, r6
    1658:	2a 19       	sub	r18, r10
    165a:	3b 09       	sbc	r19, r11
    165c:	4c 09       	sbc	r20, r12
    165e:	5d 09       	sbc	r21, r13
    1660:	aa 24       	eor	r10, r10
    1662:	bb 24       	eor	r11, r11
    1664:	65 01       	movw	r12, r10
    1666:	6c 96       	adiw	r28, 0x1c	; 28
    1668:	6c ad       	ldd	r22, Y+60	; 0x3c
    166a:	7d ad       	ldd	r23, Y+61	; 0x3d
    166c:	8e ad       	ldd	r24, Y+62	; 0x3e
    166e:	9f ad       	ldd	r25, Y+63	; 0x3f
    1670:	6c 97       	sbiw	r28, 0x1c	; 28
    1672:	6e 15       	cp	r22, r14
    1674:	7f 05       	cpc	r23, r15
    1676:	80 07       	cpc	r24, r16
    1678:	91 07       	cpc	r25, r17
    167a:	28 f4       	brcc	.+10     	; 0x1686 <__umoddi3+0x7c4>
    167c:	b1 e0       	ldi	r27, 0x01	; 1
    167e:	ab 2e       	mov	r10, r27
    1680:	b1 2c       	mov	r11, r1
    1682:	c1 2c       	mov	r12, r1
    1684:	d1 2c       	mov	r13, r1
    1686:	da 01       	movw	r26, r20
    1688:	c9 01       	movw	r24, r18
    168a:	8a 19       	sub	r24, r10
    168c:	9b 09       	sbc	r25, r11
    168e:	ac 09       	sbc	r26, r12
    1690:	bd 09       	sbc	r27, r13
    1692:	8d ab       	std	Y+53, r24	; 0x35
    1694:	9e ab       	std	Y+54, r25	; 0x36
    1696:	af ab       	std	Y+55, r26	; 0x37
    1698:	b8 af       	std	Y+56, r27	; 0x38
    169a:	e9 8a       	std	Y+17, r14	; 0x11
    169c:	fa 8a       	std	Y+18, r15	; 0x12
    169e:	0b 8b       	std	Y+19, r16	; 0x13
    16a0:	1c 8b       	std	Y+20, r17	; 0x14
    16a2:	6d a8       	ldd	r6, Y+53	; 0x35
    16a4:	7e a8       	ldd	r7, Y+54	; 0x36
    16a6:	8f a8       	ldd	r8, Y+55	; 0x37
    16a8:	98 ac       	ldd	r9, Y+56	; 0x38
    16aa:	6d 8a       	std	Y+21, r6	; 0x15
    16ac:	7e 8a       	std	Y+22, r7	; 0x16
    16ae:	8f 8a       	std	Y+23, r8	; 0x17
    16b0:	98 8e       	std	Y+24, r9	; 0x18
    16b2:	2e 2d       	mov	r18, r14
    16b4:	3a 89       	ldd	r19, Y+18	; 0x12
    16b6:	4b 89       	ldd	r20, Y+19	; 0x13
    16b8:	5c 89       	ldd	r21, Y+20	; 0x14
    16ba:	6d a9       	ldd	r22, Y+53	; 0x35
    16bc:	6a c2       	rjmp	.+1236   	; 0x1b92 <__umoddi3+0xcd0>
    16be:	67 96       	adiw	r28, 0x17	; 23
    16c0:	8f af       	std	Y+63, r24	; 0x3f
    16c2:	67 97       	sbiw	r28, 0x17	; 23
    16c4:	a6 01       	movw	r20, r12
    16c6:	95 01       	movw	r18, r10
    16c8:	08 2e       	mov	r0, r24
    16ca:	04 c0       	rjmp	.+8      	; 0x16d4 <__umoddi3+0x812>
    16cc:	22 0f       	add	r18, r18
    16ce:	33 1f       	adc	r19, r19
    16d0:	44 1f       	adc	r20, r20
    16d2:	55 1f       	adc	r21, r21
    16d4:	0a 94       	dec	r0
    16d6:	d2 f7       	brpl	.-12     	; 0x16cc <__umoddi3+0x80a>
    16d8:	a0 e2       	ldi	r26, 0x20	; 32
    16da:	aa 2e       	mov	r10, r26
    16dc:	a8 1a       	sub	r10, r24
    16de:	66 96       	adiw	r28, 0x16	; 22
    16e0:	af ae       	std	Y+63, r10	; 0x3f
    16e2:	66 97       	sbiw	r28, 0x16	; 22
    16e4:	d2 01       	movw	r26, r4
    16e6:	c1 01       	movw	r24, r2
    16e8:	04 c0       	rjmp	.+8      	; 0x16f2 <__umoddi3+0x830>
    16ea:	b6 95       	lsr	r27
    16ec:	a7 95       	ror	r26
    16ee:	97 95       	ror	r25
    16f0:	87 95       	ror	r24
    16f2:	aa 94       	dec	r10
    16f4:	d2 f7       	brpl	.-12     	; 0x16ea <__umoddi3+0x828>
    16f6:	6c 01       	movw	r12, r24
    16f8:	7d 01       	movw	r14, r26
    16fa:	c2 2a       	or	r12, r18
    16fc:	d3 2a       	or	r13, r19
    16fe:	e4 2a       	or	r14, r20
    1700:	f5 2a       	or	r15, r21
    1702:	c9 a6       	std	Y+41, r12	; 0x29
    1704:	da a6       	std	Y+42, r13	; 0x2a
    1706:	eb a6       	std	Y+43, r14	; 0x2b
    1708:	fc a6       	std	Y+44, r15	; 0x2c
    170a:	82 01       	movw	r16, r4
    170c:	71 01       	movw	r14, r2
    170e:	67 96       	adiw	r28, 0x17	; 23
    1710:	0f ac       	ldd	r0, Y+63	; 0x3f
    1712:	67 97       	sbiw	r28, 0x17	; 23
    1714:	04 c0       	rjmp	.+8      	; 0x171e <__umoddi3+0x85c>
    1716:	ee 0c       	add	r14, r14
    1718:	ff 1c       	adc	r15, r15
    171a:	00 1f       	adc	r16, r16
    171c:	11 1f       	adc	r17, r17
    171e:	0a 94       	dec	r0
    1720:	d2 f7       	brpl	.-12     	; 0x1716 <__umoddi3+0x854>
    1722:	ed a2       	std	Y+37, r14	; 0x25
    1724:	fe a2       	std	Y+38, r15	; 0x26
    1726:	0f a3       	std	Y+39, r16	; 0x27
    1728:	18 a7       	std	Y+40, r17	; 0x28
    172a:	64 01       	movw	r12, r8
    172c:	53 01       	movw	r10, r6
    172e:	66 96       	adiw	r28, 0x16	; 22
    1730:	0f ac       	ldd	r0, Y+63	; 0x3f
    1732:	66 97       	sbiw	r28, 0x16	; 22
    1734:	04 c0       	rjmp	.+8      	; 0x173e <__umoddi3+0x87c>
    1736:	d6 94       	lsr	r13
    1738:	c7 94       	ror	r12
    173a:	b7 94       	ror	r11
    173c:	a7 94       	ror	r10
    173e:	0a 94       	dec	r0
    1740:	d2 f7       	brpl	.-12     	; 0x1736 <__umoddi3+0x874>
    1742:	a4 01       	movw	r20, r8
    1744:	93 01       	movw	r18, r6
    1746:	67 96       	adiw	r28, 0x17	; 23
    1748:	0f ac       	ldd	r0, Y+63	; 0x3f
    174a:	67 97       	sbiw	r28, 0x17	; 23
    174c:	04 c0       	rjmp	.+8      	; 0x1756 <__umoddi3+0x894>
    174e:	22 0f       	add	r18, r18
    1750:	33 1f       	adc	r19, r19
    1752:	44 1f       	adc	r20, r20
    1754:	55 1f       	adc	r21, r21
    1756:	0a 94       	dec	r0
    1758:	d2 f7       	brpl	.-12     	; 0x174e <__umoddi3+0x88c>
    175a:	6c 96       	adiw	r28, 0x1c	; 28
    175c:	8c ad       	ldd	r24, Y+60	; 0x3c
    175e:	9d ad       	ldd	r25, Y+61	; 0x3d
    1760:	ae ad       	ldd	r26, Y+62	; 0x3e
    1762:	bf ad       	ldd	r27, Y+63	; 0x3f
    1764:	6c 97       	sbiw	r28, 0x1c	; 28
    1766:	66 96       	adiw	r28, 0x16	; 22
    1768:	0f ac       	ldd	r0, Y+63	; 0x3f
    176a:	66 97       	sbiw	r28, 0x16	; 22
    176c:	04 c0       	rjmp	.+8      	; 0x1776 <__umoddi3+0x8b4>
    176e:	b6 95       	lsr	r27
    1770:	a7 95       	ror	r26
    1772:	97 95       	ror	r25
    1774:	87 95       	ror	r24
    1776:	0a 94       	dec	r0
    1778:	d2 f7       	brpl	.-12     	; 0x176e <__umoddi3+0x8ac>
    177a:	3c 01       	movw	r6, r24
    177c:	4d 01       	movw	r8, r26
    177e:	62 2a       	or	r6, r18
    1780:	73 2a       	or	r7, r19
    1782:	84 2a       	or	r8, r20
    1784:	95 2a       	or	r9, r21
    1786:	69 a2       	std	Y+33, r6	; 0x21
    1788:	7a a2       	std	Y+34, r7	; 0x22
    178a:	8b a2       	std	Y+35, r8	; 0x23
    178c:	9c a2       	std	Y+36, r9	; 0x24
    178e:	6c 96       	adiw	r28, 0x1c	; 28
    1790:	ec ac       	ldd	r14, Y+60	; 0x3c
    1792:	fd ac       	ldd	r15, Y+61	; 0x3d
    1794:	0e ad       	ldd	r16, Y+62	; 0x3e
    1796:	1f ad       	ldd	r17, Y+63	; 0x3f
    1798:	6c 97       	sbiw	r28, 0x1c	; 28
    179a:	67 96       	adiw	r28, 0x17	; 23
    179c:	0f ac       	ldd	r0, Y+63	; 0x3f
    179e:	67 97       	sbiw	r28, 0x17	; 23
    17a0:	04 c0       	rjmp	.+8      	; 0x17aa <__umoddi3+0x8e8>
    17a2:	ee 0c       	add	r14, r14
    17a4:	ff 1c       	adc	r15, r15
    17a6:	00 1f       	adc	r16, r16
    17a8:	11 1f       	adc	r17, r17
    17aa:	0a 94       	dec	r0
    17ac:	d2 f7       	brpl	.-12     	; 0x17a2 <__umoddi3+0x8e0>
    17ae:	ed 8e       	std	Y+29, r14	; 0x1d
    17b0:	fe 8e       	std	Y+30, r15	; 0x1e
    17b2:	0f 8f       	std	Y+31, r16	; 0x1f
    17b4:	18 a3       	std	Y+32, r17	; 0x20
    17b6:	49 a5       	ldd	r20, Y+41	; 0x29
    17b8:	5a a5       	ldd	r21, Y+42	; 0x2a
    17ba:	6b a5       	ldd	r22, Y+43	; 0x2b
    17bc:	7c a5       	ldd	r23, Y+44	; 0x2c
    17be:	3b 01       	movw	r6, r22
    17c0:	88 24       	eor	r8, r8
    17c2:	99 24       	eor	r9, r9
    17c4:	60 70       	andi	r22, 0x00	; 0
    17c6:	70 70       	andi	r23, 0x00	; 0
    17c8:	2d 96       	adiw	r28, 0x0d	; 13
    17ca:	4c af       	std	Y+60, r20	; 0x3c
    17cc:	5d af       	std	Y+61, r21	; 0x3d
    17ce:	6e af       	std	Y+62, r22	; 0x3e
    17d0:	7f af       	std	Y+63, r23	; 0x3f
    17d2:	2d 97       	sbiw	r28, 0x0d	; 13
    17d4:	c6 01       	movw	r24, r12
    17d6:	b5 01       	movw	r22, r10
    17d8:	a4 01       	movw	r20, r8
    17da:	93 01       	movw	r18, r6
    17dc:	0e 94 93 24 	call	0x4926	; 0x4926 <__udivmodsi4>
    17e0:	7b 01       	movw	r14, r22
    17e2:	8c 01       	movw	r16, r24
    17e4:	c6 01       	movw	r24, r12
    17e6:	b5 01       	movw	r22, r10
    17e8:	a4 01       	movw	r20, r8
    17ea:	93 01       	movw	r18, r6
    17ec:	0e 94 93 24 	call	0x4926	; 0x4926 <__udivmodsi4>
    17f0:	c9 01       	movw	r24, r18
    17f2:	da 01       	movw	r26, r20
    17f4:	1c 01       	movw	r2, r24
    17f6:	2d 01       	movw	r4, r26
    17f8:	c2 01       	movw	r24, r4
    17fa:	b1 01       	movw	r22, r2
    17fc:	2d 96       	adiw	r28, 0x0d	; 13
    17fe:	2c ad       	ldd	r18, Y+60	; 0x3c
    1800:	3d ad       	ldd	r19, Y+61	; 0x3d
    1802:	4e ad       	ldd	r20, Y+62	; 0x3e
    1804:	5f ad       	ldd	r21, Y+63	; 0x3f
    1806:	2d 97       	sbiw	r28, 0x0d	; 13
    1808:	0e 94 74 24 	call	0x48e8	; 0x48e8 <__mulsi3>
    180c:	9b 01       	movw	r18, r22
    180e:	ac 01       	movw	r20, r24
    1810:	87 01       	movw	r16, r14
    1812:	ff 24       	eor	r15, r15
    1814:	ee 24       	eor	r14, r14
    1816:	a9 a0       	ldd	r10, Y+33	; 0x21
    1818:	ba a0       	ldd	r11, Y+34	; 0x22
    181a:	cb a0       	ldd	r12, Y+35	; 0x23
    181c:	dc a0       	ldd	r13, Y+36	; 0x24
    181e:	c6 01       	movw	r24, r12
    1820:	aa 27       	eor	r26, r26
    1822:	bb 27       	eor	r27, r27
    1824:	57 01       	movw	r10, r14
    1826:	68 01       	movw	r12, r16
    1828:	a8 2a       	or	r10, r24
    182a:	b9 2a       	or	r11, r25
    182c:	ca 2a       	or	r12, r26
    182e:	db 2a       	or	r13, r27
    1830:	a2 16       	cp	r10, r18
    1832:	b3 06       	cpc	r11, r19
    1834:	c4 06       	cpc	r12, r20
    1836:	d5 06       	cpc	r13, r21
    1838:	00 f5       	brcc	.+64     	; 0x187a <__umoddi3+0x9b8>
    183a:	08 94       	sec
    183c:	21 08       	sbc	r2, r1
    183e:	31 08       	sbc	r3, r1
    1840:	41 08       	sbc	r4, r1
    1842:	51 08       	sbc	r5, r1
    1844:	e9 a4       	ldd	r14, Y+41	; 0x29
    1846:	fa a4       	ldd	r15, Y+42	; 0x2a
    1848:	0b a5       	ldd	r16, Y+43	; 0x2b
    184a:	1c a5       	ldd	r17, Y+44	; 0x2c
    184c:	ae 0c       	add	r10, r14
    184e:	bf 1c       	adc	r11, r15
    1850:	c0 1e       	adc	r12, r16
    1852:	d1 1e       	adc	r13, r17
    1854:	ae 14       	cp	r10, r14
    1856:	bf 04       	cpc	r11, r15
    1858:	c0 06       	cpc	r12, r16
    185a:	d1 06       	cpc	r13, r17
    185c:	70 f0       	brcs	.+28     	; 0x187a <__umoddi3+0x9b8>
    185e:	a2 16       	cp	r10, r18
    1860:	b3 06       	cpc	r11, r19
    1862:	c4 06       	cpc	r12, r20
    1864:	d5 06       	cpc	r13, r21
    1866:	48 f4       	brcc	.+18     	; 0x187a <__umoddi3+0x9b8>
    1868:	08 94       	sec
    186a:	21 08       	sbc	r2, r1
    186c:	31 08       	sbc	r3, r1
    186e:	41 08       	sbc	r4, r1
    1870:	51 08       	sbc	r5, r1
    1872:	ae 0c       	add	r10, r14
    1874:	bf 1c       	adc	r11, r15
    1876:	c0 1e       	adc	r12, r16
    1878:	d1 1e       	adc	r13, r17
    187a:	a2 1a       	sub	r10, r18
    187c:	b3 0a       	sbc	r11, r19
    187e:	c4 0a       	sbc	r12, r20
    1880:	d5 0a       	sbc	r13, r21
    1882:	c6 01       	movw	r24, r12
    1884:	b5 01       	movw	r22, r10
    1886:	a4 01       	movw	r20, r8
    1888:	93 01       	movw	r18, r6
    188a:	0e 94 93 24 	call	0x4926	; 0x4926 <__udivmodsi4>
    188e:	7b 01       	movw	r14, r22
    1890:	8c 01       	movw	r16, r24
    1892:	c6 01       	movw	r24, r12
    1894:	b5 01       	movw	r22, r10
    1896:	a4 01       	movw	r20, r8
    1898:	93 01       	movw	r18, r6
    189a:	0e 94 93 24 	call	0x4926	; 0x4926 <__udivmodsi4>
    189e:	c9 01       	movw	r24, r18
    18a0:	da 01       	movw	r26, r20
    18a2:	3c 01       	movw	r6, r24
    18a4:	4d 01       	movw	r8, r26
    18a6:	c4 01       	movw	r24, r8
    18a8:	b3 01       	movw	r22, r6
    18aa:	2d 96       	adiw	r28, 0x0d	; 13
    18ac:	2c ad       	ldd	r18, Y+60	; 0x3c
    18ae:	3d ad       	ldd	r19, Y+61	; 0x3d
    18b0:	4e ad       	ldd	r20, Y+62	; 0x3e
    18b2:	5f ad       	ldd	r21, Y+63	; 0x3f
    18b4:	2d 97       	sbiw	r28, 0x0d	; 13
    18b6:	0e 94 74 24 	call	0x48e8	; 0x48e8 <__mulsi3>
    18ba:	9b 01       	movw	r18, r22
    18bc:	ac 01       	movw	r20, r24
    18be:	87 01       	movw	r16, r14
    18c0:	ff 24       	eor	r15, r15
    18c2:	ee 24       	eor	r14, r14
    18c4:	89 a1       	ldd	r24, Y+33	; 0x21
    18c6:	9a a1       	ldd	r25, Y+34	; 0x22
    18c8:	ab a1       	ldd	r26, Y+35	; 0x23
    18ca:	bc a1       	ldd	r27, Y+36	; 0x24
    18cc:	a0 70       	andi	r26, 0x00	; 0
    18ce:	b0 70       	andi	r27, 0x00	; 0
    18d0:	57 01       	movw	r10, r14
    18d2:	68 01       	movw	r12, r16
    18d4:	a8 2a       	or	r10, r24
    18d6:	b9 2a       	or	r11, r25
    18d8:	ca 2a       	or	r12, r26
    18da:	db 2a       	or	r13, r27
    18dc:	a2 16       	cp	r10, r18
    18de:	b3 06       	cpc	r11, r19
    18e0:	c4 06       	cpc	r12, r20
    18e2:	d5 06       	cpc	r13, r21
    18e4:	00 f5       	brcc	.+64     	; 0x1926 <__umoddi3+0xa64>
    18e6:	08 94       	sec
    18e8:	61 08       	sbc	r6, r1
    18ea:	71 08       	sbc	r7, r1
    18ec:	81 08       	sbc	r8, r1
    18ee:	91 08       	sbc	r9, r1
    18f0:	69 a5       	ldd	r22, Y+41	; 0x29
    18f2:	7a a5       	ldd	r23, Y+42	; 0x2a
    18f4:	8b a5       	ldd	r24, Y+43	; 0x2b
    18f6:	9c a5       	ldd	r25, Y+44	; 0x2c
    18f8:	a6 0e       	add	r10, r22
    18fa:	b7 1e       	adc	r11, r23
    18fc:	c8 1e       	adc	r12, r24
    18fe:	d9 1e       	adc	r13, r25
    1900:	a6 16       	cp	r10, r22
    1902:	b7 06       	cpc	r11, r23
    1904:	c8 06       	cpc	r12, r24
    1906:	d9 06       	cpc	r13, r25
    1908:	70 f0       	brcs	.+28     	; 0x1926 <__umoddi3+0xa64>
    190a:	a2 16       	cp	r10, r18
    190c:	b3 06       	cpc	r11, r19
    190e:	c4 06       	cpc	r12, r20
    1910:	d5 06       	cpc	r13, r21
    1912:	48 f4       	brcc	.+18     	; 0x1926 <__umoddi3+0xa64>
    1914:	08 94       	sec
    1916:	61 08       	sbc	r6, r1
    1918:	71 08       	sbc	r7, r1
    191a:	81 08       	sbc	r8, r1
    191c:	91 08       	sbc	r9, r1
    191e:	a6 0e       	add	r10, r22
    1920:	b7 1e       	adc	r11, r23
    1922:	c8 1e       	adc	r12, r24
    1924:	d9 1e       	adc	r13, r25
    1926:	d6 01       	movw	r26, r12
    1928:	c5 01       	movw	r24, r10
    192a:	82 1b       	sub	r24, r18
    192c:	93 0b       	sbc	r25, r19
    192e:	a4 0b       	sbc	r26, r20
    1930:	b5 0b       	sbc	r27, r21
    1932:	89 8f       	std	Y+25, r24	; 0x19
    1934:	9a 8f       	std	Y+26, r25	; 0x1a
    1936:	ab 8f       	std	Y+27, r26	; 0x1b
    1938:	bc 8f       	std	Y+28, r27	; 0x1c
    193a:	d1 01       	movw	r26, r2
    193c:	99 27       	eor	r25, r25
    193e:	88 27       	eor	r24, r24
    1940:	84 01       	movw	r16, r8
    1942:	73 01       	movw	r14, r6
    1944:	e8 2a       	or	r14, r24
    1946:	f9 2a       	or	r15, r25
    1948:	0a 2b       	or	r16, r26
    194a:	1b 2b       	or	r17, r27
    194c:	4f ef       	ldi	r20, 0xFF	; 255
    194e:	a4 2e       	mov	r10, r20
    1950:	4f ef       	ldi	r20, 0xFF	; 255
    1952:	b4 2e       	mov	r11, r20
    1954:	c1 2c       	mov	r12, r1
    1956:	d1 2c       	mov	r13, r1
    1958:	ae 20       	and	r10, r14
    195a:	bf 20       	and	r11, r15
    195c:	c0 22       	and	r12, r16
    195e:	d1 22       	and	r13, r17
    1960:	78 01       	movw	r14, r16
    1962:	00 27       	eor	r16, r16
    1964:	11 27       	eor	r17, r17
    1966:	6d a0       	ldd	r6, Y+37	; 0x25
    1968:	7e a0       	ldd	r7, Y+38	; 0x26
    196a:	8f a0       	ldd	r8, Y+39	; 0x27
    196c:	98 a4       	ldd	r9, Y+40	; 0x28
    196e:	4f ef       	ldi	r20, 0xFF	; 255
    1970:	5f ef       	ldi	r21, 0xFF	; 255
    1972:	60 e0       	ldi	r22, 0x00	; 0
    1974:	70 e0       	ldi	r23, 0x00	; 0
    1976:	64 22       	and	r6, r20
    1978:	75 22       	and	r7, r21
    197a:	86 22       	and	r8, r22
    197c:	97 22       	and	r9, r23
    197e:	8d a1       	ldd	r24, Y+37	; 0x25
    1980:	9e a1       	ldd	r25, Y+38	; 0x26
    1982:	af a1       	ldd	r26, Y+39	; 0x27
    1984:	b8 a5       	ldd	r27, Y+40	; 0x28
    1986:	bd 01       	movw	r22, r26
    1988:	88 27       	eor	r24, r24
    198a:	99 27       	eor	r25, r25
    198c:	65 96       	adiw	r28, 0x15	; 21
    198e:	6c af       	std	Y+60, r22	; 0x3c
    1990:	7d af       	std	Y+61, r23	; 0x3d
    1992:	8e af       	std	Y+62, r24	; 0x3e
    1994:	9f af       	std	Y+63, r25	; 0x3f
    1996:	65 97       	sbiw	r28, 0x15	; 21
    1998:	c6 01       	movw	r24, r12
    199a:	b5 01       	movw	r22, r10
    199c:	a4 01       	movw	r20, r8
    199e:	93 01       	movw	r18, r6
    19a0:	0e 94 74 24 	call	0x48e8	; 0x48e8 <__mulsi3>
    19a4:	61 96       	adiw	r28, 0x11	; 17
    19a6:	6c af       	std	Y+60, r22	; 0x3c
    19a8:	7d af       	std	Y+61, r23	; 0x3d
    19aa:	8e af       	std	Y+62, r24	; 0x3e
    19ac:	9f af       	std	Y+63, r25	; 0x3f
    19ae:	61 97       	sbiw	r28, 0x11	; 17
    19b0:	c6 01       	movw	r24, r12
    19b2:	b5 01       	movw	r22, r10
    19b4:	65 96       	adiw	r28, 0x15	; 21
    19b6:	2c ad       	ldd	r18, Y+60	; 0x3c
    19b8:	3d ad       	ldd	r19, Y+61	; 0x3d
    19ba:	4e ad       	ldd	r20, Y+62	; 0x3e
    19bc:	5f ad       	ldd	r21, Y+63	; 0x3f
    19be:	65 97       	sbiw	r28, 0x15	; 21
    19c0:	0e 94 74 24 	call	0x48e8	; 0x48e8 <__mulsi3>
    19c4:	1b 01       	movw	r2, r22
    19c6:	2c 01       	movw	r4, r24
    19c8:	c8 01       	movw	r24, r16
    19ca:	b7 01       	movw	r22, r14
    19cc:	a4 01       	movw	r20, r8
    19ce:	93 01       	movw	r18, r6
    19d0:	0e 94 74 24 	call	0x48e8	; 0x48e8 <__mulsi3>
    19d4:	5b 01       	movw	r10, r22
    19d6:	6c 01       	movw	r12, r24
    19d8:	c8 01       	movw	r24, r16
    19da:	b7 01       	movw	r22, r14
    19dc:	65 96       	adiw	r28, 0x15	; 21
    19de:	2c ad       	ldd	r18, Y+60	; 0x3c
    19e0:	3d ad       	ldd	r19, Y+61	; 0x3d
    19e2:	4e ad       	ldd	r20, Y+62	; 0x3e
    19e4:	5f ad       	ldd	r21, Y+63	; 0x3f
    19e6:	65 97       	sbiw	r28, 0x15	; 21
    19e8:	0e 94 74 24 	call	0x48e8	; 0x48e8 <__mulsi3>
    19ec:	7b 01       	movw	r14, r22
    19ee:	8c 01       	movw	r16, r24
    19f0:	a6 01       	movw	r20, r12
    19f2:	95 01       	movw	r18, r10
    19f4:	22 0d       	add	r18, r2
    19f6:	33 1d       	adc	r19, r3
    19f8:	44 1d       	adc	r20, r4
    19fa:	55 1d       	adc	r21, r5
    19fc:	61 96       	adiw	r28, 0x11	; 17
    19fe:	6c ac       	ldd	r6, Y+60	; 0x3c
    1a00:	7d ac       	ldd	r7, Y+61	; 0x3d
    1a02:	8e ac       	ldd	r8, Y+62	; 0x3e
    1a04:	9f ac       	ldd	r9, Y+63	; 0x3f
    1a06:	61 97       	sbiw	r28, 0x11	; 17
    1a08:	c4 01       	movw	r24, r8
    1a0a:	aa 27       	eor	r26, r26
    1a0c:	bb 27       	eor	r27, r27
    1a0e:	28 0f       	add	r18, r24
    1a10:	39 1f       	adc	r19, r25
    1a12:	4a 1f       	adc	r20, r26
    1a14:	5b 1f       	adc	r21, r27
    1a16:	2a 15       	cp	r18, r10
    1a18:	3b 05       	cpc	r19, r11
    1a1a:	4c 05       	cpc	r20, r12
    1a1c:	5d 05       	cpc	r21, r13
    1a1e:	48 f4       	brcc	.+18     	; 0x1a32 <__umoddi3+0xb70>
    1a20:	81 2c       	mov	r8, r1
    1a22:	91 2c       	mov	r9, r1
    1a24:	e1 e0       	ldi	r30, 0x01	; 1
    1a26:	ae 2e       	mov	r10, r30
    1a28:	b1 2c       	mov	r11, r1
    1a2a:	e8 0c       	add	r14, r8
    1a2c:	f9 1c       	adc	r15, r9
    1a2e:	0a 1d       	adc	r16, r10
    1a30:	1b 1d       	adc	r17, r11
    1a32:	ca 01       	movw	r24, r20
    1a34:	aa 27       	eor	r26, r26
    1a36:	bb 27       	eor	r27, r27
    1a38:	57 01       	movw	r10, r14
    1a3a:	68 01       	movw	r12, r16
    1a3c:	a8 0e       	add	r10, r24
    1a3e:	b9 1e       	adc	r11, r25
    1a40:	ca 1e       	adc	r12, r26
    1a42:	db 1e       	adc	r13, r27
    1a44:	a9 01       	movw	r20, r18
    1a46:	33 27       	eor	r19, r19
    1a48:	22 27       	eor	r18, r18
    1a4a:	61 96       	adiw	r28, 0x11	; 17
    1a4c:	8c ad       	ldd	r24, Y+60	; 0x3c
    1a4e:	9d ad       	ldd	r25, Y+61	; 0x3d
    1a50:	ae ad       	ldd	r26, Y+62	; 0x3e
    1a52:	bf ad       	ldd	r27, Y+63	; 0x3f
    1a54:	61 97       	sbiw	r28, 0x11	; 17
    1a56:	a0 70       	andi	r26, 0x00	; 0
    1a58:	b0 70       	andi	r27, 0x00	; 0
    1a5a:	28 0f       	add	r18, r24
    1a5c:	39 1f       	adc	r19, r25
    1a5e:	4a 1f       	adc	r20, r26
    1a60:	5b 1f       	adc	r21, r27
    1a62:	e9 8c       	ldd	r14, Y+25	; 0x19
    1a64:	fa 8c       	ldd	r15, Y+26	; 0x1a
    1a66:	0b 8d       	ldd	r16, Y+27	; 0x1b
    1a68:	1c 8d       	ldd	r17, Y+28	; 0x1c
    1a6a:	ea 14       	cp	r14, r10
    1a6c:	fb 04       	cpc	r15, r11
    1a6e:	0c 05       	cpc	r16, r12
    1a70:	1d 05       	cpc	r17, r13
    1a72:	70 f0       	brcs	.+28     	; 0x1a90 <__umoddi3+0xbce>
    1a74:	ae 14       	cp	r10, r14
    1a76:	bf 04       	cpc	r11, r15
    1a78:	c0 06       	cpc	r12, r16
    1a7a:	d1 06       	cpc	r13, r17
    1a7c:	69 f5       	brne	.+90     	; 0x1ad8 <__umoddi3+0xc16>
    1a7e:	6d 8d       	ldd	r22, Y+29	; 0x1d
    1a80:	7e 8d       	ldd	r23, Y+30	; 0x1e
    1a82:	8f 8d       	ldd	r24, Y+31	; 0x1f
    1a84:	98 a1       	ldd	r25, Y+32	; 0x20
    1a86:	62 17       	cp	r22, r18
    1a88:	73 07       	cpc	r23, r19
    1a8a:	84 07       	cpc	r24, r20
    1a8c:	95 07       	cpc	r25, r21
    1a8e:	20 f5       	brcc	.+72     	; 0x1ad8 <__umoddi3+0xc16>
    1a90:	da 01       	movw	r26, r20
    1a92:	c9 01       	movw	r24, r18
    1a94:	6d a0       	ldd	r6, Y+37	; 0x25
    1a96:	7e a0       	ldd	r7, Y+38	; 0x26
    1a98:	8f a0       	ldd	r8, Y+39	; 0x27
    1a9a:	98 a4       	ldd	r9, Y+40	; 0x28
    1a9c:	86 19       	sub	r24, r6
    1a9e:	97 09       	sbc	r25, r7
    1aa0:	a8 09       	sbc	r26, r8
    1aa2:	b9 09       	sbc	r27, r9
    1aa4:	e9 a4       	ldd	r14, Y+41	; 0x29
    1aa6:	fa a4       	ldd	r15, Y+42	; 0x2a
    1aa8:	0b a5       	ldd	r16, Y+43	; 0x2b
    1aaa:	1c a5       	ldd	r17, Y+44	; 0x2c
    1aac:	ae 18       	sub	r10, r14
    1aae:	bf 08       	sbc	r11, r15
    1ab0:	c0 0a       	sbc	r12, r16
    1ab2:	d1 0a       	sbc	r13, r17
    1ab4:	ee 24       	eor	r14, r14
    1ab6:	ff 24       	eor	r15, r15
    1ab8:	87 01       	movw	r16, r14
    1aba:	28 17       	cp	r18, r24
    1abc:	39 07       	cpc	r19, r25
    1abe:	4a 07       	cpc	r20, r26
    1ac0:	5b 07       	cpc	r21, r27
    1ac2:	28 f4       	brcc	.+10     	; 0x1ace <__umoddi3+0xc0c>
    1ac4:	21 e0       	ldi	r18, 0x01	; 1
    1ac6:	e2 2e       	mov	r14, r18
    1ac8:	f1 2c       	mov	r15, r1
    1aca:	01 2d       	mov	r16, r1
    1acc:	11 2d       	mov	r17, r1
    1ace:	ae 18       	sub	r10, r14
    1ad0:	bf 08       	sbc	r11, r15
    1ad2:	c0 0a       	sbc	r12, r16
    1ad4:	d1 0a       	sbc	r13, r17
    1ad6:	02 c0       	rjmp	.+4      	; 0x1adc <__umoddi3+0xc1a>
    1ad8:	da 01       	movw	r26, r20
    1ada:	c9 01       	movw	r24, r18
    1adc:	6d 8c       	ldd	r6, Y+29	; 0x1d
    1ade:	7e 8c       	ldd	r7, Y+30	; 0x1e
    1ae0:	8f 8c       	ldd	r8, Y+31	; 0x1f
    1ae2:	98 a0       	ldd	r9, Y+32	; 0x20
    1ae4:	68 1a       	sub	r6, r24
    1ae6:	79 0a       	sbc	r7, r25
    1ae8:	8a 0a       	sbc	r8, r26
    1aea:	9b 0a       	sbc	r9, r27
    1aec:	49 8d       	ldd	r20, Y+25	; 0x19
    1aee:	5a 8d       	ldd	r21, Y+26	; 0x1a
    1af0:	6b 8d       	ldd	r22, Y+27	; 0x1b
    1af2:	7c 8d       	ldd	r23, Y+28	; 0x1c
    1af4:	4a 19       	sub	r20, r10
    1af6:	5b 09       	sbc	r21, r11
    1af8:	6c 09       	sbc	r22, r12
    1afa:	7d 09       	sbc	r23, r13
    1afc:	5a 01       	movw	r10, r20
    1afe:	6b 01       	movw	r12, r22
    1b00:	22 24       	eor	r2, r2
    1b02:	33 24       	eor	r3, r3
    1b04:	21 01       	movw	r4, r2
    1b06:	6d 8d       	ldd	r22, Y+29	; 0x1d
    1b08:	7e 8d       	ldd	r23, Y+30	; 0x1e
    1b0a:	8f 8d       	ldd	r24, Y+31	; 0x1f
    1b0c:	98 a1       	ldd	r25, Y+32	; 0x20
    1b0e:	66 15       	cp	r22, r6
    1b10:	77 05       	cpc	r23, r7
    1b12:	88 05       	cpc	r24, r8
    1b14:	99 05       	cpc	r25, r9
    1b16:	28 f4       	brcc	.+10     	; 0x1b22 <__umoddi3+0xc60>
    1b18:	81 e0       	ldi	r24, 0x01	; 1
    1b1a:	28 2e       	mov	r2, r24
    1b1c:	31 2c       	mov	r3, r1
    1b1e:	41 2c       	mov	r4, r1
    1b20:	51 2c       	mov	r5, r1
    1b22:	86 01       	movw	r16, r12
    1b24:	75 01       	movw	r14, r10
    1b26:	e2 18       	sub	r14, r2
    1b28:	f3 08       	sbc	r15, r3
    1b2a:	04 09       	sbc	r16, r4
    1b2c:	15 09       	sbc	r17, r5
    1b2e:	a8 01       	movw	r20, r16
    1b30:	97 01       	movw	r18, r14
    1b32:	66 96       	adiw	r28, 0x16	; 22
    1b34:	0f ac       	ldd	r0, Y+63	; 0x3f
    1b36:	66 97       	sbiw	r28, 0x16	; 22
    1b38:	04 c0       	rjmp	.+8      	; 0x1b42 <__umoddi3+0xc80>
    1b3a:	22 0f       	add	r18, r18
    1b3c:	33 1f       	adc	r19, r19
    1b3e:	44 1f       	adc	r20, r20
    1b40:	55 1f       	adc	r21, r21
    1b42:	0a 94       	dec	r0
    1b44:	d2 f7       	brpl	.-12     	; 0x1b3a <__umoddi3+0xc78>
    1b46:	d4 01       	movw	r26, r8
    1b48:	c3 01       	movw	r24, r6
    1b4a:	67 96       	adiw	r28, 0x17	; 23
    1b4c:	0f ac       	ldd	r0, Y+63	; 0x3f
    1b4e:	67 97       	sbiw	r28, 0x17	; 23
    1b50:	04 c0       	rjmp	.+8      	; 0x1b5a <__umoddi3+0xc98>
    1b52:	b6 95       	lsr	r27
    1b54:	a7 95       	ror	r26
    1b56:	97 95       	ror	r25
    1b58:	87 95       	ror	r24
    1b5a:	0a 94       	dec	r0
    1b5c:	d2 f7       	brpl	.-12     	; 0x1b52 <__umoddi3+0xc90>
    1b5e:	28 2b       	or	r18, r24
    1b60:	39 2b       	or	r19, r25
    1b62:	4a 2b       	or	r20, r26
    1b64:	5b 2b       	or	r21, r27
    1b66:	29 8b       	std	Y+17, r18	; 0x11
    1b68:	3a 8b       	std	Y+18, r19	; 0x12
    1b6a:	4b 8b       	std	Y+19, r20	; 0x13
    1b6c:	5c 8b       	std	Y+20, r21	; 0x14
    1b6e:	67 96       	adiw	r28, 0x17	; 23
    1b70:	0f ac       	ldd	r0, Y+63	; 0x3f
    1b72:	67 97       	sbiw	r28, 0x17	; 23
    1b74:	04 c0       	rjmp	.+8      	; 0x1b7e <__umoddi3+0xcbc>
    1b76:	16 95       	lsr	r17
    1b78:	07 95       	ror	r16
    1b7a:	f7 94       	ror	r15
    1b7c:	e7 94       	ror	r14
    1b7e:	0a 94       	dec	r0
    1b80:	d2 f7       	brpl	.-12     	; 0x1b76 <__umoddi3+0xcb4>
    1b82:	ed 8a       	std	Y+21, r14	; 0x15
    1b84:	fe 8a       	std	Y+22, r15	; 0x16
    1b86:	0f 8b       	std	Y+23, r16	; 0x17
    1b88:	18 8f       	std	Y+24, r17	; 0x18
    1b8a:	3a 89       	ldd	r19, Y+18	; 0x12
    1b8c:	4b 89       	ldd	r20, Y+19	; 0x13
    1b8e:	5c 89       	ldd	r21, Y+20	; 0x14
    1b90:	6e 2d       	mov	r22, r14
    1b92:	7e 89       	ldd	r23, Y+22	; 0x16
    1b94:	8f 89       	ldd	r24, Y+23	; 0x17
    1b96:	98 8d       	ldd	r25, Y+24	; 0x18
    1b98:	c5 5a       	subi	r28, 0xA5	; 165
    1b9a:	df 4f       	sbci	r29, 0xFF	; 255
    1b9c:	e2 e1       	ldi	r30, 0x12	; 18
    1b9e:	0c 94 d1 24 	jmp	0x49a2	; 0x49a2 <__epilogue_restores__>

00001ba2 <_fpadd_parts>:
    1ba2:	a0 e0       	ldi	r26, 0x00	; 0
    1ba4:	b0 e0       	ldi	r27, 0x00	; 0
    1ba6:	e7 ed       	ldi	r30, 0xD7	; 215
    1ba8:	fd e0       	ldi	r31, 0x0D	; 13
    1baa:	0c 94 b5 24 	jmp	0x496a	; 0x496a <__prologue_saves__>
    1bae:	dc 01       	movw	r26, r24
    1bb0:	2b 01       	movw	r4, r22
    1bb2:	fa 01       	movw	r30, r20
    1bb4:	9c 91       	ld	r25, X
    1bb6:	92 30       	cpi	r25, 0x02	; 2
    1bb8:	08 f4       	brcc	.+2      	; 0x1bbc <_fpadd_parts+0x1a>
    1bba:	39 c1       	rjmp	.+626    	; 0x1e2e <_fpadd_parts+0x28c>
    1bbc:	eb 01       	movw	r28, r22
    1bbe:	88 81       	ld	r24, Y
    1bc0:	82 30       	cpi	r24, 0x02	; 2
    1bc2:	08 f4       	brcc	.+2      	; 0x1bc6 <_fpadd_parts+0x24>
    1bc4:	33 c1       	rjmp	.+614    	; 0x1e2c <_fpadd_parts+0x28a>
    1bc6:	94 30       	cpi	r25, 0x04	; 4
    1bc8:	69 f4       	brne	.+26     	; 0x1be4 <_fpadd_parts+0x42>
    1bca:	84 30       	cpi	r24, 0x04	; 4
    1bcc:	09 f0       	breq	.+2      	; 0x1bd0 <_fpadd_parts+0x2e>
    1bce:	2f c1       	rjmp	.+606    	; 0x1e2e <_fpadd_parts+0x28c>
    1bd0:	11 96       	adiw	r26, 0x01	; 1
    1bd2:	9c 91       	ld	r25, X
    1bd4:	11 97       	sbiw	r26, 0x01	; 1
    1bd6:	89 81       	ldd	r24, Y+1	; 0x01
    1bd8:	98 17       	cp	r25, r24
    1bda:	09 f4       	brne	.+2      	; 0x1bde <_fpadd_parts+0x3c>
    1bdc:	28 c1       	rjmp	.+592    	; 0x1e2e <_fpadd_parts+0x28c>
    1bde:	a0 e6       	ldi	r26, 0x60	; 96
    1be0:	b0 e0       	ldi	r27, 0x00	; 0
    1be2:	25 c1       	rjmp	.+586    	; 0x1e2e <_fpadd_parts+0x28c>
    1be4:	84 30       	cpi	r24, 0x04	; 4
    1be6:	09 f4       	brne	.+2      	; 0x1bea <_fpadd_parts+0x48>
    1be8:	21 c1       	rjmp	.+578    	; 0x1e2c <_fpadd_parts+0x28a>
    1bea:	82 30       	cpi	r24, 0x02	; 2
    1bec:	a9 f4       	brne	.+42     	; 0x1c18 <_fpadd_parts+0x76>
    1bee:	92 30       	cpi	r25, 0x02	; 2
    1bf0:	09 f0       	breq	.+2      	; 0x1bf4 <_fpadd_parts+0x52>
    1bf2:	1d c1       	rjmp	.+570    	; 0x1e2e <_fpadd_parts+0x28c>
    1bf4:	9a 01       	movw	r18, r20
    1bf6:	ad 01       	movw	r20, r26
    1bf8:	88 e0       	ldi	r24, 0x08	; 8
    1bfa:	ea 01       	movw	r28, r20
    1bfc:	09 90       	ld	r0, Y+
    1bfe:	ae 01       	movw	r20, r28
    1c00:	e9 01       	movw	r28, r18
    1c02:	09 92       	st	Y+, r0
    1c04:	9e 01       	movw	r18, r28
    1c06:	81 50       	subi	r24, 0x01	; 1
    1c08:	c1 f7       	brne	.-16     	; 0x1bfa <_fpadd_parts+0x58>
    1c0a:	e2 01       	movw	r28, r4
    1c0c:	89 81       	ldd	r24, Y+1	; 0x01
    1c0e:	11 96       	adiw	r26, 0x01	; 1
    1c10:	9c 91       	ld	r25, X
    1c12:	89 23       	and	r24, r25
    1c14:	81 83       	std	Z+1, r24	; 0x01
    1c16:	08 c1       	rjmp	.+528    	; 0x1e28 <_fpadd_parts+0x286>
    1c18:	92 30       	cpi	r25, 0x02	; 2
    1c1a:	09 f4       	brne	.+2      	; 0x1c1e <_fpadd_parts+0x7c>
    1c1c:	07 c1       	rjmp	.+526    	; 0x1e2c <_fpadd_parts+0x28a>
    1c1e:	12 96       	adiw	r26, 0x02	; 2
    1c20:	2d 90       	ld	r2, X+
    1c22:	3c 90       	ld	r3, X
    1c24:	13 97       	sbiw	r26, 0x03	; 3
    1c26:	eb 01       	movw	r28, r22
    1c28:	8a 81       	ldd	r24, Y+2	; 0x02
    1c2a:	9b 81       	ldd	r25, Y+3	; 0x03
    1c2c:	14 96       	adiw	r26, 0x04	; 4
    1c2e:	ad 90       	ld	r10, X+
    1c30:	bd 90       	ld	r11, X+
    1c32:	cd 90       	ld	r12, X+
    1c34:	dc 90       	ld	r13, X
    1c36:	17 97       	sbiw	r26, 0x07	; 7
    1c38:	ec 80       	ldd	r14, Y+4	; 0x04
    1c3a:	fd 80       	ldd	r15, Y+5	; 0x05
    1c3c:	0e 81       	ldd	r16, Y+6	; 0x06
    1c3e:	1f 81       	ldd	r17, Y+7	; 0x07
    1c40:	91 01       	movw	r18, r2
    1c42:	28 1b       	sub	r18, r24
    1c44:	39 0b       	sbc	r19, r25
    1c46:	b9 01       	movw	r22, r18
    1c48:	37 ff       	sbrs	r19, 7
    1c4a:	04 c0       	rjmp	.+8      	; 0x1c54 <_fpadd_parts+0xb2>
    1c4c:	66 27       	eor	r22, r22
    1c4e:	77 27       	eor	r23, r23
    1c50:	62 1b       	sub	r22, r18
    1c52:	73 0b       	sbc	r23, r19
    1c54:	60 32       	cpi	r22, 0x20	; 32
    1c56:	71 05       	cpc	r23, r1
    1c58:	0c f0       	brlt	.+2      	; 0x1c5c <_fpadd_parts+0xba>
    1c5a:	61 c0       	rjmp	.+194    	; 0x1d1e <_fpadd_parts+0x17c>
    1c5c:	12 16       	cp	r1, r18
    1c5e:	13 06       	cpc	r1, r19
    1c60:	6c f5       	brge	.+90     	; 0x1cbc <_fpadd_parts+0x11a>
    1c62:	37 01       	movw	r6, r14
    1c64:	48 01       	movw	r8, r16
    1c66:	06 2e       	mov	r0, r22
    1c68:	04 c0       	rjmp	.+8      	; 0x1c72 <_fpadd_parts+0xd0>
    1c6a:	96 94       	lsr	r9
    1c6c:	87 94       	ror	r8
    1c6e:	77 94       	ror	r7
    1c70:	67 94       	ror	r6
    1c72:	0a 94       	dec	r0
    1c74:	d2 f7       	brpl	.-12     	; 0x1c6a <_fpadd_parts+0xc8>
    1c76:	21 e0       	ldi	r18, 0x01	; 1
    1c78:	30 e0       	ldi	r19, 0x00	; 0
    1c7a:	40 e0       	ldi	r20, 0x00	; 0
    1c7c:	50 e0       	ldi	r21, 0x00	; 0
    1c7e:	04 c0       	rjmp	.+8      	; 0x1c88 <_fpadd_parts+0xe6>
    1c80:	22 0f       	add	r18, r18
    1c82:	33 1f       	adc	r19, r19
    1c84:	44 1f       	adc	r20, r20
    1c86:	55 1f       	adc	r21, r21
    1c88:	6a 95       	dec	r22
    1c8a:	d2 f7       	brpl	.-12     	; 0x1c80 <_fpadd_parts+0xde>
    1c8c:	21 50       	subi	r18, 0x01	; 1
    1c8e:	30 40       	sbci	r19, 0x00	; 0
    1c90:	40 40       	sbci	r20, 0x00	; 0
    1c92:	50 40       	sbci	r21, 0x00	; 0
    1c94:	2e 21       	and	r18, r14
    1c96:	3f 21       	and	r19, r15
    1c98:	40 23       	and	r20, r16
    1c9a:	51 23       	and	r21, r17
    1c9c:	21 15       	cp	r18, r1
    1c9e:	31 05       	cpc	r19, r1
    1ca0:	41 05       	cpc	r20, r1
    1ca2:	51 05       	cpc	r21, r1
    1ca4:	21 f0       	breq	.+8      	; 0x1cae <_fpadd_parts+0x10c>
    1ca6:	21 e0       	ldi	r18, 0x01	; 1
    1ca8:	30 e0       	ldi	r19, 0x00	; 0
    1caa:	40 e0       	ldi	r20, 0x00	; 0
    1cac:	50 e0       	ldi	r21, 0x00	; 0
    1cae:	79 01       	movw	r14, r18
    1cb0:	8a 01       	movw	r16, r20
    1cb2:	e6 28       	or	r14, r6
    1cb4:	f7 28       	or	r15, r7
    1cb6:	08 29       	or	r16, r8
    1cb8:	19 29       	or	r17, r9
    1cba:	3c c0       	rjmp	.+120    	; 0x1d34 <_fpadd_parts+0x192>
    1cbc:	23 2b       	or	r18, r19
    1cbe:	d1 f1       	breq	.+116    	; 0x1d34 <_fpadd_parts+0x192>
    1cc0:	26 0e       	add	r2, r22
    1cc2:	37 1e       	adc	r3, r23
    1cc4:	35 01       	movw	r6, r10
    1cc6:	46 01       	movw	r8, r12
    1cc8:	06 2e       	mov	r0, r22
    1cca:	04 c0       	rjmp	.+8      	; 0x1cd4 <_fpadd_parts+0x132>
    1ccc:	96 94       	lsr	r9
    1cce:	87 94       	ror	r8
    1cd0:	77 94       	ror	r7
    1cd2:	67 94       	ror	r6
    1cd4:	0a 94       	dec	r0
    1cd6:	d2 f7       	brpl	.-12     	; 0x1ccc <_fpadd_parts+0x12a>
    1cd8:	21 e0       	ldi	r18, 0x01	; 1
    1cda:	30 e0       	ldi	r19, 0x00	; 0
    1cdc:	40 e0       	ldi	r20, 0x00	; 0
    1cde:	50 e0       	ldi	r21, 0x00	; 0
    1ce0:	04 c0       	rjmp	.+8      	; 0x1cea <_fpadd_parts+0x148>
    1ce2:	22 0f       	add	r18, r18
    1ce4:	33 1f       	adc	r19, r19
    1ce6:	44 1f       	adc	r20, r20
    1ce8:	55 1f       	adc	r21, r21
    1cea:	6a 95       	dec	r22
    1cec:	d2 f7       	brpl	.-12     	; 0x1ce2 <_fpadd_parts+0x140>
    1cee:	21 50       	subi	r18, 0x01	; 1
    1cf0:	30 40       	sbci	r19, 0x00	; 0
    1cf2:	40 40       	sbci	r20, 0x00	; 0
    1cf4:	50 40       	sbci	r21, 0x00	; 0
    1cf6:	2a 21       	and	r18, r10
    1cf8:	3b 21       	and	r19, r11
    1cfa:	4c 21       	and	r20, r12
    1cfc:	5d 21       	and	r21, r13
    1cfe:	21 15       	cp	r18, r1
    1d00:	31 05       	cpc	r19, r1
    1d02:	41 05       	cpc	r20, r1
    1d04:	51 05       	cpc	r21, r1
    1d06:	21 f0       	breq	.+8      	; 0x1d10 <_fpadd_parts+0x16e>
    1d08:	21 e0       	ldi	r18, 0x01	; 1
    1d0a:	30 e0       	ldi	r19, 0x00	; 0
    1d0c:	40 e0       	ldi	r20, 0x00	; 0
    1d0e:	50 e0       	ldi	r21, 0x00	; 0
    1d10:	59 01       	movw	r10, r18
    1d12:	6a 01       	movw	r12, r20
    1d14:	a6 28       	or	r10, r6
    1d16:	b7 28       	or	r11, r7
    1d18:	c8 28       	or	r12, r8
    1d1a:	d9 28       	or	r13, r9
    1d1c:	0b c0       	rjmp	.+22     	; 0x1d34 <_fpadd_parts+0x192>
    1d1e:	82 15       	cp	r24, r2
    1d20:	93 05       	cpc	r25, r3
    1d22:	2c f0       	brlt	.+10     	; 0x1d2e <_fpadd_parts+0x18c>
    1d24:	1c 01       	movw	r2, r24
    1d26:	aa 24       	eor	r10, r10
    1d28:	bb 24       	eor	r11, r11
    1d2a:	65 01       	movw	r12, r10
    1d2c:	03 c0       	rjmp	.+6      	; 0x1d34 <_fpadd_parts+0x192>
    1d2e:	ee 24       	eor	r14, r14
    1d30:	ff 24       	eor	r15, r15
    1d32:	87 01       	movw	r16, r14
    1d34:	11 96       	adiw	r26, 0x01	; 1
    1d36:	9c 91       	ld	r25, X
    1d38:	d2 01       	movw	r26, r4
    1d3a:	11 96       	adiw	r26, 0x01	; 1
    1d3c:	8c 91       	ld	r24, X
    1d3e:	98 17       	cp	r25, r24
    1d40:	09 f4       	brne	.+2      	; 0x1d44 <_fpadd_parts+0x1a2>
    1d42:	45 c0       	rjmp	.+138    	; 0x1dce <_fpadd_parts+0x22c>
    1d44:	99 23       	and	r25, r25
    1d46:	39 f0       	breq	.+14     	; 0x1d56 <_fpadd_parts+0x1b4>
    1d48:	a8 01       	movw	r20, r16
    1d4a:	97 01       	movw	r18, r14
    1d4c:	2a 19       	sub	r18, r10
    1d4e:	3b 09       	sbc	r19, r11
    1d50:	4c 09       	sbc	r20, r12
    1d52:	5d 09       	sbc	r21, r13
    1d54:	06 c0       	rjmp	.+12     	; 0x1d62 <_fpadd_parts+0x1c0>
    1d56:	a6 01       	movw	r20, r12
    1d58:	95 01       	movw	r18, r10
    1d5a:	2e 19       	sub	r18, r14
    1d5c:	3f 09       	sbc	r19, r15
    1d5e:	40 0b       	sbc	r20, r16
    1d60:	51 0b       	sbc	r21, r17
    1d62:	57 fd       	sbrc	r21, 7
    1d64:	08 c0       	rjmp	.+16     	; 0x1d76 <_fpadd_parts+0x1d4>
    1d66:	11 82       	std	Z+1, r1	; 0x01
    1d68:	33 82       	std	Z+3, r3	; 0x03
    1d6a:	22 82       	std	Z+2, r2	; 0x02
    1d6c:	24 83       	std	Z+4, r18	; 0x04
    1d6e:	35 83       	std	Z+5, r19	; 0x05
    1d70:	46 83       	std	Z+6, r20	; 0x06
    1d72:	57 83       	std	Z+7, r21	; 0x07
    1d74:	1d c0       	rjmp	.+58     	; 0x1db0 <_fpadd_parts+0x20e>
    1d76:	81 e0       	ldi	r24, 0x01	; 1
    1d78:	81 83       	std	Z+1, r24	; 0x01
    1d7a:	33 82       	std	Z+3, r3	; 0x03
    1d7c:	22 82       	std	Z+2, r2	; 0x02
    1d7e:	88 27       	eor	r24, r24
    1d80:	99 27       	eor	r25, r25
    1d82:	dc 01       	movw	r26, r24
    1d84:	82 1b       	sub	r24, r18
    1d86:	93 0b       	sbc	r25, r19
    1d88:	a4 0b       	sbc	r26, r20
    1d8a:	b5 0b       	sbc	r27, r21
    1d8c:	84 83       	std	Z+4, r24	; 0x04
    1d8e:	95 83       	std	Z+5, r25	; 0x05
    1d90:	a6 83       	std	Z+6, r26	; 0x06
    1d92:	b7 83       	std	Z+7, r27	; 0x07
    1d94:	0d c0       	rjmp	.+26     	; 0x1db0 <_fpadd_parts+0x20e>
    1d96:	22 0f       	add	r18, r18
    1d98:	33 1f       	adc	r19, r19
    1d9a:	44 1f       	adc	r20, r20
    1d9c:	55 1f       	adc	r21, r21
    1d9e:	24 83       	std	Z+4, r18	; 0x04
    1da0:	35 83       	std	Z+5, r19	; 0x05
    1da2:	46 83       	std	Z+6, r20	; 0x06
    1da4:	57 83       	std	Z+7, r21	; 0x07
    1da6:	82 81       	ldd	r24, Z+2	; 0x02
    1da8:	93 81       	ldd	r25, Z+3	; 0x03
    1daa:	01 97       	sbiw	r24, 0x01	; 1
    1dac:	93 83       	std	Z+3, r25	; 0x03
    1dae:	82 83       	std	Z+2, r24	; 0x02
    1db0:	24 81       	ldd	r18, Z+4	; 0x04
    1db2:	35 81       	ldd	r19, Z+5	; 0x05
    1db4:	46 81       	ldd	r20, Z+6	; 0x06
    1db6:	57 81       	ldd	r21, Z+7	; 0x07
    1db8:	da 01       	movw	r26, r20
    1dba:	c9 01       	movw	r24, r18
    1dbc:	01 97       	sbiw	r24, 0x01	; 1
    1dbe:	a1 09       	sbc	r26, r1
    1dc0:	b1 09       	sbc	r27, r1
    1dc2:	8f 5f       	subi	r24, 0xFF	; 255
    1dc4:	9f 4f       	sbci	r25, 0xFF	; 255
    1dc6:	af 4f       	sbci	r26, 0xFF	; 255
    1dc8:	bf 43       	sbci	r27, 0x3F	; 63
    1dca:	28 f3       	brcs	.-54     	; 0x1d96 <_fpadd_parts+0x1f4>
    1dcc:	0b c0       	rjmp	.+22     	; 0x1de4 <_fpadd_parts+0x242>
    1dce:	91 83       	std	Z+1, r25	; 0x01
    1dd0:	33 82       	std	Z+3, r3	; 0x03
    1dd2:	22 82       	std	Z+2, r2	; 0x02
    1dd4:	ea 0c       	add	r14, r10
    1dd6:	fb 1c       	adc	r15, r11
    1dd8:	0c 1d       	adc	r16, r12
    1dda:	1d 1d       	adc	r17, r13
    1ddc:	e4 82       	std	Z+4, r14	; 0x04
    1dde:	f5 82       	std	Z+5, r15	; 0x05
    1de0:	06 83       	std	Z+6, r16	; 0x06
    1de2:	17 83       	std	Z+7, r17	; 0x07
    1de4:	83 e0       	ldi	r24, 0x03	; 3
    1de6:	80 83       	st	Z, r24
    1de8:	24 81       	ldd	r18, Z+4	; 0x04
    1dea:	35 81       	ldd	r19, Z+5	; 0x05
    1dec:	46 81       	ldd	r20, Z+6	; 0x06
    1dee:	57 81       	ldd	r21, Z+7	; 0x07
    1df0:	57 ff       	sbrs	r21, 7
    1df2:	1a c0       	rjmp	.+52     	; 0x1e28 <_fpadd_parts+0x286>
    1df4:	c9 01       	movw	r24, r18
    1df6:	aa 27       	eor	r26, r26
    1df8:	97 fd       	sbrc	r25, 7
    1dfa:	a0 95       	com	r26
    1dfc:	ba 2f       	mov	r27, r26
    1dfe:	81 70       	andi	r24, 0x01	; 1
    1e00:	90 70       	andi	r25, 0x00	; 0
    1e02:	a0 70       	andi	r26, 0x00	; 0
    1e04:	b0 70       	andi	r27, 0x00	; 0
    1e06:	56 95       	lsr	r21
    1e08:	47 95       	ror	r20
    1e0a:	37 95       	ror	r19
    1e0c:	27 95       	ror	r18
    1e0e:	82 2b       	or	r24, r18
    1e10:	93 2b       	or	r25, r19
    1e12:	a4 2b       	or	r26, r20
    1e14:	b5 2b       	or	r27, r21
    1e16:	84 83       	std	Z+4, r24	; 0x04
    1e18:	95 83       	std	Z+5, r25	; 0x05
    1e1a:	a6 83       	std	Z+6, r26	; 0x06
    1e1c:	b7 83       	std	Z+7, r27	; 0x07
    1e1e:	82 81       	ldd	r24, Z+2	; 0x02
    1e20:	93 81       	ldd	r25, Z+3	; 0x03
    1e22:	01 96       	adiw	r24, 0x01	; 1
    1e24:	93 83       	std	Z+3, r25	; 0x03
    1e26:	82 83       	std	Z+2, r24	; 0x02
    1e28:	df 01       	movw	r26, r30
    1e2a:	01 c0       	rjmp	.+2      	; 0x1e2e <_fpadd_parts+0x28c>
    1e2c:	d2 01       	movw	r26, r4
    1e2e:	cd 01       	movw	r24, r26
    1e30:	cd b7       	in	r28, 0x3d	; 61
    1e32:	de b7       	in	r29, 0x3e	; 62
    1e34:	e2 e1       	ldi	r30, 0x12	; 18
    1e36:	0c 94 d1 24 	jmp	0x49a2	; 0x49a2 <__epilogue_restores__>

00001e3a <__subsf3>:
    1e3a:	a0 e2       	ldi	r26, 0x20	; 32
    1e3c:	b0 e0       	ldi	r27, 0x00	; 0
    1e3e:	e3 e2       	ldi	r30, 0x23	; 35
    1e40:	ff e0       	ldi	r31, 0x0F	; 15
    1e42:	0c 94 c1 24 	jmp	0x4982	; 0x4982 <__prologue_saves__+0x18>
    1e46:	69 83       	std	Y+1, r22	; 0x01
    1e48:	7a 83       	std	Y+2, r23	; 0x02
    1e4a:	8b 83       	std	Y+3, r24	; 0x03
    1e4c:	9c 83       	std	Y+4, r25	; 0x04
    1e4e:	2d 83       	std	Y+5, r18	; 0x05
    1e50:	3e 83       	std	Y+6, r19	; 0x06
    1e52:	4f 83       	std	Y+7, r20	; 0x07
    1e54:	58 87       	std	Y+8, r21	; 0x08
    1e56:	e9 e0       	ldi	r30, 0x09	; 9
    1e58:	ee 2e       	mov	r14, r30
    1e5a:	f1 2c       	mov	r15, r1
    1e5c:	ec 0e       	add	r14, r28
    1e5e:	fd 1e       	adc	r15, r29
    1e60:	ce 01       	movw	r24, r28
    1e62:	01 96       	adiw	r24, 0x01	; 1
    1e64:	b7 01       	movw	r22, r14
    1e66:	0e 94 2e 12 	call	0x245c	; 0x245c <__unpack_f>
    1e6a:	8e 01       	movw	r16, r28
    1e6c:	0f 5e       	subi	r16, 0xEF	; 239
    1e6e:	1f 4f       	sbci	r17, 0xFF	; 255
    1e70:	ce 01       	movw	r24, r28
    1e72:	05 96       	adiw	r24, 0x05	; 5
    1e74:	b8 01       	movw	r22, r16
    1e76:	0e 94 2e 12 	call	0x245c	; 0x245c <__unpack_f>
    1e7a:	8a 89       	ldd	r24, Y+18	; 0x12
    1e7c:	91 e0       	ldi	r25, 0x01	; 1
    1e7e:	89 27       	eor	r24, r25
    1e80:	8a 8b       	std	Y+18, r24	; 0x12
    1e82:	c7 01       	movw	r24, r14
    1e84:	b8 01       	movw	r22, r16
    1e86:	ae 01       	movw	r20, r28
    1e88:	47 5e       	subi	r20, 0xE7	; 231
    1e8a:	5f 4f       	sbci	r21, 0xFF	; 255
    1e8c:	0e 94 d1 0d 	call	0x1ba2	; 0x1ba2 <_fpadd_parts>
    1e90:	0e 94 59 11 	call	0x22b2	; 0x22b2 <__pack_f>
    1e94:	a0 96       	adiw	r28, 0x20	; 32
    1e96:	e6 e0       	ldi	r30, 0x06	; 6
    1e98:	0c 94 dd 24 	jmp	0x49ba	; 0x49ba <__epilogue_restores__+0x18>

00001e9c <__addsf3>:
    1e9c:	a0 e2       	ldi	r26, 0x20	; 32
    1e9e:	b0 e0       	ldi	r27, 0x00	; 0
    1ea0:	e4 e5       	ldi	r30, 0x54	; 84
    1ea2:	ff e0       	ldi	r31, 0x0F	; 15
    1ea4:	0c 94 c1 24 	jmp	0x4982	; 0x4982 <__prologue_saves__+0x18>
    1ea8:	69 83       	std	Y+1, r22	; 0x01
    1eaa:	7a 83       	std	Y+2, r23	; 0x02
    1eac:	8b 83       	std	Y+3, r24	; 0x03
    1eae:	9c 83       	std	Y+4, r25	; 0x04
    1eb0:	2d 83       	std	Y+5, r18	; 0x05
    1eb2:	3e 83       	std	Y+6, r19	; 0x06
    1eb4:	4f 83       	std	Y+7, r20	; 0x07
    1eb6:	58 87       	std	Y+8, r21	; 0x08
    1eb8:	f9 e0       	ldi	r31, 0x09	; 9
    1eba:	ef 2e       	mov	r14, r31
    1ebc:	f1 2c       	mov	r15, r1
    1ebe:	ec 0e       	add	r14, r28
    1ec0:	fd 1e       	adc	r15, r29
    1ec2:	ce 01       	movw	r24, r28
    1ec4:	01 96       	adiw	r24, 0x01	; 1
    1ec6:	b7 01       	movw	r22, r14
    1ec8:	0e 94 2e 12 	call	0x245c	; 0x245c <__unpack_f>
    1ecc:	8e 01       	movw	r16, r28
    1ece:	0f 5e       	subi	r16, 0xEF	; 239
    1ed0:	1f 4f       	sbci	r17, 0xFF	; 255
    1ed2:	ce 01       	movw	r24, r28
    1ed4:	05 96       	adiw	r24, 0x05	; 5
    1ed6:	b8 01       	movw	r22, r16
    1ed8:	0e 94 2e 12 	call	0x245c	; 0x245c <__unpack_f>
    1edc:	c7 01       	movw	r24, r14
    1ede:	b8 01       	movw	r22, r16
    1ee0:	ae 01       	movw	r20, r28
    1ee2:	47 5e       	subi	r20, 0xE7	; 231
    1ee4:	5f 4f       	sbci	r21, 0xFF	; 255
    1ee6:	0e 94 d1 0d 	call	0x1ba2	; 0x1ba2 <_fpadd_parts>
    1eea:	0e 94 59 11 	call	0x22b2	; 0x22b2 <__pack_f>
    1eee:	a0 96       	adiw	r28, 0x20	; 32
    1ef0:	e6 e0       	ldi	r30, 0x06	; 6
    1ef2:	0c 94 dd 24 	jmp	0x49ba	; 0x49ba <__epilogue_restores__+0x18>

00001ef6 <__mulsf3>:
    1ef6:	a0 e2       	ldi	r26, 0x20	; 32
    1ef8:	b0 e0       	ldi	r27, 0x00	; 0
    1efa:	e1 e8       	ldi	r30, 0x81	; 129
    1efc:	ff e0       	ldi	r31, 0x0F	; 15
    1efe:	0c 94 b5 24 	jmp	0x496a	; 0x496a <__prologue_saves__>
    1f02:	69 83       	std	Y+1, r22	; 0x01
    1f04:	7a 83       	std	Y+2, r23	; 0x02
    1f06:	8b 83       	std	Y+3, r24	; 0x03
    1f08:	9c 83       	std	Y+4, r25	; 0x04
    1f0a:	2d 83       	std	Y+5, r18	; 0x05
    1f0c:	3e 83       	std	Y+6, r19	; 0x06
    1f0e:	4f 83       	std	Y+7, r20	; 0x07
    1f10:	58 87       	std	Y+8, r21	; 0x08
    1f12:	ce 01       	movw	r24, r28
    1f14:	01 96       	adiw	r24, 0x01	; 1
    1f16:	be 01       	movw	r22, r28
    1f18:	67 5f       	subi	r22, 0xF7	; 247
    1f1a:	7f 4f       	sbci	r23, 0xFF	; 255
    1f1c:	0e 94 2e 12 	call	0x245c	; 0x245c <__unpack_f>
    1f20:	ce 01       	movw	r24, r28
    1f22:	05 96       	adiw	r24, 0x05	; 5
    1f24:	be 01       	movw	r22, r28
    1f26:	6f 5e       	subi	r22, 0xEF	; 239
    1f28:	7f 4f       	sbci	r23, 0xFF	; 255
    1f2a:	0e 94 2e 12 	call	0x245c	; 0x245c <__unpack_f>
    1f2e:	99 85       	ldd	r25, Y+9	; 0x09
    1f30:	92 30       	cpi	r25, 0x02	; 2
    1f32:	88 f0       	brcs	.+34     	; 0x1f56 <__mulsf3+0x60>
    1f34:	89 89       	ldd	r24, Y+17	; 0x11
    1f36:	82 30       	cpi	r24, 0x02	; 2
    1f38:	c8 f0       	brcs	.+50     	; 0x1f6c <__mulsf3+0x76>
    1f3a:	94 30       	cpi	r25, 0x04	; 4
    1f3c:	19 f4       	brne	.+6      	; 0x1f44 <__mulsf3+0x4e>
    1f3e:	82 30       	cpi	r24, 0x02	; 2
    1f40:	51 f4       	brne	.+20     	; 0x1f56 <__mulsf3+0x60>
    1f42:	04 c0       	rjmp	.+8      	; 0x1f4c <__mulsf3+0x56>
    1f44:	84 30       	cpi	r24, 0x04	; 4
    1f46:	29 f4       	brne	.+10     	; 0x1f52 <__mulsf3+0x5c>
    1f48:	92 30       	cpi	r25, 0x02	; 2
    1f4a:	81 f4       	brne	.+32     	; 0x1f6c <__mulsf3+0x76>
    1f4c:	80 e6       	ldi	r24, 0x60	; 96
    1f4e:	90 e0       	ldi	r25, 0x00	; 0
    1f50:	c6 c0       	rjmp	.+396    	; 0x20de <__mulsf3+0x1e8>
    1f52:	92 30       	cpi	r25, 0x02	; 2
    1f54:	49 f4       	brne	.+18     	; 0x1f68 <__mulsf3+0x72>
    1f56:	20 e0       	ldi	r18, 0x00	; 0
    1f58:	9a 85       	ldd	r25, Y+10	; 0x0a
    1f5a:	8a 89       	ldd	r24, Y+18	; 0x12
    1f5c:	98 13       	cpse	r25, r24
    1f5e:	21 e0       	ldi	r18, 0x01	; 1
    1f60:	2a 87       	std	Y+10, r18	; 0x0a
    1f62:	ce 01       	movw	r24, r28
    1f64:	09 96       	adiw	r24, 0x09	; 9
    1f66:	bb c0       	rjmp	.+374    	; 0x20de <__mulsf3+0x1e8>
    1f68:	82 30       	cpi	r24, 0x02	; 2
    1f6a:	49 f4       	brne	.+18     	; 0x1f7e <__mulsf3+0x88>
    1f6c:	20 e0       	ldi	r18, 0x00	; 0
    1f6e:	9a 85       	ldd	r25, Y+10	; 0x0a
    1f70:	8a 89       	ldd	r24, Y+18	; 0x12
    1f72:	98 13       	cpse	r25, r24
    1f74:	21 e0       	ldi	r18, 0x01	; 1
    1f76:	2a 8b       	std	Y+18, r18	; 0x12
    1f78:	ce 01       	movw	r24, r28
    1f7a:	41 96       	adiw	r24, 0x11	; 17
    1f7c:	b0 c0       	rjmp	.+352    	; 0x20de <__mulsf3+0x1e8>
    1f7e:	2d 84       	ldd	r2, Y+13	; 0x0d
    1f80:	3e 84       	ldd	r3, Y+14	; 0x0e
    1f82:	4f 84       	ldd	r4, Y+15	; 0x0f
    1f84:	58 88       	ldd	r5, Y+16	; 0x10
    1f86:	6d 88       	ldd	r6, Y+21	; 0x15
    1f88:	7e 88       	ldd	r7, Y+22	; 0x16
    1f8a:	8f 88       	ldd	r8, Y+23	; 0x17
    1f8c:	98 8c       	ldd	r9, Y+24	; 0x18
    1f8e:	ee 24       	eor	r14, r14
    1f90:	ff 24       	eor	r15, r15
    1f92:	87 01       	movw	r16, r14
    1f94:	aa 24       	eor	r10, r10
    1f96:	bb 24       	eor	r11, r11
    1f98:	65 01       	movw	r12, r10
    1f9a:	40 e0       	ldi	r20, 0x00	; 0
    1f9c:	50 e0       	ldi	r21, 0x00	; 0
    1f9e:	60 e0       	ldi	r22, 0x00	; 0
    1fa0:	70 e0       	ldi	r23, 0x00	; 0
    1fa2:	e0 e0       	ldi	r30, 0x00	; 0
    1fa4:	f0 e0       	ldi	r31, 0x00	; 0
    1fa6:	c1 01       	movw	r24, r2
    1fa8:	81 70       	andi	r24, 0x01	; 1
    1faa:	90 70       	andi	r25, 0x00	; 0
    1fac:	89 2b       	or	r24, r25
    1fae:	e9 f0       	breq	.+58     	; 0x1fea <__mulsf3+0xf4>
    1fb0:	e6 0c       	add	r14, r6
    1fb2:	f7 1c       	adc	r15, r7
    1fb4:	08 1d       	adc	r16, r8
    1fb6:	19 1d       	adc	r17, r9
    1fb8:	9a 01       	movw	r18, r20
    1fba:	ab 01       	movw	r20, r22
    1fbc:	2a 0d       	add	r18, r10
    1fbe:	3b 1d       	adc	r19, r11
    1fc0:	4c 1d       	adc	r20, r12
    1fc2:	5d 1d       	adc	r21, r13
    1fc4:	80 e0       	ldi	r24, 0x00	; 0
    1fc6:	90 e0       	ldi	r25, 0x00	; 0
    1fc8:	a0 e0       	ldi	r26, 0x00	; 0
    1fca:	b0 e0       	ldi	r27, 0x00	; 0
    1fcc:	e6 14       	cp	r14, r6
    1fce:	f7 04       	cpc	r15, r7
    1fd0:	08 05       	cpc	r16, r8
    1fd2:	19 05       	cpc	r17, r9
    1fd4:	20 f4       	brcc	.+8      	; 0x1fde <__mulsf3+0xe8>
    1fd6:	81 e0       	ldi	r24, 0x01	; 1
    1fd8:	90 e0       	ldi	r25, 0x00	; 0
    1fda:	a0 e0       	ldi	r26, 0x00	; 0
    1fdc:	b0 e0       	ldi	r27, 0x00	; 0
    1fde:	ba 01       	movw	r22, r20
    1fe0:	a9 01       	movw	r20, r18
    1fe2:	48 0f       	add	r20, r24
    1fe4:	59 1f       	adc	r21, r25
    1fe6:	6a 1f       	adc	r22, r26
    1fe8:	7b 1f       	adc	r23, r27
    1fea:	aa 0c       	add	r10, r10
    1fec:	bb 1c       	adc	r11, r11
    1fee:	cc 1c       	adc	r12, r12
    1ff0:	dd 1c       	adc	r13, r13
    1ff2:	97 fe       	sbrs	r9, 7
    1ff4:	08 c0       	rjmp	.+16     	; 0x2006 <__mulsf3+0x110>
    1ff6:	81 e0       	ldi	r24, 0x01	; 1
    1ff8:	90 e0       	ldi	r25, 0x00	; 0
    1ffa:	a0 e0       	ldi	r26, 0x00	; 0
    1ffc:	b0 e0       	ldi	r27, 0x00	; 0
    1ffe:	a8 2a       	or	r10, r24
    2000:	b9 2a       	or	r11, r25
    2002:	ca 2a       	or	r12, r26
    2004:	db 2a       	or	r13, r27
    2006:	31 96       	adiw	r30, 0x01	; 1
    2008:	e0 32       	cpi	r30, 0x20	; 32
    200a:	f1 05       	cpc	r31, r1
    200c:	49 f0       	breq	.+18     	; 0x2020 <__mulsf3+0x12a>
    200e:	66 0c       	add	r6, r6
    2010:	77 1c       	adc	r7, r7
    2012:	88 1c       	adc	r8, r8
    2014:	99 1c       	adc	r9, r9
    2016:	56 94       	lsr	r5
    2018:	47 94       	ror	r4
    201a:	37 94       	ror	r3
    201c:	27 94       	ror	r2
    201e:	c3 cf       	rjmp	.-122    	; 0x1fa6 <__mulsf3+0xb0>
    2020:	fa 85       	ldd	r31, Y+10	; 0x0a
    2022:	ea 89       	ldd	r30, Y+18	; 0x12
    2024:	2b 89       	ldd	r18, Y+19	; 0x13
    2026:	3c 89       	ldd	r19, Y+20	; 0x14
    2028:	8b 85       	ldd	r24, Y+11	; 0x0b
    202a:	9c 85       	ldd	r25, Y+12	; 0x0c
    202c:	28 0f       	add	r18, r24
    202e:	39 1f       	adc	r19, r25
    2030:	2e 5f       	subi	r18, 0xFE	; 254
    2032:	3f 4f       	sbci	r19, 0xFF	; 255
    2034:	17 c0       	rjmp	.+46     	; 0x2064 <__mulsf3+0x16e>
    2036:	ca 01       	movw	r24, r20
    2038:	81 70       	andi	r24, 0x01	; 1
    203a:	90 70       	andi	r25, 0x00	; 0
    203c:	89 2b       	or	r24, r25
    203e:	61 f0       	breq	.+24     	; 0x2058 <__mulsf3+0x162>
    2040:	16 95       	lsr	r17
    2042:	07 95       	ror	r16
    2044:	f7 94       	ror	r15
    2046:	e7 94       	ror	r14
    2048:	80 e0       	ldi	r24, 0x00	; 0
    204a:	90 e0       	ldi	r25, 0x00	; 0
    204c:	a0 e0       	ldi	r26, 0x00	; 0
    204e:	b0 e8       	ldi	r27, 0x80	; 128
    2050:	e8 2a       	or	r14, r24
    2052:	f9 2a       	or	r15, r25
    2054:	0a 2b       	or	r16, r26
    2056:	1b 2b       	or	r17, r27
    2058:	76 95       	lsr	r23
    205a:	67 95       	ror	r22
    205c:	57 95       	ror	r21
    205e:	47 95       	ror	r20
    2060:	2f 5f       	subi	r18, 0xFF	; 255
    2062:	3f 4f       	sbci	r19, 0xFF	; 255
    2064:	77 fd       	sbrc	r23, 7
    2066:	e7 cf       	rjmp	.-50     	; 0x2036 <__mulsf3+0x140>
    2068:	0c c0       	rjmp	.+24     	; 0x2082 <__mulsf3+0x18c>
    206a:	44 0f       	add	r20, r20
    206c:	55 1f       	adc	r21, r21
    206e:	66 1f       	adc	r22, r22
    2070:	77 1f       	adc	r23, r23
    2072:	17 fd       	sbrc	r17, 7
    2074:	41 60       	ori	r20, 0x01	; 1
    2076:	ee 0c       	add	r14, r14
    2078:	ff 1c       	adc	r15, r15
    207a:	00 1f       	adc	r16, r16
    207c:	11 1f       	adc	r17, r17
    207e:	21 50       	subi	r18, 0x01	; 1
    2080:	30 40       	sbci	r19, 0x00	; 0
    2082:	40 30       	cpi	r20, 0x00	; 0
    2084:	90 e0       	ldi	r25, 0x00	; 0
    2086:	59 07       	cpc	r21, r25
    2088:	90 e0       	ldi	r25, 0x00	; 0
    208a:	69 07       	cpc	r22, r25
    208c:	90 e4       	ldi	r25, 0x40	; 64
    208e:	79 07       	cpc	r23, r25
    2090:	60 f3       	brcs	.-40     	; 0x206a <__mulsf3+0x174>
    2092:	2b 8f       	std	Y+27, r18	; 0x1b
    2094:	3c 8f       	std	Y+28, r19	; 0x1c
    2096:	db 01       	movw	r26, r22
    2098:	ca 01       	movw	r24, r20
    209a:	8f 77       	andi	r24, 0x7F	; 127
    209c:	90 70       	andi	r25, 0x00	; 0
    209e:	a0 70       	andi	r26, 0x00	; 0
    20a0:	b0 70       	andi	r27, 0x00	; 0
    20a2:	80 34       	cpi	r24, 0x40	; 64
    20a4:	91 05       	cpc	r25, r1
    20a6:	a1 05       	cpc	r26, r1
    20a8:	b1 05       	cpc	r27, r1
    20aa:	61 f4       	brne	.+24     	; 0x20c4 <__mulsf3+0x1ce>
    20ac:	47 fd       	sbrc	r20, 7
    20ae:	0a c0       	rjmp	.+20     	; 0x20c4 <__mulsf3+0x1ce>
    20b0:	e1 14       	cp	r14, r1
    20b2:	f1 04       	cpc	r15, r1
    20b4:	01 05       	cpc	r16, r1
    20b6:	11 05       	cpc	r17, r1
    20b8:	29 f0       	breq	.+10     	; 0x20c4 <__mulsf3+0x1ce>
    20ba:	40 5c       	subi	r20, 0xC0	; 192
    20bc:	5f 4f       	sbci	r21, 0xFF	; 255
    20be:	6f 4f       	sbci	r22, 0xFF	; 255
    20c0:	7f 4f       	sbci	r23, 0xFF	; 255
    20c2:	40 78       	andi	r20, 0x80	; 128
    20c4:	1a 8e       	std	Y+26, r1	; 0x1a
    20c6:	fe 17       	cp	r31, r30
    20c8:	11 f0       	breq	.+4      	; 0x20ce <__mulsf3+0x1d8>
    20ca:	81 e0       	ldi	r24, 0x01	; 1
    20cc:	8a 8f       	std	Y+26, r24	; 0x1a
    20ce:	4d 8f       	std	Y+29, r20	; 0x1d
    20d0:	5e 8f       	std	Y+30, r21	; 0x1e
    20d2:	6f 8f       	std	Y+31, r22	; 0x1f
    20d4:	78 a3       	std	Y+32, r23	; 0x20
    20d6:	83 e0       	ldi	r24, 0x03	; 3
    20d8:	89 8f       	std	Y+25, r24	; 0x19
    20da:	ce 01       	movw	r24, r28
    20dc:	49 96       	adiw	r24, 0x19	; 25
    20de:	0e 94 59 11 	call	0x22b2	; 0x22b2 <__pack_f>
    20e2:	a0 96       	adiw	r28, 0x20	; 32
    20e4:	e2 e1       	ldi	r30, 0x12	; 18
    20e6:	0c 94 d1 24 	jmp	0x49a2	; 0x49a2 <__epilogue_restores__>

000020ea <__gtsf2>:
    20ea:	a8 e1       	ldi	r26, 0x18	; 24
    20ec:	b0 e0       	ldi	r27, 0x00	; 0
    20ee:	eb e7       	ldi	r30, 0x7B	; 123
    20f0:	f0 e1       	ldi	r31, 0x10	; 16
    20f2:	0c 94 c1 24 	jmp	0x4982	; 0x4982 <__prologue_saves__+0x18>
    20f6:	69 83       	std	Y+1, r22	; 0x01
    20f8:	7a 83       	std	Y+2, r23	; 0x02
    20fa:	8b 83       	std	Y+3, r24	; 0x03
    20fc:	9c 83       	std	Y+4, r25	; 0x04
    20fe:	2d 83       	std	Y+5, r18	; 0x05
    2100:	3e 83       	std	Y+6, r19	; 0x06
    2102:	4f 83       	std	Y+7, r20	; 0x07
    2104:	58 87       	std	Y+8, r21	; 0x08
    2106:	89 e0       	ldi	r24, 0x09	; 9
    2108:	e8 2e       	mov	r14, r24
    210a:	f1 2c       	mov	r15, r1
    210c:	ec 0e       	add	r14, r28
    210e:	fd 1e       	adc	r15, r29
    2110:	ce 01       	movw	r24, r28
    2112:	01 96       	adiw	r24, 0x01	; 1
    2114:	b7 01       	movw	r22, r14
    2116:	0e 94 2e 12 	call	0x245c	; 0x245c <__unpack_f>
    211a:	8e 01       	movw	r16, r28
    211c:	0f 5e       	subi	r16, 0xEF	; 239
    211e:	1f 4f       	sbci	r17, 0xFF	; 255
    2120:	ce 01       	movw	r24, r28
    2122:	05 96       	adiw	r24, 0x05	; 5
    2124:	b8 01       	movw	r22, r16
    2126:	0e 94 2e 12 	call	0x245c	; 0x245c <__unpack_f>
    212a:	89 85       	ldd	r24, Y+9	; 0x09
    212c:	82 30       	cpi	r24, 0x02	; 2
    212e:	40 f0       	brcs	.+16     	; 0x2140 <__gtsf2+0x56>
    2130:	89 89       	ldd	r24, Y+17	; 0x11
    2132:	82 30       	cpi	r24, 0x02	; 2
    2134:	28 f0       	brcs	.+10     	; 0x2140 <__gtsf2+0x56>
    2136:	c7 01       	movw	r24, r14
    2138:	b8 01       	movw	r22, r16
    213a:	0e 94 a6 12 	call	0x254c	; 0x254c <__fpcmp_parts_f>
    213e:	01 c0       	rjmp	.+2      	; 0x2142 <__gtsf2+0x58>
    2140:	8f ef       	ldi	r24, 0xFF	; 255
    2142:	68 96       	adiw	r28, 0x18	; 24
    2144:	e6 e0       	ldi	r30, 0x06	; 6
    2146:	0c 94 dd 24 	jmp	0x49ba	; 0x49ba <__epilogue_restores__+0x18>

0000214a <__gesf2>:
    214a:	a8 e1       	ldi	r26, 0x18	; 24
    214c:	b0 e0       	ldi	r27, 0x00	; 0
    214e:	eb ea       	ldi	r30, 0xAB	; 171
    2150:	f0 e1       	ldi	r31, 0x10	; 16
    2152:	0c 94 c1 24 	jmp	0x4982	; 0x4982 <__prologue_saves__+0x18>
    2156:	69 83       	std	Y+1, r22	; 0x01
    2158:	7a 83       	std	Y+2, r23	; 0x02
    215a:	8b 83       	std	Y+3, r24	; 0x03
    215c:	9c 83       	std	Y+4, r25	; 0x04
    215e:	2d 83       	std	Y+5, r18	; 0x05
    2160:	3e 83       	std	Y+6, r19	; 0x06
    2162:	4f 83       	std	Y+7, r20	; 0x07
    2164:	58 87       	std	Y+8, r21	; 0x08
    2166:	89 e0       	ldi	r24, 0x09	; 9
    2168:	e8 2e       	mov	r14, r24
    216a:	f1 2c       	mov	r15, r1
    216c:	ec 0e       	add	r14, r28
    216e:	fd 1e       	adc	r15, r29
    2170:	ce 01       	movw	r24, r28
    2172:	01 96       	adiw	r24, 0x01	; 1
    2174:	b7 01       	movw	r22, r14
    2176:	0e 94 2e 12 	call	0x245c	; 0x245c <__unpack_f>
    217a:	8e 01       	movw	r16, r28
    217c:	0f 5e       	subi	r16, 0xEF	; 239
    217e:	1f 4f       	sbci	r17, 0xFF	; 255
    2180:	ce 01       	movw	r24, r28
    2182:	05 96       	adiw	r24, 0x05	; 5
    2184:	b8 01       	movw	r22, r16
    2186:	0e 94 2e 12 	call	0x245c	; 0x245c <__unpack_f>
    218a:	89 85       	ldd	r24, Y+9	; 0x09
    218c:	82 30       	cpi	r24, 0x02	; 2
    218e:	40 f0       	brcs	.+16     	; 0x21a0 <__gesf2+0x56>
    2190:	89 89       	ldd	r24, Y+17	; 0x11
    2192:	82 30       	cpi	r24, 0x02	; 2
    2194:	28 f0       	brcs	.+10     	; 0x21a0 <__gesf2+0x56>
    2196:	c7 01       	movw	r24, r14
    2198:	b8 01       	movw	r22, r16
    219a:	0e 94 a6 12 	call	0x254c	; 0x254c <__fpcmp_parts_f>
    219e:	01 c0       	rjmp	.+2      	; 0x21a2 <__gesf2+0x58>
    21a0:	8f ef       	ldi	r24, 0xFF	; 255
    21a2:	68 96       	adiw	r28, 0x18	; 24
    21a4:	e6 e0       	ldi	r30, 0x06	; 6
    21a6:	0c 94 dd 24 	jmp	0x49ba	; 0x49ba <__epilogue_restores__+0x18>

000021aa <__ltsf2>:
    21aa:	a8 e1       	ldi	r26, 0x18	; 24
    21ac:	b0 e0       	ldi	r27, 0x00	; 0
    21ae:	eb ed       	ldi	r30, 0xDB	; 219
    21b0:	f0 e1       	ldi	r31, 0x10	; 16
    21b2:	0c 94 c1 24 	jmp	0x4982	; 0x4982 <__prologue_saves__+0x18>
    21b6:	69 83       	std	Y+1, r22	; 0x01
    21b8:	7a 83       	std	Y+2, r23	; 0x02
    21ba:	8b 83       	std	Y+3, r24	; 0x03
    21bc:	9c 83       	std	Y+4, r25	; 0x04
    21be:	2d 83       	std	Y+5, r18	; 0x05
    21c0:	3e 83       	std	Y+6, r19	; 0x06
    21c2:	4f 83       	std	Y+7, r20	; 0x07
    21c4:	58 87       	std	Y+8, r21	; 0x08
    21c6:	89 e0       	ldi	r24, 0x09	; 9
    21c8:	e8 2e       	mov	r14, r24
    21ca:	f1 2c       	mov	r15, r1
    21cc:	ec 0e       	add	r14, r28
    21ce:	fd 1e       	adc	r15, r29
    21d0:	ce 01       	movw	r24, r28
    21d2:	01 96       	adiw	r24, 0x01	; 1
    21d4:	b7 01       	movw	r22, r14
    21d6:	0e 94 2e 12 	call	0x245c	; 0x245c <__unpack_f>
    21da:	8e 01       	movw	r16, r28
    21dc:	0f 5e       	subi	r16, 0xEF	; 239
    21de:	1f 4f       	sbci	r17, 0xFF	; 255
    21e0:	ce 01       	movw	r24, r28
    21e2:	05 96       	adiw	r24, 0x05	; 5
    21e4:	b8 01       	movw	r22, r16
    21e6:	0e 94 2e 12 	call	0x245c	; 0x245c <__unpack_f>
    21ea:	89 85       	ldd	r24, Y+9	; 0x09
    21ec:	82 30       	cpi	r24, 0x02	; 2
    21ee:	40 f0       	brcs	.+16     	; 0x2200 <__ltsf2+0x56>
    21f0:	89 89       	ldd	r24, Y+17	; 0x11
    21f2:	82 30       	cpi	r24, 0x02	; 2
    21f4:	28 f0       	brcs	.+10     	; 0x2200 <__ltsf2+0x56>
    21f6:	c7 01       	movw	r24, r14
    21f8:	b8 01       	movw	r22, r16
    21fa:	0e 94 a6 12 	call	0x254c	; 0x254c <__fpcmp_parts_f>
    21fe:	01 c0       	rjmp	.+2      	; 0x2202 <__ltsf2+0x58>
    2200:	81 e0       	ldi	r24, 0x01	; 1
    2202:	68 96       	adiw	r28, 0x18	; 24
    2204:	e6 e0       	ldi	r30, 0x06	; 6
    2206:	0c 94 dd 24 	jmp	0x49ba	; 0x49ba <__epilogue_restores__+0x18>

0000220a <__fixsfsi>:
    220a:	ac e0       	ldi	r26, 0x0C	; 12
    220c:	b0 e0       	ldi	r27, 0x00	; 0
    220e:	eb e0       	ldi	r30, 0x0B	; 11
    2210:	f1 e1       	ldi	r31, 0x11	; 17
    2212:	0c 94 c5 24 	jmp	0x498a	; 0x498a <__prologue_saves__+0x20>
    2216:	69 83       	std	Y+1, r22	; 0x01
    2218:	7a 83       	std	Y+2, r23	; 0x02
    221a:	8b 83       	std	Y+3, r24	; 0x03
    221c:	9c 83       	std	Y+4, r25	; 0x04
    221e:	ce 01       	movw	r24, r28
    2220:	01 96       	adiw	r24, 0x01	; 1
    2222:	be 01       	movw	r22, r28
    2224:	6b 5f       	subi	r22, 0xFB	; 251
    2226:	7f 4f       	sbci	r23, 0xFF	; 255
    2228:	0e 94 2e 12 	call	0x245c	; 0x245c <__unpack_f>
    222c:	8d 81       	ldd	r24, Y+5	; 0x05
    222e:	82 30       	cpi	r24, 0x02	; 2
    2230:	61 f1       	breq	.+88     	; 0x228a <__fixsfsi+0x80>
    2232:	82 30       	cpi	r24, 0x02	; 2
    2234:	50 f1       	brcs	.+84     	; 0x228a <__fixsfsi+0x80>
    2236:	84 30       	cpi	r24, 0x04	; 4
    2238:	21 f4       	brne	.+8      	; 0x2242 <__fixsfsi+0x38>
    223a:	8e 81       	ldd	r24, Y+6	; 0x06
    223c:	88 23       	and	r24, r24
    223e:	51 f1       	breq	.+84     	; 0x2294 <__fixsfsi+0x8a>
    2240:	2e c0       	rjmp	.+92     	; 0x229e <__fixsfsi+0x94>
    2242:	2f 81       	ldd	r18, Y+7	; 0x07
    2244:	38 85       	ldd	r19, Y+8	; 0x08
    2246:	37 fd       	sbrc	r19, 7
    2248:	20 c0       	rjmp	.+64     	; 0x228a <__fixsfsi+0x80>
    224a:	6e 81       	ldd	r22, Y+6	; 0x06
    224c:	2f 31       	cpi	r18, 0x1F	; 31
    224e:	31 05       	cpc	r19, r1
    2250:	1c f0       	brlt	.+6      	; 0x2258 <__fixsfsi+0x4e>
    2252:	66 23       	and	r22, r22
    2254:	f9 f0       	breq	.+62     	; 0x2294 <__fixsfsi+0x8a>
    2256:	23 c0       	rjmp	.+70     	; 0x229e <__fixsfsi+0x94>
    2258:	8e e1       	ldi	r24, 0x1E	; 30
    225a:	90 e0       	ldi	r25, 0x00	; 0
    225c:	82 1b       	sub	r24, r18
    225e:	93 0b       	sbc	r25, r19
    2260:	29 85       	ldd	r18, Y+9	; 0x09
    2262:	3a 85       	ldd	r19, Y+10	; 0x0a
    2264:	4b 85       	ldd	r20, Y+11	; 0x0b
    2266:	5c 85       	ldd	r21, Y+12	; 0x0c
    2268:	04 c0       	rjmp	.+8      	; 0x2272 <__fixsfsi+0x68>
    226a:	56 95       	lsr	r21
    226c:	47 95       	ror	r20
    226e:	37 95       	ror	r19
    2270:	27 95       	ror	r18
    2272:	8a 95       	dec	r24
    2274:	d2 f7       	brpl	.-12     	; 0x226a <__fixsfsi+0x60>
    2276:	66 23       	and	r22, r22
    2278:	b1 f0       	breq	.+44     	; 0x22a6 <__fixsfsi+0x9c>
    227a:	50 95       	com	r21
    227c:	40 95       	com	r20
    227e:	30 95       	com	r19
    2280:	21 95       	neg	r18
    2282:	3f 4f       	sbci	r19, 0xFF	; 255
    2284:	4f 4f       	sbci	r20, 0xFF	; 255
    2286:	5f 4f       	sbci	r21, 0xFF	; 255
    2288:	0e c0       	rjmp	.+28     	; 0x22a6 <__fixsfsi+0x9c>
    228a:	20 e0       	ldi	r18, 0x00	; 0
    228c:	30 e0       	ldi	r19, 0x00	; 0
    228e:	40 e0       	ldi	r20, 0x00	; 0
    2290:	50 e0       	ldi	r21, 0x00	; 0
    2292:	09 c0       	rjmp	.+18     	; 0x22a6 <__fixsfsi+0x9c>
    2294:	2f ef       	ldi	r18, 0xFF	; 255
    2296:	3f ef       	ldi	r19, 0xFF	; 255
    2298:	4f ef       	ldi	r20, 0xFF	; 255
    229a:	5f e7       	ldi	r21, 0x7F	; 127
    229c:	04 c0       	rjmp	.+8      	; 0x22a6 <__fixsfsi+0x9c>
    229e:	20 e0       	ldi	r18, 0x00	; 0
    22a0:	30 e0       	ldi	r19, 0x00	; 0
    22a2:	40 e0       	ldi	r20, 0x00	; 0
    22a4:	50 e8       	ldi	r21, 0x80	; 128
    22a6:	b9 01       	movw	r22, r18
    22a8:	ca 01       	movw	r24, r20
    22aa:	2c 96       	adiw	r28, 0x0c	; 12
    22ac:	e2 e0       	ldi	r30, 0x02	; 2
    22ae:	0c 94 e1 24 	jmp	0x49c2	; 0x49c2 <__epilogue_restores__+0x20>

000022b2 <__pack_f>:
    22b2:	df 92       	push	r13
    22b4:	ef 92       	push	r14
    22b6:	ff 92       	push	r15
    22b8:	0f 93       	push	r16
    22ba:	1f 93       	push	r17
    22bc:	fc 01       	movw	r30, r24
    22be:	e4 80       	ldd	r14, Z+4	; 0x04
    22c0:	f5 80       	ldd	r15, Z+5	; 0x05
    22c2:	06 81       	ldd	r16, Z+6	; 0x06
    22c4:	17 81       	ldd	r17, Z+7	; 0x07
    22c6:	d1 80       	ldd	r13, Z+1	; 0x01
    22c8:	80 81       	ld	r24, Z
    22ca:	82 30       	cpi	r24, 0x02	; 2
    22cc:	48 f4       	brcc	.+18     	; 0x22e0 <__pack_f+0x2e>
    22ce:	80 e0       	ldi	r24, 0x00	; 0
    22d0:	90 e0       	ldi	r25, 0x00	; 0
    22d2:	a0 e1       	ldi	r26, 0x10	; 16
    22d4:	b0 e0       	ldi	r27, 0x00	; 0
    22d6:	e8 2a       	or	r14, r24
    22d8:	f9 2a       	or	r15, r25
    22da:	0a 2b       	or	r16, r26
    22dc:	1b 2b       	or	r17, r27
    22de:	a5 c0       	rjmp	.+330    	; 0x242a <__pack_f+0x178>
    22e0:	84 30       	cpi	r24, 0x04	; 4
    22e2:	09 f4       	brne	.+2      	; 0x22e6 <__pack_f+0x34>
    22e4:	9f c0       	rjmp	.+318    	; 0x2424 <__pack_f+0x172>
    22e6:	82 30       	cpi	r24, 0x02	; 2
    22e8:	21 f4       	brne	.+8      	; 0x22f2 <__pack_f+0x40>
    22ea:	ee 24       	eor	r14, r14
    22ec:	ff 24       	eor	r15, r15
    22ee:	87 01       	movw	r16, r14
    22f0:	05 c0       	rjmp	.+10     	; 0x22fc <__pack_f+0x4a>
    22f2:	e1 14       	cp	r14, r1
    22f4:	f1 04       	cpc	r15, r1
    22f6:	01 05       	cpc	r16, r1
    22f8:	11 05       	cpc	r17, r1
    22fa:	19 f4       	brne	.+6      	; 0x2302 <__pack_f+0x50>
    22fc:	e0 e0       	ldi	r30, 0x00	; 0
    22fe:	f0 e0       	ldi	r31, 0x00	; 0
    2300:	96 c0       	rjmp	.+300    	; 0x242e <__pack_f+0x17c>
    2302:	62 81       	ldd	r22, Z+2	; 0x02
    2304:	73 81       	ldd	r23, Z+3	; 0x03
    2306:	9f ef       	ldi	r25, 0xFF	; 255
    2308:	62 38       	cpi	r22, 0x82	; 130
    230a:	79 07       	cpc	r23, r25
    230c:	0c f0       	brlt	.+2      	; 0x2310 <__pack_f+0x5e>
    230e:	5b c0       	rjmp	.+182    	; 0x23c6 <__pack_f+0x114>
    2310:	22 e8       	ldi	r18, 0x82	; 130
    2312:	3f ef       	ldi	r19, 0xFF	; 255
    2314:	26 1b       	sub	r18, r22
    2316:	37 0b       	sbc	r19, r23
    2318:	2a 31       	cpi	r18, 0x1A	; 26
    231a:	31 05       	cpc	r19, r1
    231c:	2c f0       	brlt	.+10     	; 0x2328 <__pack_f+0x76>
    231e:	20 e0       	ldi	r18, 0x00	; 0
    2320:	30 e0       	ldi	r19, 0x00	; 0
    2322:	40 e0       	ldi	r20, 0x00	; 0
    2324:	50 e0       	ldi	r21, 0x00	; 0
    2326:	2a c0       	rjmp	.+84     	; 0x237c <__pack_f+0xca>
    2328:	b8 01       	movw	r22, r16
    232a:	a7 01       	movw	r20, r14
    232c:	02 2e       	mov	r0, r18
    232e:	04 c0       	rjmp	.+8      	; 0x2338 <__pack_f+0x86>
    2330:	76 95       	lsr	r23
    2332:	67 95       	ror	r22
    2334:	57 95       	ror	r21
    2336:	47 95       	ror	r20
    2338:	0a 94       	dec	r0
    233a:	d2 f7       	brpl	.-12     	; 0x2330 <__pack_f+0x7e>
    233c:	81 e0       	ldi	r24, 0x01	; 1
    233e:	90 e0       	ldi	r25, 0x00	; 0
    2340:	a0 e0       	ldi	r26, 0x00	; 0
    2342:	b0 e0       	ldi	r27, 0x00	; 0
    2344:	04 c0       	rjmp	.+8      	; 0x234e <__pack_f+0x9c>
    2346:	88 0f       	add	r24, r24
    2348:	99 1f       	adc	r25, r25
    234a:	aa 1f       	adc	r26, r26
    234c:	bb 1f       	adc	r27, r27
    234e:	2a 95       	dec	r18
    2350:	d2 f7       	brpl	.-12     	; 0x2346 <__pack_f+0x94>
    2352:	01 97       	sbiw	r24, 0x01	; 1
    2354:	a1 09       	sbc	r26, r1
    2356:	b1 09       	sbc	r27, r1
    2358:	8e 21       	and	r24, r14
    235a:	9f 21       	and	r25, r15
    235c:	a0 23       	and	r26, r16
    235e:	b1 23       	and	r27, r17
    2360:	00 97       	sbiw	r24, 0x00	; 0
    2362:	a1 05       	cpc	r26, r1
    2364:	b1 05       	cpc	r27, r1
    2366:	21 f0       	breq	.+8      	; 0x2370 <__pack_f+0xbe>
    2368:	81 e0       	ldi	r24, 0x01	; 1
    236a:	90 e0       	ldi	r25, 0x00	; 0
    236c:	a0 e0       	ldi	r26, 0x00	; 0
    236e:	b0 e0       	ldi	r27, 0x00	; 0
    2370:	9a 01       	movw	r18, r20
    2372:	ab 01       	movw	r20, r22
    2374:	28 2b       	or	r18, r24
    2376:	39 2b       	or	r19, r25
    2378:	4a 2b       	or	r20, r26
    237a:	5b 2b       	or	r21, r27
    237c:	da 01       	movw	r26, r20
    237e:	c9 01       	movw	r24, r18
    2380:	8f 77       	andi	r24, 0x7F	; 127
    2382:	90 70       	andi	r25, 0x00	; 0
    2384:	a0 70       	andi	r26, 0x00	; 0
    2386:	b0 70       	andi	r27, 0x00	; 0
    2388:	80 34       	cpi	r24, 0x40	; 64
    238a:	91 05       	cpc	r25, r1
    238c:	a1 05       	cpc	r26, r1
    238e:	b1 05       	cpc	r27, r1
    2390:	39 f4       	brne	.+14     	; 0x23a0 <__pack_f+0xee>
    2392:	27 ff       	sbrs	r18, 7
    2394:	09 c0       	rjmp	.+18     	; 0x23a8 <__pack_f+0xf6>
    2396:	20 5c       	subi	r18, 0xC0	; 192
    2398:	3f 4f       	sbci	r19, 0xFF	; 255
    239a:	4f 4f       	sbci	r20, 0xFF	; 255
    239c:	5f 4f       	sbci	r21, 0xFF	; 255
    239e:	04 c0       	rjmp	.+8      	; 0x23a8 <__pack_f+0xf6>
    23a0:	21 5c       	subi	r18, 0xC1	; 193
    23a2:	3f 4f       	sbci	r19, 0xFF	; 255
    23a4:	4f 4f       	sbci	r20, 0xFF	; 255
    23a6:	5f 4f       	sbci	r21, 0xFF	; 255
    23a8:	e0 e0       	ldi	r30, 0x00	; 0
    23aa:	f0 e0       	ldi	r31, 0x00	; 0
    23ac:	20 30       	cpi	r18, 0x00	; 0
    23ae:	a0 e0       	ldi	r26, 0x00	; 0
    23b0:	3a 07       	cpc	r19, r26
    23b2:	a0 e0       	ldi	r26, 0x00	; 0
    23b4:	4a 07       	cpc	r20, r26
    23b6:	a0 e4       	ldi	r26, 0x40	; 64
    23b8:	5a 07       	cpc	r21, r26
    23ba:	10 f0       	brcs	.+4      	; 0x23c0 <__pack_f+0x10e>
    23bc:	e1 e0       	ldi	r30, 0x01	; 1
    23be:	f0 e0       	ldi	r31, 0x00	; 0
    23c0:	79 01       	movw	r14, r18
    23c2:	8a 01       	movw	r16, r20
    23c4:	27 c0       	rjmp	.+78     	; 0x2414 <__pack_f+0x162>
    23c6:	60 38       	cpi	r22, 0x80	; 128
    23c8:	71 05       	cpc	r23, r1
    23ca:	64 f5       	brge	.+88     	; 0x2424 <__pack_f+0x172>
    23cc:	fb 01       	movw	r30, r22
    23ce:	e1 58       	subi	r30, 0x81	; 129
    23d0:	ff 4f       	sbci	r31, 0xFF	; 255
    23d2:	d8 01       	movw	r26, r16
    23d4:	c7 01       	movw	r24, r14
    23d6:	8f 77       	andi	r24, 0x7F	; 127
    23d8:	90 70       	andi	r25, 0x00	; 0
    23da:	a0 70       	andi	r26, 0x00	; 0
    23dc:	b0 70       	andi	r27, 0x00	; 0
    23de:	80 34       	cpi	r24, 0x40	; 64
    23e0:	91 05       	cpc	r25, r1
    23e2:	a1 05       	cpc	r26, r1
    23e4:	b1 05       	cpc	r27, r1
    23e6:	39 f4       	brne	.+14     	; 0x23f6 <__pack_f+0x144>
    23e8:	e7 fe       	sbrs	r14, 7
    23ea:	0d c0       	rjmp	.+26     	; 0x2406 <__pack_f+0x154>
    23ec:	80 e4       	ldi	r24, 0x40	; 64
    23ee:	90 e0       	ldi	r25, 0x00	; 0
    23f0:	a0 e0       	ldi	r26, 0x00	; 0
    23f2:	b0 e0       	ldi	r27, 0x00	; 0
    23f4:	04 c0       	rjmp	.+8      	; 0x23fe <__pack_f+0x14c>
    23f6:	8f e3       	ldi	r24, 0x3F	; 63
    23f8:	90 e0       	ldi	r25, 0x00	; 0
    23fa:	a0 e0       	ldi	r26, 0x00	; 0
    23fc:	b0 e0       	ldi	r27, 0x00	; 0
    23fe:	e8 0e       	add	r14, r24
    2400:	f9 1e       	adc	r15, r25
    2402:	0a 1f       	adc	r16, r26
    2404:	1b 1f       	adc	r17, r27
    2406:	17 ff       	sbrs	r17, 7
    2408:	05 c0       	rjmp	.+10     	; 0x2414 <__pack_f+0x162>
    240a:	16 95       	lsr	r17
    240c:	07 95       	ror	r16
    240e:	f7 94       	ror	r15
    2410:	e7 94       	ror	r14
    2412:	31 96       	adiw	r30, 0x01	; 1
    2414:	87 e0       	ldi	r24, 0x07	; 7
    2416:	16 95       	lsr	r17
    2418:	07 95       	ror	r16
    241a:	f7 94       	ror	r15
    241c:	e7 94       	ror	r14
    241e:	8a 95       	dec	r24
    2420:	d1 f7       	brne	.-12     	; 0x2416 <__pack_f+0x164>
    2422:	05 c0       	rjmp	.+10     	; 0x242e <__pack_f+0x17c>
    2424:	ee 24       	eor	r14, r14
    2426:	ff 24       	eor	r15, r15
    2428:	87 01       	movw	r16, r14
    242a:	ef ef       	ldi	r30, 0xFF	; 255
    242c:	f0 e0       	ldi	r31, 0x00	; 0
    242e:	6e 2f       	mov	r22, r30
    2430:	67 95       	ror	r22
    2432:	66 27       	eor	r22, r22
    2434:	67 95       	ror	r22
    2436:	90 2f       	mov	r25, r16
    2438:	9f 77       	andi	r25, 0x7F	; 127
    243a:	d7 94       	ror	r13
    243c:	dd 24       	eor	r13, r13
    243e:	d7 94       	ror	r13
    2440:	8e 2f       	mov	r24, r30
    2442:	86 95       	lsr	r24
    2444:	49 2f       	mov	r20, r25
    2446:	46 2b       	or	r20, r22
    2448:	58 2f       	mov	r21, r24
    244a:	5d 29       	or	r21, r13
    244c:	b7 01       	movw	r22, r14
    244e:	ca 01       	movw	r24, r20
    2450:	1f 91       	pop	r17
    2452:	0f 91       	pop	r16
    2454:	ff 90       	pop	r15
    2456:	ef 90       	pop	r14
    2458:	df 90       	pop	r13
    245a:	08 95       	ret

0000245c <__unpack_f>:
    245c:	fc 01       	movw	r30, r24
    245e:	db 01       	movw	r26, r22
    2460:	40 81       	ld	r20, Z
    2462:	51 81       	ldd	r21, Z+1	; 0x01
    2464:	22 81       	ldd	r18, Z+2	; 0x02
    2466:	62 2f       	mov	r22, r18
    2468:	6f 77       	andi	r22, 0x7F	; 127
    246a:	70 e0       	ldi	r23, 0x00	; 0
    246c:	22 1f       	adc	r18, r18
    246e:	22 27       	eor	r18, r18
    2470:	22 1f       	adc	r18, r18
    2472:	93 81       	ldd	r25, Z+3	; 0x03
    2474:	89 2f       	mov	r24, r25
    2476:	88 0f       	add	r24, r24
    2478:	82 2b       	or	r24, r18
    247a:	28 2f       	mov	r18, r24
    247c:	30 e0       	ldi	r19, 0x00	; 0
    247e:	99 1f       	adc	r25, r25
    2480:	99 27       	eor	r25, r25
    2482:	99 1f       	adc	r25, r25
    2484:	11 96       	adiw	r26, 0x01	; 1
    2486:	9c 93       	st	X, r25
    2488:	11 97       	sbiw	r26, 0x01	; 1
    248a:	21 15       	cp	r18, r1
    248c:	31 05       	cpc	r19, r1
    248e:	a9 f5       	brne	.+106    	; 0x24fa <__unpack_f+0x9e>
    2490:	41 15       	cp	r20, r1
    2492:	51 05       	cpc	r21, r1
    2494:	61 05       	cpc	r22, r1
    2496:	71 05       	cpc	r23, r1
    2498:	11 f4       	brne	.+4      	; 0x249e <__unpack_f+0x42>
    249a:	82 e0       	ldi	r24, 0x02	; 2
    249c:	37 c0       	rjmp	.+110    	; 0x250c <__unpack_f+0xb0>
    249e:	82 e8       	ldi	r24, 0x82	; 130
    24a0:	9f ef       	ldi	r25, 0xFF	; 255
    24a2:	13 96       	adiw	r26, 0x03	; 3
    24a4:	9c 93       	st	X, r25
    24a6:	8e 93       	st	-X, r24
    24a8:	12 97       	sbiw	r26, 0x02	; 2
    24aa:	9a 01       	movw	r18, r20
    24ac:	ab 01       	movw	r20, r22
    24ae:	67 e0       	ldi	r22, 0x07	; 7
    24b0:	22 0f       	add	r18, r18
    24b2:	33 1f       	adc	r19, r19
    24b4:	44 1f       	adc	r20, r20
    24b6:	55 1f       	adc	r21, r21
    24b8:	6a 95       	dec	r22
    24ba:	d1 f7       	brne	.-12     	; 0x24b0 <__unpack_f+0x54>
    24bc:	83 e0       	ldi	r24, 0x03	; 3
    24be:	8c 93       	st	X, r24
    24c0:	0d c0       	rjmp	.+26     	; 0x24dc <__unpack_f+0x80>
    24c2:	22 0f       	add	r18, r18
    24c4:	33 1f       	adc	r19, r19
    24c6:	44 1f       	adc	r20, r20
    24c8:	55 1f       	adc	r21, r21
    24ca:	12 96       	adiw	r26, 0x02	; 2
    24cc:	8d 91       	ld	r24, X+
    24ce:	9c 91       	ld	r25, X
    24d0:	13 97       	sbiw	r26, 0x03	; 3
    24d2:	01 97       	sbiw	r24, 0x01	; 1
    24d4:	13 96       	adiw	r26, 0x03	; 3
    24d6:	9c 93       	st	X, r25
    24d8:	8e 93       	st	-X, r24
    24da:	12 97       	sbiw	r26, 0x02	; 2
    24dc:	20 30       	cpi	r18, 0x00	; 0
    24de:	80 e0       	ldi	r24, 0x00	; 0
    24e0:	38 07       	cpc	r19, r24
    24e2:	80 e0       	ldi	r24, 0x00	; 0
    24e4:	48 07       	cpc	r20, r24
    24e6:	80 e4       	ldi	r24, 0x40	; 64
    24e8:	58 07       	cpc	r21, r24
    24ea:	58 f3       	brcs	.-42     	; 0x24c2 <__unpack_f+0x66>
    24ec:	14 96       	adiw	r26, 0x04	; 4
    24ee:	2d 93       	st	X+, r18
    24f0:	3d 93       	st	X+, r19
    24f2:	4d 93       	st	X+, r20
    24f4:	5c 93       	st	X, r21
    24f6:	17 97       	sbiw	r26, 0x07	; 7
    24f8:	08 95       	ret
    24fa:	2f 3f       	cpi	r18, 0xFF	; 255
    24fc:	31 05       	cpc	r19, r1
    24fe:	79 f4       	brne	.+30     	; 0x251e <__unpack_f+0xc2>
    2500:	41 15       	cp	r20, r1
    2502:	51 05       	cpc	r21, r1
    2504:	61 05       	cpc	r22, r1
    2506:	71 05       	cpc	r23, r1
    2508:	19 f4       	brne	.+6      	; 0x2510 <__unpack_f+0xb4>
    250a:	84 e0       	ldi	r24, 0x04	; 4
    250c:	8c 93       	st	X, r24
    250e:	08 95       	ret
    2510:	64 ff       	sbrs	r22, 4
    2512:	03 c0       	rjmp	.+6      	; 0x251a <__unpack_f+0xbe>
    2514:	81 e0       	ldi	r24, 0x01	; 1
    2516:	8c 93       	st	X, r24
    2518:	12 c0       	rjmp	.+36     	; 0x253e <__unpack_f+0xe2>
    251a:	1c 92       	st	X, r1
    251c:	10 c0       	rjmp	.+32     	; 0x253e <__unpack_f+0xe2>
    251e:	2f 57       	subi	r18, 0x7F	; 127
    2520:	30 40       	sbci	r19, 0x00	; 0
    2522:	13 96       	adiw	r26, 0x03	; 3
    2524:	3c 93       	st	X, r19
    2526:	2e 93       	st	-X, r18
    2528:	12 97       	sbiw	r26, 0x02	; 2
    252a:	83 e0       	ldi	r24, 0x03	; 3
    252c:	8c 93       	st	X, r24
    252e:	87 e0       	ldi	r24, 0x07	; 7
    2530:	44 0f       	add	r20, r20
    2532:	55 1f       	adc	r21, r21
    2534:	66 1f       	adc	r22, r22
    2536:	77 1f       	adc	r23, r23
    2538:	8a 95       	dec	r24
    253a:	d1 f7       	brne	.-12     	; 0x2530 <__unpack_f+0xd4>
    253c:	70 64       	ori	r23, 0x40	; 64
    253e:	14 96       	adiw	r26, 0x04	; 4
    2540:	4d 93       	st	X+, r20
    2542:	5d 93       	st	X+, r21
    2544:	6d 93       	st	X+, r22
    2546:	7c 93       	st	X, r23
    2548:	17 97       	sbiw	r26, 0x07	; 7
    254a:	08 95       	ret

0000254c <__fpcmp_parts_f>:
    254c:	1f 93       	push	r17
    254e:	dc 01       	movw	r26, r24
    2550:	fb 01       	movw	r30, r22
    2552:	9c 91       	ld	r25, X
    2554:	92 30       	cpi	r25, 0x02	; 2
    2556:	08 f4       	brcc	.+2      	; 0x255a <__fpcmp_parts_f+0xe>
    2558:	47 c0       	rjmp	.+142    	; 0x25e8 <__fpcmp_parts_f+0x9c>
    255a:	80 81       	ld	r24, Z
    255c:	82 30       	cpi	r24, 0x02	; 2
    255e:	08 f4       	brcc	.+2      	; 0x2562 <__fpcmp_parts_f+0x16>
    2560:	43 c0       	rjmp	.+134    	; 0x25e8 <__fpcmp_parts_f+0x9c>
    2562:	94 30       	cpi	r25, 0x04	; 4
    2564:	51 f4       	brne	.+20     	; 0x257a <__fpcmp_parts_f+0x2e>
    2566:	11 96       	adiw	r26, 0x01	; 1
    2568:	1c 91       	ld	r17, X
    256a:	84 30       	cpi	r24, 0x04	; 4
    256c:	99 f5       	brne	.+102    	; 0x25d4 <__fpcmp_parts_f+0x88>
    256e:	81 81       	ldd	r24, Z+1	; 0x01
    2570:	68 2f       	mov	r22, r24
    2572:	70 e0       	ldi	r23, 0x00	; 0
    2574:	61 1b       	sub	r22, r17
    2576:	71 09       	sbc	r23, r1
    2578:	3f c0       	rjmp	.+126    	; 0x25f8 <__fpcmp_parts_f+0xac>
    257a:	84 30       	cpi	r24, 0x04	; 4
    257c:	21 f0       	breq	.+8      	; 0x2586 <__fpcmp_parts_f+0x3a>
    257e:	92 30       	cpi	r25, 0x02	; 2
    2580:	31 f4       	brne	.+12     	; 0x258e <__fpcmp_parts_f+0x42>
    2582:	82 30       	cpi	r24, 0x02	; 2
    2584:	b9 f1       	breq	.+110    	; 0x25f4 <__fpcmp_parts_f+0xa8>
    2586:	81 81       	ldd	r24, Z+1	; 0x01
    2588:	88 23       	and	r24, r24
    258a:	89 f1       	breq	.+98     	; 0x25ee <__fpcmp_parts_f+0xa2>
    258c:	2d c0       	rjmp	.+90     	; 0x25e8 <__fpcmp_parts_f+0x9c>
    258e:	11 96       	adiw	r26, 0x01	; 1
    2590:	1c 91       	ld	r17, X
    2592:	11 97       	sbiw	r26, 0x01	; 1
    2594:	82 30       	cpi	r24, 0x02	; 2
    2596:	f1 f0       	breq	.+60     	; 0x25d4 <__fpcmp_parts_f+0x88>
    2598:	81 81       	ldd	r24, Z+1	; 0x01
    259a:	18 17       	cp	r17, r24
    259c:	d9 f4       	brne	.+54     	; 0x25d4 <__fpcmp_parts_f+0x88>
    259e:	12 96       	adiw	r26, 0x02	; 2
    25a0:	2d 91       	ld	r18, X+
    25a2:	3c 91       	ld	r19, X
    25a4:	13 97       	sbiw	r26, 0x03	; 3
    25a6:	82 81       	ldd	r24, Z+2	; 0x02
    25a8:	93 81       	ldd	r25, Z+3	; 0x03
    25aa:	82 17       	cp	r24, r18
    25ac:	93 07       	cpc	r25, r19
    25ae:	94 f0       	brlt	.+36     	; 0x25d4 <__fpcmp_parts_f+0x88>
    25b0:	28 17       	cp	r18, r24
    25b2:	39 07       	cpc	r19, r25
    25b4:	bc f0       	brlt	.+46     	; 0x25e4 <__fpcmp_parts_f+0x98>
    25b6:	14 96       	adiw	r26, 0x04	; 4
    25b8:	8d 91       	ld	r24, X+
    25ba:	9d 91       	ld	r25, X+
    25bc:	0d 90       	ld	r0, X+
    25be:	bc 91       	ld	r27, X
    25c0:	a0 2d       	mov	r26, r0
    25c2:	24 81       	ldd	r18, Z+4	; 0x04
    25c4:	35 81       	ldd	r19, Z+5	; 0x05
    25c6:	46 81       	ldd	r20, Z+6	; 0x06
    25c8:	57 81       	ldd	r21, Z+7	; 0x07
    25ca:	28 17       	cp	r18, r24
    25cc:	39 07       	cpc	r19, r25
    25ce:	4a 07       	cpc	r20, r26
    25d0:	5b 07       	cpc	r21, r27
    25d2:	18 f4       	brcc	.+6      	; 0x25da <__fpcmp_parts_f+0x8e>
    25d4:	11 23       	and	r17, r17
    25d6:	41 f0       	breq	.+16     	; 0x25e8 <__fpcmp_parts_f+0x9c>
    25d8:	0a c0       	rjmp	.+20     	; 0x25ee <__fpcmp_parts_f+0xa2>
    25da:	82 17       	cp	r24, r18
    25dc:	93 07       	cpc	r25, r19
    25de:	a4 07       	cpc	r26, r20
    25e0:	b5 07       	cpc	r27, r21
    25e2:	40 f4       	brcc	.+16     	; 0x25f4 <__fpcmp_parts_f+0xa8>
    25e4:	11 23       	and	r17, r17
    25e6:	19 f0       	breq	.+6      	; 0x25ee <__fpcmp_parts_f+0xa2>
    25e8:	61 e0       	ldi	r22, 0x01	; 1
    25ea:	70 e0       	ldi	r23, 0x00	; 0
    25ec:	05 c0       	rjmp	.+10     	; 0x25f8 <__fpcmp_parts_f+0xac>
    25ee:	6f ef       	ldi	r22, 0xFF	; 255
    25f0:	7f ef       	ldi	r23, 0xFF	; 255
    25f2:	02 c0       	rjmp	.+4      	; 0x25f8 <__fpcmp_parts_f+0xac>
    25f4:	60 e0       	ldi	r22, 0x00	; 0
    25f6:	70 e0       	ldi	r23, 0x00	; 0
    25f8:	cb 01       	movw	r24, r22
    25fa:	1f 91       	pop	r17
    25fc:	08 95       	ret

000025fe <DIO_enumSetPinDirection>:
  	  =>Copy_u8PIN  --> Pin Number [ DIO_PIN0 , DIO_PIN1 , DIO_PIN2 , DIO_PIN3 , DIO_PIN4 , DIO_PIN5 , DIO_PIN6 , DIO_PIN7 ]
  	  =>Copy_u8Direction --> Pin Direction [ DIO_PIN_OUTPUT , DIO_PIN_INPUT ]
 * return : its status
 */
DIO_ErrorStatus DIO_enumSetPinDirection    (u8 Copy_u8PORT , u8 Copy_u8PIN , u8 Copy_u8Direction ) 
{
    25fe:	df 93       	push	r29
    2600:	cf 93       	push	r28
    2602:	cd b7       	in	r28, 0x3d	; 61
    2604:	de b7       	in	r29, 0x3e	; 62
    2606:	28 97       	sbiw	r28, 0x08	; 8
    2608:	0f b6       	in	r0, 0x3f	; 63
    260a:	f8 94       	cli
    260c:	de bf       	out	0x3e, r29	; 62
    260e:	0f be       	out	0x3f, r0	; 63
    2610:	cd bf       	out	0x3d, r28	; 61
    2612:	8a 83       	std	Y+2, r24	; 0x02
    2614:	6b 83       	std	Y+3, r22	; 0x03
    2616:	4c 83       	std	Y+4, r20	; 0x04

	DIO_ErrorStatus LOC_enumState = DIO_OK ;
    2618:	81 e0       	ldi	r24, 0x01	; 1
    261a:	89 83       	std	Y+1, r24	; 0x01

	/* Make sure that the Port ID and Pin ID are in the valid range */
	if ((Copy_u8PORT <= DIO_PORTD) && (Copy_u8PIN <= DIO_PIN7))
    261c:	8a 81       	ldd	r24, Y+2	; 0x02
    261e:	84 30       	cpi	r24, 0x04	; 4
    2620:	08 f0       	brcs	.+2      	; 0x2624 <DIO_enumSetPinDirection+0x26>
    2622:	f1 c0       	rjmp	.+482    	; 0x2806 <DIO_enumSetPinDirection+0x208>
    2624:	8b 81       	ldd	r24, Y+3	; 0x03
    2626:	88 30       	cpi	r24, 0x08	; 8
    2628:	08 f0       	brcs	.+2      	; 0x262c <DIO_enumSetPinDirection+0x2e>
    262a:	ed c0       	rjmp	.+474    	; 0x2806 <DIO_enumSetPinDirection+0x208>
	{
		if ( Copy_u8Direction == DIO_PIN_OUTPUT )
    262c:	8c 81       	ldd	r24, Y+4	; 0x04
    262e:	81 30       	cpi	r24, 0x01	; 1
    2630:	09 f0       	breq	.+2      	; 0x2634 <DIO_enumSetPinDirection+0x36>
    2632:	6f c0       	rjmp	.+222    	; 0x2712 <DIO_enumSetPinDirection+0x114>
		{
			/* Check on the Required PORT Number */
			switch (Copy_u8PORT)
    2634:	8a 81       	ldd	r24, Y+2	; 0x02
    2636:	28 2f       	mov	r18, r24
    2638:	30 e0       	ldi	r19, 0x00	; 0
    263a:	38 87       	std	Y+8, r19	; 0x08
    263c:	2f 83       	std	Y+7, r18	; 0x07
    263e:	8f 81       	ldd	r24, Y+7	; 0x07
    2640:	98 85       	ldd	r25, Y+8	; 0x08
    2642:	81 30       	cpi	r24, 0x01	; 1
    2644:	91 05       	cpc	r25, r1
    2646:	49 f1       	breq	.+82     	; 0x269a <DIO_enumSetPinDirection+0x9c>
    2648:	2f 81       	ldd	r18, Y+7	; 0x07
    264a:	38 85       	ldd	r19, Y+8	; 0x08
    264c:	22 30       	cpi	r18, 0x02	; 2
    264e:	31 05       	cpc	r19, r1
    2650:	2c f4       	brge	.+10     	; 0x265c <DIO_enumSetPinDirection+0x5e>
    2652:	8f 81       	ldd	r24, Y+7	; 0x07
    2654:	98 85       	ldd	r25, Y+8	; 0x08
    2656:	00 97       	sbiw	r24, 0x00	; 0
    2658:	61 f0       	breq	.+24     	; 0x2672 <DIO_enumSetPinDirection+0x74>
    265a:	d6 c0       	rjmp	.+428    	; 0x2808 <DIO_enumSetPinDirection+0x20a>
    265c:	2f 81       	ldd	r18, Y+7	; 0x07
    265e:	38 85       	ldd	r19, Y+8	; 0x08
    2660:	22 30       	cpi	r18, 0x02	; 2
    2662:	31 05       	cpc	r19, r1
    2664:	71 f1       	breq	.+92     	; 0x26c2 <DIO_enumSetPinDirection+0xc4>
    2666:	8f 81       	ldd	r24, Y+7	; 0x07
    2668:	98 85       	ldd	r25, Y+8	; 0x08
    266a:	83 30       	cpi	r24, 0x03	; 3
    266c:	91 05       	cpc	r25, r1
    266e:	e9 f1       	breq	.+122    	; 0x26ea <DIO_enumSetPinDirection+0xec>
    2670:	cb c0       	rjmp	.+406    	; 0x2808 <DIO_enumSetPinDirection+0x20a>
			{
			case DIO_PORTA: SET_BIT(DDRA_Register,Copy_u8PIN); break;
    2672:	aa e3       	ldi	r26, 0x3A	; 58
    2674:	b0 e0       	ldi	r27, 0x00	; 0
    2676:	ea e3       	ldi	r30, 0x3A	; 58
    2678:	f0 e0       	ldi	r31, 0x00	; 0
    267a:	80 81       	ld	r24, Z
    267c:	48 2f       	mov	r20, r24
    267e:	8b 81       	ldd	r24, Y+3	; 0x03
    2680:	28 2f       	mov	r18, r24
    2682:	30 e0       	ldi	r19, 0x00	; 0
    2684:	81 e0       	ldi	r24, 0x01	; 1
    2686:	90 e0       	ldi	r25, 0x00	; 0
    2688:	02 2e       	mov	r0, r18
    268a:	02 c0       	rjmp	.+4      	; 0x2690 <DIO_enumSetPinDirection+0x92>
    268c:	88 0f       	add	r24, r24
    268e:	99 1f       	adc	r25, r25
    2690:	0a 94       	dec	r0
    2692:	e2 f7       	brpl	.-8      	; 0x268c <DIO_enumSetPinDirection+0x8e>
    2694:	84 2b       	or	r24, r20
    2696:	8c 93       	st	X, r24
    2698:	b7 c0       	rjmp	.+366    	; 0x2808 <DIO_enumSetPinDirection+0x20a>
			case DIO_PORTB: SET_BIT(DDRB_Register,Copy_u8PIN); break;
    269a:	a7 e3       	ldi	r26, 0x37	; 55
    269c:	b0 e0       	ldi	r27, 0x00	; 0
    269e:	e7 e3       	ldi	r30, 0x37	; 55
    26a0:	f0 e0       	ldi	r31, 0x00	; 0
    26a2:	80 81       	ld	r24, Z
    26a4:	48 2f       	mov	r20, r24
    26a6:	8b 81       	ldd	r24, Y+3	; 0x03
    26a8:	28 2f       	mov	r18, r24
    26aa:	30 e0       	ldi	r19, 0x00	; 0
    26ac:	81 e0       	ldi	r24, 0x01	; 1
    26ae:	90 e0       	ldi	r25, 0x00	; 0
    26b0:	02 2e       	mov	r0, r18
    26b2:	02 c0       	rjmp	.+4      	; 0x26b8 <DIO_enumSetPinDirection+0xba>
    26b4:	88 0f       	add	r24, r24
    26b6:	99 1f       	adc	r25, r25
    26b8:	0a 94       	dec	r0
    26ba:	e2 f7       	brpl	.-8      	; 0x26b4 <DIO_enumSetPinDirection+0xb6>
    26bc:	84 2b       	or	r24, r20
    26be:	8c 93       	st	X, r24
    26c0:	a3 c0       	rjmp	.+326    	; 0x2808 <DIO_enumSetPinDirection+0x20a>
			case DIO_PORTC: SET_BIT(DDRC_Register,Copy_u8PIN); break;
    26c2:	a4 e3       	ldi	r26, 0x34	; 52
    26c4:	b0 e0       	ldi	r27, 0x00	; 0
    26c6:	e4 e3       	ldi	r30, 0x34	; 52
    26c8:	f0 e0       	ldi	r31, 0x00	; 0
    26ca:	80 81       	ld	r24, Z
    26cc:	48 2f       	mov	r20, r24
    26ce:	8b 81       	ldd	r24, Y+3	; 0x03
    26d0:	28 2f       	mov	r18, r24
    26d2:	30 e0       	ldi	r19, 0x00	; 0
    26d4:	81 e0       	ldi	r24, 0x01	; 1
    26d6:	90 e0       	ldi	r25, 0x00	; 0
    26d8:	02 2e       	mov	r0, r18
    26da:	02 c0       	rjmp	.+4      	; 0x26e0 <DIO_enumSetPinDirection+0xe2>
    26dc:	88 0f       	add	r24, r24
    26de:	99 1f       	adc	r25, r25
    26e0:	0a 94       	dec	r0
    26e2:	e2 f7       	brpl	.-8      	; 0x26dc <DIO_enumSetPinDirection+0xde>
    26e4:	84 2b       	or	r24, r20
    26e6:	8c 93       	st	X, r24
    26e8:	8f c0       	rjmp	.+286    	; 0x2808 <DIO_enumSetPinDirection+0x20a>
			case DIO_PORTD: SET_BIT(DDRD_Register,Copy_u8PIN); break;
    26ea:	a1 e3       	ldi	r26, 0x31	; 49
    26ec:	b0 e0       	ldi	r27, 0x00	; 0
    26ee:	e1 e3       	ldi	r30, 0x31	; 49
    26f0:	f0 e0       	ldi	r31, 0x00	; 0
    26f2:	80 81       	ld	r24, Z
    26f4:	48 2f       	mov	r20, r24
    26f6:	8b 81       	ldd	r24, Y+3	; 0x03
    26f8:	28 2f       	mov	r18, r24
    26fa:	30 e0       	ldi	r19, 0x00	; 0
    26fc:	81 e0       	ldi	r24, 0x01	; 1
    26fe:	90 e0       	ldi	r25, 0x00	; 0
    2700:	02 2e       	mov	r0, r18
    2702:	02 c0       	rjmp	.+4      	; 0x2708 <DIO_enumSetPinDirection+0x10a>
    2704:	88 0f       	add	r24, r24
    2706:	99 1f       	adc	r25, r25
    2708:	0a 94       	dec	r0
    270a:	e2 f7       	brpl	.-8      	; 0x2704 <DIO_enumSetPinDirection+0x106>
    270c:	84 2b       	or	r24, r20
    270e:	8c 93       	st	X, r24
    2710:	7b c0       	rjmp	.+246    	; 0x2808 <DIO_enumSetPinDirection+0x20a>
			}
		}

		else if ( Copy_u8Direction == DIO_PIN_INPUT )
    2712:	8c 81       	ldd	r24, Y+4	; 0x04
    2714:	88 23       	and	r24, r24
    2716:	09 f0       	breq	.+2      	; 0x271a <DIO_enumSetPinDirection+0x11c>
    2718:	74 c0       	rjmp	.+232    	; 0x2802 <DIO_enumSetPinDirection+0x204>
		{
			/* Check on the Required PORT Number */
			switch (Copy_u8PORT)
    271a:	8a 81       	ldd	r24, Y+2	; 0x02
    271c:	28 2f       	mov	r18, r24
    271e:	30 e0       	ldi	r19, 0x00	; 0
    2720:	3e 83       	std	Y+6, r19	; 0x06
    2722:	2d 83       	std	Y+5, r18	; 0x05
    2724:	8d 81       	ldd	r24, Y+5	; 0x05
    2726:	9e 81       	ldd	r25, Y+6	; 0x06
    2728:	81 30       	cpi	r24, 0x01	; 1
    272a:	91 05       	cpc	r25, r1
    272c:	59 f1       	breq	.+86     	; 0x2784 <DIO_enumSetPinDirection+0x186>
    272e:	2d 81       	ldd	r18, Y+5	; 0x05
    2730:	3e 81       	ldd	r19, Y+6	; 0x06
    2732:	22 30       	cpi	r18, 0x02	; 2
    2734:	31 05       	cpc	r19, r1
    2736:	2c f4       	brge	.+10     	; 0x2742 <DIO_enumSetPinDirection+0x144>
    2738:	8d 81       	ldd	r24, Y+5	; 0x05
    273a:	9e 81       	ldd	r25, Y+6	; 0x06
    273c:	00 97       	sbiw	r24, 0x00	; 0
    273e:	69 f0       	breq	.+26     	; 0x275a <DIO_enumSetPinDirection+0x15c>
    2740:	63 c0       	rjmp	.+198    	; 0x2808 <DIO_enumSetPinDirection+0x20a>
    2742:	2d 81       	ldd	r18, Y+5	; 0x05
    2744:	3e 81       	ldd	r19, Y+6	; 0x06
    2746:	22 30       	cpi	r18, 0x02	; 2
    2748:	31 05       	cpc	r19, r1
    274a:	89 f1       	breq	.+98     	; 0x27ae <DIO_enumSetPinDirection+0x1b0>
    274c:	8d 81       	ldd	r24, Y+5	; 0x05
    274e:	9e 81       	ldd	r25, Y+6	; 0x06
    2750:	83 30       	cpi	r24, 0x03	; 3
    2752:	91 05       	cpc	r25, r1
    2754:	09 f4       	brne	.+2      	; 0x2758 <DIO_enumSetPinDirection+0x15a>
    2756:	40 c0       	rjmp	.+128    	; 0x27d8 <DIO_enumSetPinDirection+0x1da>
    2758:	57 c0       	rjmp	.+174    	; 0x2808 <DIO_enumSetPinDirection+0x20a>
			{
			case DIO_PORTA: CLR_BIT(DDRA_Register,Copy_u8PIN); break;
    275a:	aa e3       	ldi	r26, 0x3A	; 58
    275c:	b0 e0       	ldi	r27, 0x00	; 0
    275e:	ea e3       	ldi	r30, 0x3A	; 58
    2760:	f0 e0       	ldi	r31, 0x00	; 0
    2762:	80 81       	ld	r24, Z
    2764:	48 2f       	mov	r20, r24
    2766:	8b 81       	ldd	r24, Y+3	; 0x03
    2768:	28 2f       	mov	r18, r24
    276a:	30 e0       	ldi	r19, 0x00	; 0
    276c:	81 e0       	ldi	r24, 0x01	; 1
    276e:	90 e0       	ldi	r25, 0x00	; 0
    2770:	02 2e       	mov	r0, r18
    2772:	02 c0       	rjmp	.+4      	; 0x2778 <DIO_enumSetPinDirection+0x17a>
    2774:	88 0f       	add	r24, r24
    2776:	99 1f       	adc	r25, r25
    2778:	0a 94       	dec	r0
    277a:	e2 f7       	brpl	.-8      	; 0x2774 <DIO_enumSetPinDirection+0x176>
    277c:	80 95       	com	r24
    277e:	84 23       	and	r24, r20
    2780:	8c 93       	st	X, r24
    2782:	42 c0       	rjmp	.+132    	; 0x2808 <DIO_enumSetPinDirection+0x20a>
			case DIO_PORTB: CLR_BIT(DDRB_Register,Copy_u8PIN); break;
    2784:	a7 e3       	ldi	r26, 0x37	; 55
    2786:	b0 e0       	ldi	r27, 0x00	; 0
    2788:	e7 e3       	ldi	r30, 0x37	; 55
    278a:	f0 e0       	ldi	r31, 0x00	; 0
    278c:	80 81       	ld	r24, Z
    278e:	48 2f       	mov	r20, r24
    2790:	8b 81       	ldd	r24, Y+3	; 0x03
    2792:	28 2f       	mov	r18, r24
    2794:	30 e0       	ldi	r19, 0x00	; 0
    2796:	81 e0       	ldi	r24, 0x01	; 1
    2798:	90 e0       	ldi	r25, 0x00	; 0
    279a:	02 2e       	mov	r0, r18
    279c:	02 c0       	rjmp	.+4      	; 0x27a2 <DIO_enumSetPinDirection+0x1a4>
    279e:	88 0f       	add	r24, r24
    27a0:	99 1f       	adc	r25, r25
    27a2:	0a 94       	dec	r0
    27a4:	e2 f7       	brpl	.-8      	; 0x279e <DIO_enumSetPinDirection+0x1a0>
    27a6:	80 95       	com	r24
    27a8:	84 23       	and	r24, r20
    27aa:	8c 93       	st	X, r24
    27ac:	2d c0       	rjmp	.+90     	; 0x2808 <DIO_enumSetPinDirection+0x20a>
			case DIO_PORTC: CLR_BIT(DDRC_Register,Copy_u8PIN); break;
    27ae:	a4 e3       	ldi	r26, 0x34	; 52
    27b0:	b0 e0       	ldi	r27, 0x00	; 0
    27b2:	e4 e3       	ldi	r30, 0x34	; 52
    27b4:	f0 e0       	ldi	r31, 0x00	; 0
    27b6:	80 81       	ld	r24, Z
    27b8:	48 2f       	mov	r20, r24
    27ba:	8b 81       	ldd	r24, Y+3	; 0x03
    27bc:	28 2f       	mov	r18, r24
    27be:	30 e0       	ldi	r19, 0x00	; 0
    27c0:	81 e0       	ldi	r24, 0x01	; 1
    27c2:	90 e0       	ldi	r25, 0x00	; 0
    27c4:	02 2e       	mov	r0, r18
    27c6:	02 c0       	rjmp	.+4      	; 0x27cc <DIO_enumSetPinDirection+0x1ce>
    27c8:	88 0f       	add	r24, r24
    27ca:	99 1f       	adc	r25, r25
    27cc:	0a 94       	dec	r0
    27ce:	e2 f7       	brpl	.-8      	; 0x27c8 <DIO_enumSetPinDirection+0x1ca>
    27d0:	80 95       	com	r24
    27d2:	84 23       	and	r24, r20
    27d4:	8c 93       	st	X, r24
    27d6:	18 c0       	rjmp	.+48     	; 0x2808 <DIO_enumSetPinDirection+0x20a>
			case DIO_PORTD: CLR_BIT(DDRD_Register,Copy_u8PIN); break;
    27d8:	a1 e3       	ldi	r26, 0x31	; 49
    27da:	b0 e0       	ldi	r27, 0x00	; 0
    27dc:	e1 e3       	ldi	r30, 0x31	; 49
    27de:	f0 e0       	ldi	r31, 0x00	; 0
    27e0:	80 81       	ld	r24, Z
    27e2:	48 2f       	mov	r20, r24
    27e4:	8b 81       	ldd	r24, Y+3	; 0x03
    27e6:	28 2f       	mov	r18, r24
    27e8:	30 e0       	ldi	r19, 0x00	; 0
    27ea:	81 e0       	ldi	r24, 0x01	; 1
    27ec:	90 e0       	ldi	r25, 0x00	; 0
    27ee:	02 2e       	mov	r0, r18
    27f0:	02 c0       	rjmp	.+4      	; 0x27f6 <DIO_enumSetPinDirection+0x1f8>
    27f2:	88 0f       	add	r24, r24
    27f4:	99 1f       	adc	r25, r25
    27f6:	0a 94       	dec	r0
    27f8:	e2 f7       	brpl	.-8      	; 0x27f2 <DIO_enumSetPinDirection+0x1f4>
    27fa:	80 95       	com	r24
    27fc:	84 23       	and	r24, r20
    27fe:	8c 93       	st	X, r24
    2800:	03 c0       	rjmp	.+6      	; 0x2808 <DIO_enumSetPinDirection+0x20a>
			}
		}

		else
		{
			LOC_enumState = DIO_NOK ;
    2802:	19 82       	std	Y+1, r1	; 0x01
    2804:	01 c0       	rjmp	.+2      	; 0x2808 <DIO_enumSetPinDirection+0x20a>
		}
	}

	else
	{
		LOC_enumState = DIO_NOK ;
    2806:	19 82       	std	Y+1, r1	; 0x01
	}

	return LOC_enumState ;
    2808:	89 81       	ldd	r24, Y+1	; 0x01

}
    280a:	28 96       	adiw	r28, 0x08	; 8
    280c:	0f b6       	in	r0, 0x3f	; 63
    280e:	f8 94       	cli
    2810:	de bf       	out	0x3e, r29	; 62
    2812:	0f be       	out	0x3f, r0	; 63
    2814:	cd bf       	out	0x3d, r28	; 61
    2816:	cf 91       	pop	r28
    2818:	df 91       	pop	r29
    281a:	08 95       	ret

0000281c <DIO_enumSetPinValue>:
  	  =>Copy_u8PIN  --> Pin Number [ DIO_PIN0 , DIO_PIN1 , DIO_PIN2 , DIO_PIN3 , DIO_PIN4 , DIO_PIN5 , DIO_PIN6 , DIO_PIN7 ]
  	  =>Copy_u8Value --> Pin Direction [ DIO_PIN_HIGH , DIO_PIN_LOW ]
 * return : its status
 */
DIO_ErrorStatus DIO_enumSetPinValue      (u8 Copy_u8PORT , u8 Copy_u8PIN , u8 Copy_u8Value ) 
{
    281c:	df 93       	push	r29
    281e:	cf 93       	push	r28
    2820:	cd b7       	in	r28, 0x3d	; 61
    2822:	de b7       	in	r29, 0x3e	; 62
    2824:	28 97       	sbiw	r28, 0x08	; 8
    2826:	0f b6       	in	r0, 0x3f	; 63
    2828:	f8 94       	cli
    282a:	de bf       	out	0x3e, r29	; 62
    282c:	0f be       	out	0x3f, r0	; 63
    282e:	cd bf       	out	0x3d, r28	; 61
    2830:	8a 83       	std	Y+2, r24	; 0x02
    2832:	6b 83       	std	Y+3, r22	; 0x03
    2834:	4c 83       	std	Y+4, r20	; 0x04

	DIO_ErrorStatus LOC_enumState = DIO_OK ;
    2836:	81 e0       	ldi	r24, 0x01	; 1
    2838:	89 83       	std	Y+1, r24	; 0x01

	/* Make sure that the Port ID and Pin ID are in the valid range */
	if ((Copy_u8PORT <= DIO_PORTD) && (Copy_u8PIN <= DIO_PIN7))
    283a:	8a 81       	ldd	r24, Y+2	; 0x02
    283c:	84 30       	cpi	r24, 0x04	; 4
    283e:	08 f0       	brcs	.+2      	; 0x2842 <DIO_enumSetPinValue+0x26>
    2840:	f1 c0       	rjmp	.+482    	; 0x2a24 <DIO_enumSetPinValue+0x208>
    2842:	8b 81       	ldd	r24, Y+3	; 0x03
    2844:	88 30       	cpi	r24, 0x08	; 8
    2846:	08 f0       	brcs	.+2      	; 0x284a <DIO_enumSetPinValue+0x2e>
    2848:	ed c0       	rjmp	.+474    	; 0x2a24 <DIO_enumSetPinValue+0x208>
	{
		if (Copy_u8Value == DIO_PIN_HIGH)
    284a:	8c 81       	ldd	r24, Y+4	; 0x04
    284c:	81 30       	cpi	r24, 0x01	; 1
    284e:	09 f0       	breq	.+2      	; 0x2852 <DIO_enumSetPinValue+0x36>
    2850:	6f c0       	rjmp	.+222    	; 0x2930 <DIO_enumSetPinValue+0x114>
		{
			/* Check on the Required PORT Number */
			switch (Copy_u8PORT)
    2852:	8a 81       	ldd	r24, Y+2	; 0x02
    2854:	28 2f       	mov	r18, r24
    2856:	30 e0       	ldi	r19, 0x00	; 0
    2858:	38 87       	std	Y+8, r19	; 0x08
    285a:	2f 83       	std	Y+7, r18	; 0x07
    285c:	8f 81       	ldd	r24, Y+7	; 0x07
    285e:	98 85       	ldd	r25, Y+8	; 0x08
    2860:	81 30       	cpi	r24, 0x01	; 1
    2862:	91 05       	cpc	r25, r1
    2864:	49 f1       	breq	.+82     	; 0x28b8 <DIO_enumSetPinValue+0x9c>
    2866:	2f 81       	ldd	r18, Y+7	; 0x07
    2868:	38 85       	ldd	r19, Y+8	; 0x08
    286a:	22 30       	cpi	r18, 0x02	; 2
    286c:	31 05       	cpc	r19, r1
    286e:	2c f4       	brge	.+10     	; 0x287a <DIO_enumSetPinValue+0x5e>
    2870:	8f 81       	ldd	r24, Y+7	; 0x07
    2872:	98 85       	ldd	r25, Y+8	; 0x08
    2874:	00 97       	sbiw	r24, 0x00	; 0
    2876:	61 f0       	breq	.+24     	; 0x2890 <DIO_enumSetPinValue+0x74>
    2878:	d6 c0       	rjmp	.+428    	; 0x2a26 <DIO_enumSetPinValue+0x20a>
    287a:	2f 81       	ldd	r18, Y+7	; 0x07
    287c:	38 85       	ldd	r19, Y+8	; 0x08
    287e:	22 30       	cpi	r18, 0x02	; 2
    2880:	31 05       	cpc	r19, r1
    2882:	71 f1       	breq	.+92     	; 0x28e0 <DIO_enumSetPinValue+0xc4>
    2884:	8f 81       	ldd	r24, Y+7	; 0x07
    2886:	98 85       	ldd	r25, Y+8	; 0x08
    2888:	83 30       	cpi	r24, 0x03	; 3
    288a:	91 05       	cpc	r25, r1
    288c:	e9 f1       	breq	.+122    	; 0x2908 <DIO_enumSetPinValue+0xec>
    288e:	cb c0       	rjmp	.+406    	; 0x2a26 <DIO_enumSetPinValue+0x20a>
			{
			case DIO_PORTA: SET_BIT(PORTA_Register,Copy_u8PIN); break;
    2890:	ab e3       	ldi	r26, 0x3B	; 59
    2892:	b0 e0       	ldi	r27, 0x00	; 0
    2894:	eb e3       	ldi	r30, 0x3B	; 59
    2896:	f0 e0       	ldi	r31, 0x00	; 0
    2898:	80 81       	ld	r24, Z
    289a:	48 2f       	mov	r20, r24
    289c:	8b 81       	ldd	r24, Y+3	; 0x03
    289e:	28 2f       	mov	r18, r24
    28a0:	30 e0       	ldi	r19, 0x00	; 0
    28a2:	81 e0       	ldi	r24, 0x01	; 1
    28a4:	90 e0       	ldi	r25, 0x00	; 0
    28a6:	02 2e       	mov	r0, r18
    28a8:	02 c0       	rjmp	.+4      	; 0x28ae <DIO_enumSetPinValue+0x92>
    28aa:	88 0f       	add	r24, r24
    28ac:	99 1f       	adc	r25, r25
    28ae:	0a 94       	dec	r0
    28b0:	e2 f7       	brpl	.-8      	; 0x28aa <DIO_enumSetPinValue+0x8e>
    28b2:	84 2b       	or	r24, r20
    28b4:	8c 93       	st	X, r24
    28b6:	b7 c0       	rjmp	.+366    	; 0x2a26 <DIO_enumSetPinValue+0x20a>
			case DIO_PORTB: SET_BIT(PORTB_Register,Copy_u8PIN); break;
    28b8:	a8 e3       	ldi	r26, 0x38	; 56
    28ba:	b0 e0       	ldi	r27, 0x00	; 0
    28bc:	e8 e3       	ldi	r30, 0x38	; 56
    28be:	f0 e0       	ldi	r31, 0x00	; 0
    28c0:	80 81       	ld	r24, Z
    28c2:	48 2f       	mov	r20, r24
    28c4:	8b 81       	ldd	r24, Y+3	; 0x03
    28c6:	28 2f       	mov	r18, r24
    28c8:	30 e0       	ldi	r19, 0x00	; 0
    28ca:	81 e0       	ldi	r24, 0x01	; 1
    28cc:	90 e0       	ldi	r25, 0x00	; 0
    28ce:	02 2e       	mov	r0, r18
    28d0:	02 c0       	rjmp	.+4      	; 0x28d6 <DIO_enumSetPinValue+0xba>
    28d2:	88 0f       	add	r24, r24
    28d4:	99 1f       	adc	r25, r25
    28d6:	0a 94       	dec	r0
    28d8:	e2 f7       	brpl	.-8      	; 0x28d2 <DIO_enumSetPinValue+0xb6>
    28da:	84 2b       	or	r24, r20
    28dc:	8c 93       	st	X, r24
    28de:	a3 c0       	rjmp	.+326    	; 0x2a26 <DIO_enumSetPinValue+0x20a>
			case DIO_PORTC: SET_BIT(PORTC_Register,Copy_u8PIN); break;
    28e0:	a5 e3       	ldi	r26, 0x35	; 53
    28e2:	b0 e0       	ldi	r27, 0x00	; 0
    28e4:	e5 e3       	ldi	r30, 0x35	; 53
    28e6:	f0 e0       	ldi	r31, 0x00	; 0
    28e8:	80 81       	ld	r24, Z
    28ea:	48 2f       	mov	r20, r24
    28ec:	8b 81       	ldd	r24, Y+3	; 0x03
    28ee:	28 2f       	mov	r18, r24
    28f0:	30 e0       	ldi	r19, 0x00	; 0
    28f2:	81 e0       	ldi	r24, 0x01	; 1
    28f4:	90 e0       	ldi	r25, 0x00	; 0
    28f6:	02 2e       	mov	r0, r18
    28f8:	02 c0       	rjmp	.+4      	; 0x28fe <DIO_enumSetPinValue+0xe2>
    28fa:	88 0f       	add	r24, r24
    28fc:	99 1f       	adc	r25, r25
    28fe:	0a 94       	dec	r0
    2900:	e2 f7       	brpl	.-8      	; 0x28fa <DIO_enumSetPinValue+0xde>
    2902:	84 2b       	or	r24, r20
    2904:	8c 93       	st	X, r24
    2906:	8f c0       	rjmp	.+286    	; 0x2a26 <DIO_enumSetPinValue+0x20a>
			case DIO_PORTD: SET_BIT(PORTD_Register,Copy_u8PIN); break;
    2908:	a2 e3       	ldi	r26, 0x32	; 50
    290a:	b0 e0       	ldi	r27, 0x00	; 0
    290c:	e2 e3       	ldi	r30, 0x32	; 50
    290e:	f0 e0       	ldi	r31, 0x00	; 0
    2910:	80 81       	ld	r24, Z
    2912:	48 2f       	mov	r20, r24
    2914:	8b 81       	ldd	r24, Y+3	; 0x03
    2916:	28 2f       	mov	r18, r24
    2918:	30 e0       	ldi	r19, 0x00	; 0
    291a:	81 e0       	ldi	r24, 0x01	; 1
    291c:	90 e0       	ldi	r25, 0x00	; 0
    291e:	02 2e       	mov	r0, r18
    2920:	02 c0       	rjmp	.+4      	; 0x2926 <DIO_enumSetPinValue+0x10a>
    2922:	88 0f       	add	r24, r24
    2924:	99 1f       	adc	r25, r25
    2926:	0a 94       	dec	r0
    2928:	e2 f7       	brpl	.-8      	; 0x2922 <DIO_enumSetPinValue+0x106>
    292a:	84 2b       	or	r24, r20
    292c:	8c 93       	st	X, r24
    292e:	7b c0       	rjmp	.+246    	; 0x2a26 <DIO_enumSetPinValue+0x20a>
			}

		}

		else if (Copy_u8Value == DIO_PIN_LOW)
    2930:	8c 81       	ldd	r24, Y+4	; 0x04
    2932:	88 23       	and	r24, r24
    2934:	09 f0       	breq	.+2      	; 0x2938 <DIO_enumSetPinValue+0x11c>
    2936:	74 c0       	rjmp	.+232    	; 0x2a20 <DIO_enumSetPinValue+0x204>
		{
			/* Check on the Required PORT Number */
			switch (Copy_u8PORT)
    2938:	8a 81       	ldd	r24, Y+2	; 0x02
    293a:	28 2f       	mov	r18, r24
    293c:	30 e0       	ldi	r19, 0x00	; 0
    293e:	3e 83       	std	Y+6, r19	; 0x06
    2940:	2d 83       	std	Y+5, r18	; 0x05
    2942:	8d 81       	ldd	r24, Y+5	; 0x05
    2944:	9e 81       	ldd	r25, Y+6	; 0x06
    2946:	81 30       	cpi	r24, 0x01	; 1
    2948:	91 05       	cpc	r25, r1
    294a:	59 f1       	breq	.+86     	; 0x29a2 <DIO_enumSetPinValue+0x186>
    294c:	2d 81       	ldd	r18, Y+5	; 0x05
    294e:	3e 81       	ldd	r19, Y+6	; 0x06
    2950:	22 30       	cpi	r18, 0x02	; 2
    2952:	31 05       	cpc	r19, r1
    2954:	2c f4       	brge	.+10     	; 0x2960 <DIO_enumSetPinValue+0x144>
    2956:	8d 81       	ldd	r24, Y+5	; 0x05
    2958:	9e 81       	ldd	r25, Y+6	; 0x06
    295a:	00 97       	sbiw	r24, 0x00	; 0
    295c:	69 f0       	breq	.+26     	; 0x2978 <DIO_enumSetPinValue+0x15c>
    295e:	63 c0       	rjmp	.+198    	; 0x2a26 <DIO_enumSetPinValue+0x20a>
    2960:	2d 81       	ldd	r18, Y+5	; 0x05
    2962:	3e 81       	ldd	r19, Y+6	; 0x06
    2964:	22 30       	cpi	r18, 0x02	; 2
    2966:	31 05       	cpc	r19, r1
    2968:	89 f1       	breq	.+98     	; 0x29cc <DIO_enumSetPinValue+0x1b0>
    296a:	8d 81       	ldd	r24, Y+5	; 0x05
    296c:	9e 81       	ldd	r25, Y+6	; 0x06
    296e:	83 30       	cpi	r24, 0x03	; 3
    2970:	91 05       	cpc	r25, r1
    2972:	09 f4       	brne	.+2      	; 0x2976 <DIO_enumSetPinValue+0x15a>
    2974:	40 c0       	rjmp	.+128    	; 0x29f6 <DIO_enumSetPinValue+0x1da>
    2976:	57 c0       	rjmp	.+174    	; 0x2a26 <DIO_enumSetPinValue+0x20a>
			{
			case DIO_PORTA: CLR_BIT(PORTA_Register,Copy_u8PIN); break;
    2978:	ab e3       	ldi	r26, 0x3B	; 59
    297a:	b0 e0       	ldi	r27, 0x00	; 0
    297c:	eb e3       	ldi	r30, 0x3B	; 59
    297e:	f0 e0       	ldi	r31, 0x00	; 0
    2980:	80 81       	ld	r24, Z
    2982:	48 2f       	mov	r20, r24
    2984:	8b 81       	ldd	r24, Y+3	; 0x03
    2986:	28 2f       	mov	r18, r24
    2988:	30 e0       	ldi	r19, 0x00	; 0
    298a:	81 e0       	ldi	r24, 0x01	; 1
    298c:	90 e0       	ldi	r25, 0x00	; 0
    298e:	02 2e       	mov	r0, r18
    2990:	02 c0       	rjmp	.+4      	; 0x2996 <DIO_enumSetPinValue+0x17a>
    2992:	88 0f       	add	r24, r24
    2994:	99 1f       	adc	r25, r25
    2996:	0a 94       	dec	r0
    2998:	e2 f7       	brpl	.-8      	; 0x2992 <DIO_enumSetPinValue+0x176>
    299a:	80 95       	com	r24
    299c:	84 23       	and	r24, r20
    299e:	8c 93       	st	X, r24
    29a0:	42 c0       	rjmp	.+132    	; 0x2a26 <DIO_enumSetPinValue+0x20a>
			case DIO_PORTB: CLR_BIT(PORTB_Register,Copy_u8PIN); break;
    29a2:	a8 e3       	ldi	r26, 0x38	; 56
    29a4:	b0 e0       	ldi	r27, 0x00	; 0
    29a6:	e8 e3       	ldi	r30, 0x38	; 56
    29a8:	f0 e0       	ldi	r31, 0x00	; 0
    29aa:	80 81       	ld	r24, Z
    29ac:	48 2f       	mov	r20, r24
    29ae:	8b 81       	ldd	r24, Y+3	; 0x03
    29b0:	28 2f       	mov	r18, r24
    29b2:	30 e0       	ldi	r19, 0x00	; 0
    29b4:	81 e0       	ldi	r24, 0x01	; 1
    29b6:	90 e0       	ldi	r25, 0x00	; 0
    29b8:	02 2e       	mov	r0, r18
    29ba:	02 c0       	rjmp	.+4      	; 0x29c0 <DIO_enumSetPinValue+0x1a4>
    29bc:	88 0f       	add	r24, r24
    29be:	99 1f       	adc	r25, r25
    29c0:	0a 94       	dec	r0
    29c2:	e2 f7       	brpl	.-8      	; 0x29bc <DIO_enumSetPinValue+0x1a0>
    29c4:	80 95       	com	r24
    29c6:	84 23       	and	r24, r20
    29c8:	8c 93       	st	X, r24
    29ca:	2d c0       	rjmp	.+90     	; 0x2a26 <DIO_enumSetPinValue+0x20a>
			case DIO_PORTC: CLR_BIT(PORTC_Register,Copy_u8PIN); break;
    29cc:	a5 e3       	ldi	r26, 0x35	; 53
    29ce:	b0 e0       	ldi	r27, 0x00	; 0
    29d0:	e5 e3       	ldi	r30, 0x35	; 53
    29d2:	f0 e0       	ldi	r31, 0x00	; 0
    29d4:	80 81       	ld	r24, Z
    29d6:	48 2f       	mov	r20, r24
    29d8:	8b 81       	ldd	r24, Y+3	; 0x03
    29da:	28 2f       	mov	r18, r24
    29dc:	30 e0       	ldi	r19, 0x00	; 0
    29de:	81 e0       	ldi	r24, 0x01	; 1
    29e0:	90 e0       	ldi	r25, 0x00	; 0
    29e2:	02 2e       	mov	r0, r18
    29e4:	02 c0       	rjmp	.+4      	; 0x29ea <DIO_enumSetPinValue+0x1ce>
    29e6:	88 0f       	add	r24, r24
    29e8:	99 1f       	adc	r25, r25
    29ea:	0a 94       	dec	r0
    29ec:	e2 f7       	brpl	.-8      	; 0x29e6 <DIO_enumSetPinValue+0x1ca>
    29ee:	80 95       	com	r24
    29f0:	84 23       	and	r24, r20
    29f2:	8c 93       	st	X, r24
    29f4:	18 c0       	rjmp	.+48     	; 0x2a26 <DIO_enumSetPinValue+0x20a>
			case DIO_PORTD: CLR_BIT(PORTD_Register,Copy_u8PIN); break;
    29f6:	a2 e3       	ldi	r26, 0x32	; 50
    29f8:	b0 e0       	ldi	r27, 0x00	; 0
    29fa:	e2 e3       	ldi	r30, 0x32	; 50
    29fc:	f0 e0       	ldi	r31, 0x00	; 0
    29fe:	80 81       	ld	r24, Z
    2a00:	48 2f       	mov	r20, r24
    2a02:	8b 81       	ldd	r24, Y+3	; 0x03
    2a04:	28 2f       	mov	r18, r24
    2a06:	30 e0       	ldi	r19, 0x00	; 0
    2a08:	81 e0       	ldi	r24, 0x01	; 1
    2a0a:	90 e0       	ldi	r25, 0x00	; 0
    2a0c:	02 2e       	mov	r0, r18
    2a0e:	02 c0       	rjmp	.+4      	; 0x2a14 <DIO_enumSetPinValue+0x1f8>
    2a10:	88 0f       	add	r24, r24
    2a12:	99 1f       	adc	r25, r25
    2a14:	0a 94       	dec	r0
    2a16:	e2 f7       	brpl	.-8      	; 0x2a10 <DIO_enumSetPinValue+0x1f4>
    2a18:	80 95       	com	r24
    2a1a:	84 23       	and	r24, r20
    2a1c:	8c 93       	st	X, r24
    2a1e:	03 c0       	rjmp	.+6      	; 0x2a26 <DIO_enumSetPinValue+0x20a>
			}
		}

		else
		{
			LOC_enumState = DIO_NOK ;
    2a20:	19 82       	std	Y+1, r1	; 0x01
    2a22:	01 c0       	rjmp	.+2      	; 0x2a26 <DIO_enumSetPinValue+0x20a>
		}
	}

	else
	{
		LOC_enumState = DIO_NOK ;
    2a24:	19 82       	std	Y+1, r1	; 0x01
	}

	return LOC_enumState ;
    2a26:	89 81       	ldd	r24, Y+1	; 0x01

}
    2a28:	28 96       	adiw	r28, 0x08	; 8
    2a2a:	0f b6       	in	r0, 0x3f	; 63
    2a2c:	f8 94       	cli
    2a2e:	de bf       	out	0x3e, r29	; 62
    2a30:	0f be       	out	0x3f, r0	; 63
    2a32:	cd bf       	out	0x3d, r28	; 61
    2a34:	cf 91       	pop	r28
    2a36:	df 91       	pop	r29
    2a38:	08 95       	ret

00002a3a <DIO_enumGetPinValue>:
  	  => *Copy_PtrData  --> pointer to recieve the pin value
 * return : its status and recieve Pin Value in pointer
 */

DIO_ErrorStatus DIO_enumGetPinValue          (u8 Copy_u8PORT, u8 Copy_u8PIN, u8 * Copy_PtrData   )
{
    2a3a:	df 93       	push	r29
    2a3c:	cf 93       	push	r28
    2a3e:	cd b7       	in	r28, 0x3d	; 61
    2a40:	de b7       	in	r29, 0x3e	; 62
    2a42:	27 97       	sbiw	r28, 0x07	; 7
    2a44:	0f b6       	in	r0, 0x3f	; 63
    2a46:	f8 94       	cli
    2a48:	de bf       	out	0x3e, r29	; 62
    2a4a:	0f be       	out	0x3f, r0	; 63
    2a4c:	cd bf       	out	0x3d, r28	; 61
    2a4e:	8a 83       	std	Y+2, r24	; 0x02
    2a50:	6b 83       	std	Y+3, r22	; 0x03
    2a52:	5d 83       	std	Y+5, r21	; 0x05
    2a54:	4c 83       	std	Y+4, r20	; 0x04

	DIO_ErrorStatus LOC_enumState = DIO_OK ;
    2a56:	81 e0       	ldi	r24, 0x01	; 1
    2a58:	89 83       	std	Y+1, r24	; 0x01

	if ((Copy_u8PORT <= DIO_PORTD) && (Copy_u8PIN <= DIO_PIN7))
    2a5a:	8a 81       	ldd	r24, Y+2	; 0x02
    2a5c:	84 30       	cpi	r24, 0x04	; 4
    2a5e:	08 f0       	brcs	.+2      	; 0x2a62 <DIO_enumGetPinValue+0x28>
    2a60:	a6 c0       	rjmp	.+332    	; 0x2bae <DIO_enumGetPinValue+0x174>
    2a62:	8b 81       	ldd	r24, Y+3	; 0x03
    2a64:	88 30       	cpi	r24, 0x08	; 8
    2a66:	08 f0       	brcs	.+2      	; 0x2a6a <DIO_enumGetPinValue+0x30>
    2a68:	a2 c0       	rjmp	.+324    	; 0x2bae <DIO_enumGetPinValue+0x174>
	{
		/* Check on the Required PORT Number */
		switch (Copy_u8PORT)
    2a6a:	8a 81       	ldd	r24, Y+2	; 0x02
    2a6c:	28 2f       	mov	r18, r24
    2a6e:	30 e0       	ldi	r19, 0x00	; 0
    2a70:	3f 83       	std	Y+7, r19	; 0x07
    2a72:	2e 83       	std	Y+6, r18	; 0x06
    2a74:	4e 81       	ldd	r20, Y+6	; 0x06
    2a76:	5f 81       	ldd	r21, Y+7	; 0x07
    2a78:	41 30       	cpi	r20, 0x01	; 1
    2a7a:	51 05       	cpc	r21, r1
    2a7c:	c1 f1       	breq	.+112    	; 0x2aee <DIO_enumGetPinValue+0xb4>
    2a7e:	8e 81       	ldd	r24, Y+6	; 0x06
    2a80:	9f 81       	ldd	r25, Y+7	; 0x07
    2a82:	82 30       	cpi	r24, 0x02	; 2
    2a84:	91 05       	cpc	r25, r1
    2a86:	34 f4       	brge	.+12     	; 0x2a94 <DIO_enumGetPinValue+0x5a>
    2a88:	2e 81       	ldd	r18, Y+6	; 0x06
    2a8a:	3f 81       	ldd	r19, Y+7	; 0x07
    2a8c:	21 15       	cp	r18, r1
    2a8e:	31 05       	cpc	r19, r1
    2a90:	71 f0       	breq	.+28     	; 0x2aae <DIO_enumGetPinValue+0x74>
    2a92:	8e c0       	rjmp	.+284    	; 0x2bb0 <DIO_enumGetPinValue+0x176>
    2a94:	4e 81       	ldd	r20, Y+6	; 0x06
    2a96:	5f 81       	ldd	r21, Y+7	; 0x07
    2a98:	42 30       	cpi	r20, 0x02	; 2
    2a9a:	51 05       	cpc	r21, r1
    2a9c:	09 f4       	brne	.+2      	; 0x2aa0 <DIO_enumGetPinValue+0x66>
    2a9e:	47 c0       	rjmp	.+142    	; 0x2b2e <DIO_enumGetPinValue+0xf4>
    2aa0:	8e 81       	ldd	r24, Y+6	; 0x06
    2aa2:	9f 81       	ldd	r25, Y+7	; 0x07
    2aa4:	83 30       	cpi	r24, 0x03	; 3
    2aa6:	91 05       	cpc	r25, r1
    2aa8:	09 f4       	brne	.+2      	; 0x2aac <DIO_enumGetPinValue+0x72>
    2aaa:	61 c0       	rjmp	.+194    	; 0x2b6e <DIO_enumGetPinValue+0x134>
    2aac:	81 c0       	rjmp	.+258    	; 0x2bb0 <DIO_enumGetPinValue+0x176>
		{
		case DIO_PORTA: * Copy_PtrData = GET_BIT(PINA_Register,Copy_u8PIN); break;
    2aae:	e9 e3       	ldi	r30, 0x39	; 57
    2ab0:	f0 e0       	ldi	r31, 0x00	; 0
    2ab2:	80 81       	ld	r24, Z
    2ab4:	48 2f       	mov	r20, r24
    2ab6:	50 e0       	ldi	r21, 0x00	; 0
    2ab8:	8b 81       	ldd	r24, Y+3	; 0x03
    2aba:	28 2f       	mov	r18, r24
    2abc:	30 e0       	ldi	r19, 0x00	; 0
    2abe:	81 e0       	ldi	r24, 0x01	; 1
    2ac0:	90 e0       	ldi	r25, 0x00	; 0
    2ac2:	02 c0       	rjmp	.+4      	; 0x2ac8 <DIO_enumGetPinValue+0x8e>
    2ac4:	88 0f       	add	r24, r24
    2ac6:	99 1f       	adc	r25, r25
    2ac8:	2a 95       	dec	r18
    2aca:	e2 f7       	brpl	.-8      	; 0x2ac4 <DIO_enumGetPinValue+0x8a>
    2acc:	9a 01       	movw	r18, r20
    2ace:	28 23       	and	r18, r24
    2ad0:	39 23       	and	r19, r25
    2ad2:	8b 81       	ldd	r24, Y+3	; 0x03
    2ad4:	88 2f       	mov	r24, r24
    2ad6:	90 e0       	ldi	r25, 0x00	; 0
    2ad8:	a9 01       	movw	r20, r18
    2ada:	02 c0       	rjmp	.+4      	; 0x2ae0 <DIO_enumGetPinValue+0xa6>
    2adc:	55 95       	asr	r21
    2ade:	47 95       	ror	r20
    2ae0:	8a 95       	dec	r24
    2ae2:	e2 f7       	brpl	.-8      	; 0x2adc <DIO_enumGetPinValue+0xa2>
    2ae4:	ca 01       	movw	r24, r20
    2ae6:	ec 81       	ldd	r30, Y+4	; 0x04
    2ae8:	fd 81       	ldd	r31, Y+5	; 0x05
    2aea:	80 83       	st	Z, r24
    2aec:	61 c0       	rjmp	.+194    	; 0x2bb0 <DIO_enumGetPinValue+0x176>
		case DIO_PORTB: * Copy_PtrData = GET_BIT(PINB_Register,Copy_u8PIN); break;
    2aee:	e6 e3       	ldi	r30, 0x36	; 54
    2af0:	f0 e0       	ldi	r31, 0x00	; 0
    2af2:	80 81       	ld	r24, Z
    2af4:	48 2f       	mov	r20, r24
    2af6:	50 e0       	ldi	r21, 0x00	; 0
    2af8:	8b 81       	ldd	r24, Y+3	; 0x03
    2afa:	28 2f       	mov	r18, r24
    2afc:	30 e0       	ldi	r19, 0x00	; 0
    2afe:	81 e0       	ldi	r24, 0x01	; 1
    2b00:	90 e0       	ldi	r25, 0x00	; 0
    2b02:	02 c0       	rjmp	.+4      	; 0x2b08 <DIO_enumGetPinValue+0xce>
    2b04:	88 0f       	add	r24, r24
    2b06:	99 1f       	adc	r25, r25
    2b08:	2a 95       	dec	r18
    2b0a:	e2 f7       	brpl	.-8      	; 0x2b04 <DIO_enumGetPinValue+0xca>
    2b0c:	9a 01       	movw	r18, r20
    2b0e:	28 23       	and	r18, r24
    2b10:	39 23       	and	r19, r25
    2b12:	8b 81       	ldd	r24, Y+3	; 0x03
    2b14:	88 2f       	mov	r24, r24
    2b16:	90 e0       	ldi	r25, 0x00	; 0
    2b18:	a9 01       	movw	r20, r18
    2b1a:	02 c0       	rjmp	.+4      	; 0x2b20 <DIO_enumGetPinValue+0xe6>
    2b1c:	55 95       	asr	r21
    2b1e:	47 95       	ror	r20
    2b20:	8a 95       	dec	r24
    2b22:	e2 f7       	brpl	.-8      	; 0x2b1c <DIO_enumGetPinValue+0xe2>
    2b24:	ca 01       	movw	r24, r20
    2b26:	ec 81       	ldd	r30, Y+4	; 0x04
    2b28:	fd 81       	ldd	r31, Y+5	; 0x05
    2b2a:	80 83       	st	Z, r24
    2b2c:	41 c0       	rjmp	.+130    	; 0x2bb0 <DIO_enumGetPinValue+0x176>
		case DIO_PORTC: * Copy_PtrData = GET_BIT(PINC_Register,Copy_u8PIN); break;
    2b2e:	e3 e3       	ldi	r30, 0x33	; 51
    2b30:	f0 e0       	ldi	r31, 0x00	; 0
    2b32:	80 81       	ld	r24, Z
    2b34:	48 2f       	mov	r20, r24
    2b36:	50 e0       	ldi	r21, 0x00	; 0
    2b38:	8b 81       	ldd	r24, Y+3	; 0x03
    2b3a:	28 2f       	mov	r18, r24
    2b3c:	30 e0       	ldi	r19, 0x00	; 0
    2b3e:	81 e0       	ldi	r24, 0x01	; 1
    2b40:	90 e0       	ldi	r25, 0x00	; 0
    2b42:	02 c0       	rjmp	.+4      	; 0x2b48 <DIO_enumGetPinValue+0x10e>
    2b44:	88 0f       	add	r24, r24
    2b46:	99 1f       	adc	r25, r25
    2b48:	2a 95       	dec	r18
    2b4a:	e2 f7       	brpl	.-8      	; 0x2b44 <DIO_enumGetPinValue+0x10a>
    2b4c:	9a 01       	movw	r18, r20
    2b4e:	28 23       	and	r18, r24
    2b50:	39 23       	and	r19, r25
    2b52:	8b 81       	ldd	r24, Y+3	; 0x03
    2b54:	88 2f       	mov	r24, r24
    2b56:	90 e0       	ldi	r25, 0x00	; 0
    2b58:	a9 01       	movw	r20, r18
    2b5a:	02 c0       	rjmp	.+4      	; 0x2b60 <DIO_enumGetPinValue+0x126>
    2b5c:	55 95       	asr	r21
    2b5e:	47 95       	ror	r20
    2b60:	8a 95       	dec	r24
    2b62:	e2 f7       	brpl	.-8      	; 0x2b5c <DIO_enumGetPinValue+0x122>
    2b64:	ca 01       	movw	r24, r20
    2b66:	ec 81       	ldd	r30, Y+4	; 0x04
    2b68:	fd 81       	ldd	r31, Y+5	; 0x05
    2b6a:	80 83       	st	Z, r24
    2b6c:	21 c0       	rjmp	.+66     	; 0x2bb0 <DIO_enumGetPinValue+0x176>
		case DIO_PORTD: * Copy_PtrData = GET_BIT(PIND_Register,Copy_u8PIN); break;
    2b6e:	e0 e3       	ldi	r30, 0x30	; 48
    2b70:	f0 e0       	ldi	r31, 0x00	; 0
    2b72:	80 81       	ld	r24, Z
    2b74:	48 2f       	mov	r20, r24
    2b76:	50 e0       	ldi	r21, 0x00	; 0
    2b78:	8b 81       	ldd	r24, Y+3	; 0x03
    2b7a:	28 2f       	mov	r18, r24
    2b7c:	30 e0       	ldi	r19, 0x00	; 0
    2b7e:	81 e0       	ldi	r24, 0x01	; 1
    2b80:	90 e0       	ldi	r25, 0x00	; 0
    2b82:	02 c0       	rjmp	.+4      	; 0x2b88 <DIO_enumGetPinValue+0x14e>
    2b84:	88 0f       	add	r24, r24
    2b86:	99 1f       	adc	r25, r25
    2b88:	2a 95       	dec	r18
    2b8a:	e2 f7       	brpl	.-8      	; 0x2b84 <DIO_enumGetPinValue+0x14a>
    2b8c:	9a 01       	movw	r18, r20
    2b8e:	28 23       	and	r18, r24
    2b90:	39 23       	and	r19, r25
    2b92:	8b 81       	ldd	r24, Y+3	; 0x03
    2b94:	88 2f       	mov	r24, r24
    2b96:	90 e0       	ldi	r25, 0x00	; 0
    2b98:	a9 01       	movw	r20, r18
    2b9a:	02 c0       	rjmp	.+4      	; 0x2ba0 <DIO_enumGetPinValue+0x166>
    2b9c:	55 95       	asr	r21
    2b9e:	47 95       	ror	r20
    2ba0:	8a 95       	dec	r24
    2ba2:	e2 f7       	brpl	.-8      	; 0x2b9c <DIO_enumGetPinValue+0x162>
    2ba4:	ca 01       	movw	r24, r20
    2ba6:	ec 81       	ldd	r30, Y+4	; 0x04
    2ba8:	fd 81       	ldd	r31, Y+5	; 0x05
    2baa:	80 83       	st	Z, r24
    2bac:	01 c0       	rjmp	.+2      	; 0x2bb0 <DIO_enumGetPinValue+0x176>
	}

	else
	{
		/* in case of error in the Pin ID or PORT ID */
		LOC_enumState = DIO_NOK ;
    2bae:	19 82       	std	Y+1, r1	; 0x01
	}

	return LOC_enumState;
    2bb0:	89 81       	ldd	r24, Y+1	; 0x01
}
    2bb2:	27 96       	adiw	r28, 0x07	; 7
    2bb4:	0f b6       	in	r0, 0x3f	; 63
    2bb6:	f8 94       	cli
    2bb8:	de bf       	out	0x3e, r29	; 62
    2bba:	0f be       	out	0x3f, r0	; 63
    2bbc:	cd bf       	out	0x3d, r28	; 61
    2bbe:	cf 91       	pop	r28
    2bc0:	df 91       	pop	r29
    2bc2:	08 95       	ret

00002bc4 <DIO_enumTogglePinValue>:
  	  =>Copy_u8PORT --> Port Name [ DIO_PORTA ,	DIO_PORTB , DIO_PORTC , DIO_PORTD ]
  	  =>Copy_u8PIN  --> Pin Number [ DIO_PIN0 , DIO_PIN1 , DIO_PIN2 , DIO_PIN3 , DIO_PIN4 , DIO_PIN5 , DIO_PIN6 , DIO_PIN7 ]
 * return : its status
 */
DIO_ErrorStatus DIO_enumTogglePinValue  ( u8 Copy_u8PORT, u8 Copy_u8PIN )
{
    2bc4:	df 93       	push	r29
    2bc6:	cf 93       	push	r28
    2bc8:	00 d0       	rcall	.+0      	; 0x2bca <DIO_enumTogglePinValue+0x6>
    2bca:	00 d0       	rcall	.+0      	; 0x2bcc <DIO_enumTogglePinValue+0x8>
    2bcc:	0f 92       	push	r0
    2bce:	cd b7       	in	r28, 0x3d	; 61
    2bd0:	de b7       	in	r29, 0x3e	; 62
    2bd2:	8a 83       	std	Y+2, r24	; 0x02
    2bd4:	6b 83       	std	Y+3, r22	; 0x03
	DIO_ErrorStatus LOC_enumState = DIO_OK ;
    2bd6:	81 e0       	ldi	r24, 0x01	; 1
    2bd8:	89 83       	std	Y+1, r24	; 0x01

	if (Copy_u8PIN <= DIO_PIN7)
    2bda:	8b 81       	ldd	r24, Y+3	; 0x03
    2bdc:	88 30       	cpi	r24, 0x08	; 8
    2bde:	08 f0       	brcs	.+2      	; 0x2be2 <DIO_enumTogglePinValue+0x1e>
    2be0:	6f c0       	rjmp	.+222    	; 0x2cc0 <DIO_enumTogglePinValue+0xfc>
	{
		switch (Copy_u8PORT)
    2be2:	8a 81       	ldd	r24, Y+2	; 0x02
    2be4:	28 2f       	mov	r18, r24
    2be6:	30 e0       	ldi	r19, 0x00	; 0
    2be8:	3d 83       	std	Y+5, r19	; 0x05
    2bea:	2c 83       	std	Y+4, r18	; 0x04
    2bec:	8c 81       	ldd	r24, Y+4	; 0x04
    2bee:	9d 81       	ldd	r25, Y+5	; 0x05
    2bf0:	81 30       	cpi	r24, 0x01	; 1
    2bf2:	91 05       	cpc	r25, r1
    2bf4:	49 f1       	breq	.+82     	; 0x2c48 <DIO_enumTogglePinValue+0x84>
    2bf6:	2c 81       	ldd	r18, Y+4	; 0x04
    2bf8:	3d 81       	ldd	r19, Y+5	; 0x05
    2bfa:	22 30       	cpi	r18, 0x02	; 2
    2bfc:	31 05       	cpc	r19, r1
    2bfe:	2c f4       	brge	.+10     	; 0x2c0a <DIO_enumTogglePinValue+0x46>
    2c00:	8c 81       	ldd	r24, Y+4	; 0x04
    2c02:	9d 81       	ldd	r25, Y+5	; 0x05
    2c04:	00 97       	sbiw	r24, 0x00	; 0
    2c06:	61 f0       	breq	.+24     	; 0x2c20 <DIO_enumTogglePinValue+0x5c>
    2c08:	5c c0       	rjmp	.+184    	; 0x2cc2 <DIO_enumTogglePinValue+0xfe>
    2c0a:	2c 81       	ldd	r18, Y+4	; 0x04
    2c0c:	3d 81       	ldd	r19, Y+5	; 0x05
    2c0e:	22 30       	cpi	r18, 0x02	; 2
    2c10:	31 05       	cpc	r19, r1
    2c12:	71 f1       	breq	.+92     	; 0x2c70 <DIO_enumTogglePinValue+0xac>
    2c14:	8c 81       	ldd	r24, Y+4	; 0x04
    2c16:	9d 81       	ldd	r25, Y+5	; 0x05
    2c18:	83 30       	cpi	r24, 0x03	; 3
    2c1a:	91 05       	cpc	r25, r1
    2c1c:	e9 f1       	breq	.+122    	; 0x2c98 <DIO_enumTogglePinValue+0xd4>
    2c1e:	51 c0       	rjmp	.+162    	; 0x2cc2 <DIO_enumTogglePinValue+0xfe>
		{
		case DIO_PORTA : TOG_BIT(PORTA_Register,Copy_u8PIN);
    2c20:	ab e3       	ldi	r26, 0x3B	; 59
    2c22:	b0 e0       	ldi	r27, 0x00	; 0
    2c24:	eb e3       	ldi	r30, 0x3B	; 59
    2c26:	f0 e0       	ldi	r31, 0x00	; 0
    2c28:	80 81       	ld	r24, Z
    2c2a:	48 2f       	mov	r20, r24
    2c2c:	8b 81       	ldd	r24, Y+3	; 0x03
    2c2e:	28 2f       	mov	r18, r24
    2c30:	30 e0       	ldi	r19, 0x00	; 0
    2c32:	81 e0       	ldi	r24, 0x01	; 1
    2c34:	90 e0       	ldi	r25, 0x00	; 0
    2c36:	02 2e       	mov	r0, r18
    2c38:	02 c0       	rjmp	.+4      	; 0x2c3e <DIO_enumTogglePinValue+0x7a>
    2c3a:	88 0f       	add	r24, r24
    2c3c:	99 1f       	adc	r25, r25
    2c3e:	0a 94       	dec	r0
    2c40:	e2 f7       	brpl	.-8      	; 0x2c3a <DIO_enumTogglePinValue+0x76>
    2c42:	84 27       	eor	r24, r20
    2c44:	8c 93       	st	X, r24
    2c46:	3d c0       	rjmp	.+122    	; 0x2cc2 <DIO_enumTogglePinValue+0xfe>
		break ;
		case DIO_PORTB : TOG_BIT(PORTB_Register,Copy_u8PIN);
    2c48:	a8 e3       	ldi	r26, 0x38	; 56
    2c4a:	b0 e0       	ldi	r27, 0x00	; 0
    2c4c:	e8 e3       	ldi	r30, 0x38	; 56
    2c4e:	f0 e0       	ldi	r31, 0x00	; 0
    2c50:	80 81       	ld	r24, Z
    2c52:	48 2f       	mov	r20, r24
    2c54:	8b 81       	ldd	r24, Y+3	; 0x03
    2c56:	28 2f       	mov	r18, r24
    2c58:	30 e0       	ldi	r19, 0x00	; 0
    2c5a:	81 e0       	ldi	r24, 0x01	; 1
    2c5c:	90 e0       	ldi	r25, 0x00	; 0
    2c5e:	02 2e       	mov	r0, r18
    2c60:	02 c0       	rjmp	.+4      	; 0x2c66 <DIO_enumTogglePinValue+0xa2>
    2c62:	88 0f       	add	r24, r24
    2c64:	99 1f       	adc	r25, r25
    2c66:	0a 94       	dec	r0
    2c68:	e2 f7       	brpl	.-8      	; 0x2c62 <DIO_enumTogglePinValue+0x9e>
    2c6a:	84 27       	eor	r24, r20
    2c6c:	8c 93       	st	X, r24
    2c6e:	29 c0       	rjmp	.+82     	; 0x2cc2 <DIO_enumTogglePinValue+0xfe>
		break ;
		case DIO_PORTC : TOG_BIT(PORTC_Register,Copy_u8PIN);
    2c70:	a5 e3       	ldi	r26, 0x35	; 53
    2c72:	b0 e0       	ldi	r27, 0x00	; 0
    2c74:	e5 e3       	ldi	r30, 0x35	; 53
    2c76:	f0 e0       	ldi	r31, 0x00	; 0
    2c78:	80 81       	ld	r24, Z
    2c7a:	48 2f       	mov	r20, r24
    2c7c:	8b 81       	ldd	r24, Y+3	; 0x03
    2c7e:	28 2f       	mov	r18, r24
    2c80:	30 e0       	ldi	r19, 0x00	; 0
    2c82:	81 e0       	ldi	r24, 0x01	; 1
    2c84:	90 e0       	ldi	r25, 0x00	; 0
    2c86:	02 2e       	mov	r0, r18
    2c88:	02 c0       	rjmp	.+4      	; 0x2c8e <DIO_enumTogglePinValue+0xca>
    2c8a:	88 0f       	add	r24, r24
    2c8c:	99 1f       	adc	r25, r25
    2c8e:	0a 94       	dec	r0
    2c90:	e2 f7       	brpl	.-8      	; 0x2c8a <DIO_enumTogglePinValue+0xc6>
    2c92:	84 27       	eor	r24, r20
    2c94:	8c 93       	st	X, r24
    2c96:	15 c0       	rjmp	.+42     	; 0x2cc2 <DIO_enumTogglePinValue+0xfe>
		break ;
		case DIO_PORTD : TOG_BIT(PORTD_Register,Copy_u8PIN);
    2c98:	a2 e3       	ldi	r26, 0x32	; 50
    2c9a:	b0 e0       	ldi	r27, 0x00	; 0
    2c9c:	e2 e3       	ldi	r30, 0x32	; 50
    2c9e:	f0 e0       	ldi	r31, 0x00	; 0
    2ca0:	80 81       	ld	r24, Z
    2ca2:	48 2f       	mov	r20, r24
    2ca4:	8b 81       	ldd	r24, Y+3	; 0x03
    2ca6:	28 2f       	mov	r18, r24
    2ca8:	30 e0       	ldi	r19, 0x00	; 0
    2caa:	81 e0       	ldi	r24, 0x01	; 1
    2cac:	90 e0       	ldi	r25, 0x00	; 0
    2cae:	02 2e       	mov	r0, r18
    2cb0:	02 c0       	rjmp	.+4      	; 0x2cb6 <DIO_enumTogglePinValue+0xf2>
    2cb2:	88 0f       	add	r24, r24
    2cb4:	99 1f       	adc	r25, r25
    2cb6:	0a 94       	dec	r0
    2cb8:	e2 f7       	brpl	.-8      	; 0x2cb2 <DIO_enumTogglePinValue+0xee>
    2cba:	84 27       	eor	r24, r20
    2cbc:	8c 93       	st	X, r24
    2cbe:	01 c0       	rjmp	.+2      	; 0x2cc2 <DIO_enumTogglePinValue+0xfe>

	}
	else
	{
		/* in case of error in the Pin ID or PORT ID */
		LOC_enumState = DIO_NOK ;
    2cc0:	19 82       	std	Y+1, r1	; 0x01
	}

	return LOC_enumState;
    2cc2:	89 81       	ldd	r24, Y+1	; 0x01
}
    2cc4:	0f 90       	pop	r0
    2cc6:	0f 90       	pop	r0
    2cc8:	0f 90       	pop	r0
    2cca:	0f 90       	pop	r0
    2ccc:	0f 90       	pop	r0
    2cce:	cf 91       	pop	r28
    2cd0:	df 91       	pop	r29
    2cd2:	08 95       	ret

00002cd4 <DIO_enumConnectPullup>:
  	  =>Copy_u8PIN  --> Pin Number [ DIO_PIN0 , DIO_PIN1 , DIO_PIN2 , DIO_PIN3 , DIO_PIN4 , DIO_PIN5 , DIO_PIN6 , DIO_PIN7 ]
 	  =>Copy_u8ConnectPullup --> [DIO_PIN_HIGH , DIO_PIN_LOW ]
 * return : its status
 */
DIO_ErrorStatus DIO_enumConnectPullup (u8 Copy_u8PORT ,u8 Copy_u8PIN, u8 Copy_u8ConnectPullup)
{
    2cd4:	df 93       	push	r29
    2cd6:	cf 93       	push	r28
    2cd8:	00 d0       	rcall	.+0      	; 0x2cda <DIO_enumConnectPullup+0x6>
    2cda:	00 d0       	rcall	.+0      	; 0x2cdc <DIO_enumConnectPullup+0x8>
    2cdc:	00 d0       	rcall	.+0      	; 0x2cde <DIO_enumConnectPullup+0xa>
    2cde:	cd b7       	in	r28, 0x3d	; 61
    2ce0:	de b7       	in	r29, 0x3e	; 62
    2ce2:	8a 83       	std	Y+2, r24	; 0x02
    2ce4:	6b 83       	std	Y+3, r22	; 0x03
    2ce6:	4c 83       	std	Y+4, r20	; 0x04

	DIO_ErrorStatus LOC_enumState = DIO_OK ;
    2ce8:	81 e0       	ldi	r24, 0x01	; 1
    2cea:	89 83       	std	Y+1, r24	; 0x01

	if ((Copy_u8PORT <= DIO_PORTD) && (Copy_u8PIN <= DIO_PIN7))
    2cec:	8a 81       	ldd	r24, Y+2	; 0x02
    2cee:	84 30       	cpi	r24, 0x04	; 4
    2cf0:	08 f0       	brcs	.+2      	; 0x2cf4 <DIO_enumConnectPullup+0x20>
    2cf2:	3e c1       	rjmp	.+636    	; 0x2f70 <DIO_enumConnectPullup+0x29c>
    2cf4:	8b 81       	ldd	r24, Y+3	; 0x03
    2cf6:	88 30       	cpi	r24, 0x08	; 8
    2cf8:	08 f0       	brcs	.+2      	; 0x2cfc <DIO_enumConnectPullup+0x28>
    2cfa:	3a c1       	rjmp	.+628    	; 0x2f70 <DIO_enumConnectPullup+0x29c>
	{
		switch(Copy_u8PORT)
    2cfc:	8a 81       	ldd	r24, Y+2	; 0x02
    2cfe:	28 2f       	mov	r18, r24
    2d00:	30 e0       	ldi	r19, 0x00	; 0
    2d02:	3e 83       	std	Y+6, r19	; 0x06
    2d04:	2d 83       	std	Y+5, r18	; 0x05
    2d06:	8d 81       	ldd	r24, Y+5	; 0x05
    2d08:	9e 81       	ldd	r25, Y+6	; 0x06
    2d0a:	81 30       	cpi	r24, 0x01	; 1
    2d0c:	91 05       	cpc	r25, r1
    2d0e:	09 f4       	brne	.+2      	; 0x2d12 <DIO_enumConnectPullup+0x3e>
    2d10:	5d c0       	rjmp	.+186    	; 0x2dcc <DIO_enumConnectPullup+0xf8>
    2d12:	2d 81       	ldd	r18, Y+5	; 0x05
    2d14:	3e 81       	ldd	r19, Y+6	; 0x06
    2d16:	22 30       	cpi	r18, 0x02	; 2
    2d18:	31 05       	cpc	r19, r1
    2d1a:	2c f4       	brge	.+10     	; 0x2d26 <DIO_enumConnectPullup+0x52>
    2d1c:	8d 81       	ldd	r24, Y+5	; 0x05
    2d1e:	9e 81       	ldd	r25, Y+6	; 0x06
    2d20:	00 97       	sbiw	r24, 0x00	; 0
    2d22:	71 f0       	breq	.+28     	; 0x2d40 <DIO_enumConnectPullup+0x6c>
    2d24:	26 c1       	rjmp	.+588    	; 0x2f72 <DIO_enumConnectPullup+0x29e>
    2d26:	2d 81       	ldd	r18, Y+5	; 0x05
    2d28:	3e 81       	ldd	r19, Y+6	; 0x06
    2d2a:	22 30       	cpi	r18, 0x02	; 2
    2d2c:	31 05       	cpc	r19, r1
    2d2e:	09 f4       	brne	.+2      	; 0x2d32 <DIO_enumConnectPullup+0x5e>
    2d30:	93 c0       	rjmp	.+294    	; 0x2e58 <DIO_enumConnectPullup+0x184>
    2d32:	8d 81       	ldd	r24, Y+5	; 0x05
    2d34:	9e 81       	ldd	r25, Y+6	; 0x06
    2d36:	83 30       	cpi	r24, 0x03	; 3
    2d38:	91 05       	cpc	r25, r1
    2d3a:	09 f4       	brne	.+2      	; 0x2d3e <DIO_enumConnectPullup+0x6a>
    2d3c:	d3 c0       	rjmp	.+422    	; 0x2ee4 <DIO_enumConnectPullup+0x210>
    2d3e:	19 c1       	rjmp	.+562    	; 0x2f72 <DIO_enumConnectPullup+0x29e>
		{
		/* Connect or disconnect the pull up resistance to the given pin in port A */
		case DIO_PORTA:
			if(Copy_u8ConnectPullup==DIO_PIN_HIGH)
    2d40:	8c 81       	ldd	r24, Y+4	; 0x04
    2d42:	81 30       	cpi	r24, 0x01	; 1
    2d44:	71 f5       	brne	.+92     	; 0x2da2 <DIO_enumConnectPullup+0xce>
			{
				CLR_BIT(SFIOR,PUD);
    2d46:	a0 e5       	ldi	r26, 0x50	; 80
    2d48:	b0 e0       	ldi	r27, 0x00	; 0
    2d4a:	e0 e5       	ldi	r30, 0x50	; 80
    2d4c:	f0 e0       	ldi	r31, 0x00	; 0
    2d4e:	80 81       	ld	r24, Z
    2d50:	8b 7f       	andi	r24, 0xFB	; 251
    2d52:	8c 93       	st	X, r24
				CLR_BIT(DDRA_Register,Copy_u8PIN);
    2d54:	aa e3       	ldi	r26, 0x3A	; 58
    2d56:	b0 e0       	ldi	r27, 0x00	; 0
    2d58:	ea e3       	ldi	r30, 0x3A	; 58
    2d5a:	f0 e0       	ldi	r31, 0x00	; 0
    2d5c:	80 81       	ld	r24, Z
    2d5e:	48 2f       	mov	r20, r24
    2d60:	8b 81       	ldd	r24, Y+3	; 0x03
    2d62:	28 2f       	mov	r18, r24
    2d64:	30 e0       	ldi	r19, 0x00	; 0
    2d66:	81 e0       	ldi	r24, 0x01	; 1
    2d68:	90 e0       	ldi	r25, 0x00	; 0
    2d6a:	02 c0       	rjmp	.+4      	; 0x2d70 <DIO_enumConnectPullup+0x9c>
    2d6c:	88 0f       	add	r24, r24
    2d6e:	99 1f       	adc	r25, r25
    2d70:	2a 95       	dec	r18
    2d72:	e2 f7       	brpl	.-8      	; 0x2d6c <DIO_enumConnectPullup+0x98>
    2d74:	80 95       	com	r24
    2d76:	84 23       	and	r24, r20
    2d78:	8c 93       	st	X, r24
				SET_BIT(PORTA_Register,Copy_u8PIN);
    2d7a:	ab e3       	ldi	r26, 0x3B	; 59
    2d7c:	b0 e0       	ldi	r27, 0x00	; 0
    2d7e:	eb e3       	ldi	r30, 0x3B	; 59
    2d80:	f0 e0       	ldi	r31, 0x00	; 0
    2d82:	80 81       	ld	r24, Z
    2d84:	48 2f       	mov	r20, r24
    2d86:	8b 81       	ldd	r24, Y+3	; 0x03
    2d88:	28 2f       	mov	r18, r24
    2d8a:	30 e0       	ldi	r19, 0x00	; 0
    2d8c:	81 e0       	ldi	r24, 0x01	; 1
    2d8e:	90 e0       	ldi	r25, 0x00	; 0
    2d90:	02 2e       	mov	r0, r18
    2d92:	02 c0       	rjmp	.+4      	; 0x2d98 <DIO_enumConnectPullup+0xc4>
    2d94:	88 0f       	add	r24, r24
    2d96:	99 1f       	adc	r25, r25
    2d98:	0a 94       	dec	r0
    2d9a:	e2 f7       	brpl	.-8      	; 0x2d94 <DIO_enumConnectPullup+0xc0>
    2d9c:	84 2b       	or	r24, r20
    2d9e:	8c 93       	st	X, r24
    2da0:	e8 c0       	rjmp	.+464    	; 0x2f72 <DIO_enumConnectPullup+0x29e>
			}
			else
			{
				CLR_BIT(PORTA_Register,Copy_u8PIN);
    2da2:	ab e3       	ldi	r26, 0x3B	; 59
    2da4:	b0 e0       	ldi	r27, 0x00	; 0
    2da6:	eb e3       	ldi	r30, 0x3B	; 59
    2da8:	f0 e0       	ldi	r31, 0x00	; 0
    2daa:	80 81       	ld	r24, Z
    2dac:	48 2f       	mov	r20, r24
    2dae:	8b 81       	ldd	r24, Y+3	; 0x03
    2db0:	28 2f       	mov	r18, r24
    2db2:	30 e0       	ldi	r19, 0x00	; 0
    2db4:	81 e0       	ldi	r24, 0x01	; 1
    2db6:	90 e0       	ldi	r25, 0x00	; 0
    2db8:	02 2e       	mov	r0, r18
    2dba:	02 c0       	rjmp	.+4      	; 0x2dc0 <DIO_enumConnectPullup+0xec>
    2dbc:	88 0f       	add	r24, r24
    2dbe:	99 1f       	adc	r25, r25
    2dc0:	0a 94       	dec	r0
    2dc2:	e2 f7       	brpl	.-8      	; 0x2dbc <DIO_enumConnectPullup+0xe8>
    2dc4:	80 95       	com	r24
    2dc6:	84 23       	and	r24, r20
    2dc8:	8c 93       	st	X, r24
    2dca:	d3 c0       	rjmp	.+422    	; 0x2f72 <DIO_enumConnectPullup+0x29e>
			}
			break;
			/* Connect or disconnect the pull up resistance to the given pin in port B */
		case DIO_PORTB:
			if(Copy_u8ConnectPullup==DIO_PIN_HIGH)
    2dcc:	8c 81       	ldd	r24, Y+4	; 0x04
    2dce:	81 30       	cpi	r24, 0x01	; 1
    2dd0:	71 f5       	brne	.+92     	; 0x2e2e <DIO_enumConnectPullup+0x15a>
			{
				CLR_BIT(SFIOR,PUD);
    2dd2:	a0 e5       	ldi	r26, 0x50	; 80
    2dd4:	b0 e0       	ldi	r27, 0x00	; 0
    2dd6:	e0 e5       	ldi	r30, 0x50	; 80
    2dd8:	f0 e0       	ldi	r31, 0x00	; 0
    2dda:	80 81       	ld	r24, Z
    2ddc:	8b 7f       	andi	r24, 0xFB	; 251
    2dde:	8c 93       	st	X, r24
				CLR_BIT(DDRB_Register,Copy_u8PIN);
    2de0:	a7 e3       	ldi	r26, 0x37	; 55
    2de2:	b0 e0       	ldi	r27, 0x00	; 0
    2de4:	e7 e3       	ldi	r30, 0x37	; 55
    2de6:	f0 e0       	ldi	r31, 0x00	; 0
    2de8:	80 81       	ld	r24, Z
    2dea:	48 2f       	mov	r20, r24
    2dec:	8b 81       	ldd	r24, Y+3	; 0x03
    2dee:	28 2f       	mov	r18, r24
    2df0:	30 e0       	ldi	r19, 0x00	; 0
    2df2:	81 e0       	ldi	r24, 0x01	; 1
    2df4:	90 e0       	ldi	r25, 0x00	; 0
    2df6:	02 c0       	rjmp	.+4      	; 0x2dfc <DIO_enumConnectPullup+0x128>
    2df8:	88 0f       	add	r24, r24
    2dfa:	99 1f       	adc	r25, r25
    2dfc:	2a 95       	dec	r18
    2dfe:	e2 f7       	brpl	.-8      	; 0x2df8 <DIO_enumConnectPullup+0x124>
    2e00:	80 95       	com	r24
    2e02:	84 23       	and	r24, r20
    2e04:	8c 93       	st	X, r24
				SET_BIT(PORTB_Register,Copy_u8PIN);
    2e06:	a8 e3       	ldi	r26, 0x38	; 56
    2e08:	b0 e0       	ldi	r27, 0x00	; 0
    2e0a:	e8 e3       	ldi	r30, 0x38	; 56
    2e0c:	f0 e0       	ldi	r31, 0x00	; 0
    2e0e:	80 81       	ld	r24, Z
    2e10:	48 2f       	mov	r20, r24
    2e12:	8b 81       	ldd	r24, Y+3	; 0x03
    2e14:	28 2f       	mov	r18, r24
    2e16:	30 e0       	ldi	r19, 0x00	; 0
    2e18:	81 e0       	ldi	r24, 0x01	; 1
    2e1a:	90 e0       	ldi	r25, 0x00	; 0
    2e1c:	02 2e       	mov	r0, r18
    2e1e:	02 c0       	rjmp	.+4      	; 0x2e24 <DIO_enumConnectPullup+0x150>
    2e20:	88 0f       	add	r24, r24
    2e22:	99 1f       	adc	r25, r25
    2e24:	0a 94       	dec	r0
    2e26:	e2 f7       	brpl	.-8      	; 0x2e20 <DIO_enumConnectPullup+0x14c>
    2e28:	84 2b       	or	r24, r20
    2e2a:	8c 93       	st	X, r24
    2e2c:	a2 c0       	rjmp	.+324    	; 0x2f72 <DIO_enumConnectPullup+0x29e>
			}
			else
			{
				CLR_BIT(PORTB_Register,Copy_u8PIN);
    2e2e:	a8 e3       	ldi	r26, 0x38	; 56
    2e30:	b0 e0       	ldi	r27, 0x00	; 0
    2e32:	e8 e3       	ldi	r30, 0x38	; 56
    2e34:	f0 e0       	ldi	r31, 0x00	; 0
    2e36:	80 81       	ld	r24, Z
    2e38:	48 2f       	mov	r20, r24
    2e3a:	8b 81       	ldd	r24, Y+3	; 0x03
    2e3c:	28 2f       	mov	r18, r24
    2e3e:	30 e0       	ldi	r19, 0x00	; 0
    2e40:	81 e0       	ldi	r24, 0x01	; 1
    2e42:	90 e0       	ldi	r25, 0x00	; 0
    2e44:	02 2e       	mov	r0, r18
    2e46:	02 c0       	rjmp	.+4      	; 0x2e4c <DIO_enumConnectPullup+0x178>
    2e48:	88 0f       	add	r24, r24
    2e4a:	99 1f       	adc	r25, r25
    2e4c:	0a 94       	dec	r0
    2e4e:	e2 f7       	brpl	.-8      	; 0x2e48 <DIO_enumConnectPullup+0x174>
    2e50:	80 95       	com	r24
    2e52:	84 23       	and	r24, r20
    2e54:	8c 93       	st	X, r24
    2e56:	8d c0       	rjmp	.+282    	; 0x2f72 <DIO_enumConnectPullup+0x29e>
			}
			break;
			/* Connect or disconnect the pull up resistance to the given pin in port C */
		case DIO_PORTC:
			if(Copy_u8ConnectPullup==DIO_PIN_HIGH)
    2e58:	8c 81       	ldd	r24, Y+4	; 0x04
    2e5a:	81 30       	cpi	r24, 0x01	; 1
    2e5c:	71 f5       	brne	.+92     	; 0x2eba <DIO_enumConnectPullup+0x1e6>
			{
				CLR_BIT(SFIOR,PUD);
    2e5e:	a0 e5       	ldi	r26, 0x50	; 80
    2e60:	b0 e0       	ldi	r27, 0x00	; 0
    2e62:	e0 e5       	ldi	r30, 0x50	; 80
    2e64:	f0 e0       	ldi	r31, 0x00	; 0
    2e66:	80 81       	ld	r24, Z
    2e68:	8b 7f       	andi	r24, 0xFB	; 251
    2e6a:	8c 93       	st	X, r24
				CLR_BIT(DDRC_Register,Copy_u8PIN);
    2e6c:	a4 e3       	ldi	r26, 0x34	; 52
    2e6e:	b0 e0       	ldi	r27, 0x00	; 0
    2e70:	e4 e3       	ldi	r30, 0x34	; 52
    2e72:	f0 e0       	ldi	r31, 0x00	; 0
    2e74:	80 81       	ld	r24, Z
    2e76:	48 2f       	mov	r20, r24
    2e78:	8b 81       	ldd	r24, Y+3	; 0x03
    2e7a:	28 2f       	mov	r18, r24
    2e7c:	30 e0       	ldi	r19, 0x00	; 0
    2e7e:	81 e0       	ldi	r24, 0x01	; 1
    2e80:	90 e0       	ldi	r25, 0x00	; 0
    2e82:	02 c0       	rjmp	.+4      	; 0x2e88 <DIO_enumConnectPullup+0x1b4>
    2e84:	88 0f       	add	r24, r24
    2e86:	99 1f       	adc	r25, r25
    2e88:	2a 95       	dec	r18
    2e8a:	e2 f7       	brpl	.-8      	; 0x2e84 <DIO_enumConnectPullup+0x1b0>
    2e8c:	80 95       	com	r24
    2e8e:	84 23       	and	r24, r20
    2e90:	8c 93       	st	X, r24
				SET_BIT(PORTC_Register,Copy_u8PIN);
    2e92:	a5 e3       	ldi	r26, 0x35	; 53
    2e94:	b0 e0       	ldi	r27, 0x00	; 0
    2e96:	e5 e3       	ldi	r30, 0x35	; 53
    2e98:	f0 e0       	ldi	r31, 0x00	; 0
    2e9a:	80 81       	ld	r24, Z
    2e9c:	48 2f       	mov	r20, r24
    2e9e:	8b 81       	ldd	r24, Y+3	; 0x03
    2ea0:	28 2f       	mov	r18, r24
    2ea2:	30 e0       	ldi	r19, 0x00	; 0
    2ea4:	81 e0       	ldi	r24, 0x01	; 1
    2ea6:	90 e0       	ldi	r25, 0x00	; 0
    2ea8:	02 2e       	mov	r0, r18
    2eaa:	02 c0       	rjmp	.+4      	; 0x2eb0 <DIO_enumConnectPullup+0x1dc>
    2eac:	88 0f       	add	r24, r24
    2eae:	99 1f       	adc	r25, r25
    2eb0:	0a 94       	dec	r0
    2eb2:	e2 f7       	brpl	.-8      	; 0x2eac <DIO_enumConnectPullup+0x1d8>
    2eb4:	84 2b       	or	r24, r20
    2eb6:	8c 93       	st	X, r24
    2eb8:	5c c0       	rjmp	.+184    	; 0x2f72 <DIO_enumConnectPullup+0x29e>
			}
			else
			{
				CLR_BIT(PORTC_Register,Copy_u8PIN);
    2eba:	a5 e3       	ldi	r26, 0x35	; 53
    2ebc:	b0 e0       	ldi	r27, 0x00	; 0
    2ebe:	e5 e3       	ldi	r30, 0x35	; 53
    2ec0:	f0 e0       	ldi	r31, 0x00	; 0
    2ec2:	80 81       	ld	r24, Z
    2ec4:	48 2f       	mov	r20, r24
    2ec6:	8b 81       	ldd	r24, Y+3	; 0x03
    2ec8:	28 2f       	mov	r18, r24
    2eca:	30 e0       	ldi	r19, 0x00	; 0
    2ecc:	81 e0       	ldi	r24, 0x01	; 1
    2ece:	90 e0       	ldi	r25, 0x00	; 0
    2ed0:	02 2e       	mov	r0, r18
    2ed2:	02 c0       	rjmp	.+4      	; 0x2ed8 <DIO_enumConnectPullup+0x204>
    2ed4:	88 0f       	add	r24, r24
    2ed6:	99 1f       	adc	r25, r25
    2ed8:	0a 94       	dec	r0
    2eda:	e2 f7       	brpl	.-8      	; 0x2ed4 <DIO_enumConnectPullup+0x200>
    2edc:	80 95       	com	r24
    2ede:	84 23       	and	r24, r20
    2ee0:	8c 93       	st	X, r24
    2ee2:	47 c0       	rjmp	.+142    	; 0x2f72 <DIO_enumConnectPullup+0x29e>
			}
			break;
			/* Connect or disconnect the pull up resistance to the given pin in port D */
		case DIO_PORTD:
			if(Copy_u8ConnectPullup==DIO_PIN_HIGH)
    2ee4:	8c 81       	ldd	r24, Y+4	; 0x04
    2ee6:	81 30       	cpi	r24, 0x01	; 1
    2ee8:	71 f5       	brne	.+92     	; 0x2f46 <DIO_enumConnectPullup+0x272>
			{
				CLR_BIT(SFIOR,PUD);
    2eea:	a0 e5       	ldi	r26, 0x50	; 80
    2eec:	b0 e0       	ldi	r27, 0x00	; 0
    2eee:	e0 e5       	ldi	r30, 0x50	; 80
    2ef0:	f0 e0       	ldi	r31, 0x00	; 0
    2ef2:	80 81       	ld	r24, Z
    2ef4:	8b 7f       	andi	r24, 0xFB	; 251
    2ef6:	8c 93       	st	X, r24
				CLR_BIT(DDRD_Register,Copy_u8PIN);
    2ef8:	a1 e3       	ldi	r26, 0x31	; 49
    2efa:	b0 e0       	ldi	r27, 0x00	; 0
    2efc:	e1 e3       	ldi	r30, 0x31	; 49
    2efe:	f0 e0       	ldi	r31, 0x00	; 0
    2f00:	80 81       	ld	r24, Z
    2f02:	48 2f       	mov	r20, r24
    2f04:	8b 81       	ldd	r24, Y+3	; 0x03
    2f06:	28 2f       	mov	r18, r24
    2f08:	30 e0       	ldi	r19, 0x00	; 0
    2f0a:	81 e0       	ldi	r24, 0x01	; 1
    2f0c:	90 e0       	ldi	r25, 0x00	; 0
    2f0e:	02 c0       	rjmp	.+4      	; 0x2f14 <DIO_enumConnectPullup+0x240>
    2f10:	88 0f       	add	r24, r24
    2f12:	99 1f       	adc	r25, r25
    2f14:	2a 95       	dec	r18
    2f16:	e2 f7       	brpl	.-8      	; 0x2f10 <DIO_enumConnectPullup+0x23c>
    2f18:	80 95       	com	r24
    2f1a:	84 23       	and	r24, r20
    2f1c:	8c 93       	st	X, r24
				SET_BIT(PORTD_Register,Copy_u8PIN);
    2f1e:	a2 e3       	ldi	r26, 0x32	; 50
    2f20:	b0 e0       	ldi	r27, 0x00	; 0
    2f22:	e2 e3       	ldi	r30, 0x32	; 50
    2f24:	f0 e0       	ldi	r31, 0x00	; 0
    2f26:	80 81       	ld	r24, Z
    2f28:	48 2f       	mov	r20, r24
    2f2a:	8b 81       	ldd	r24, Y+3	; 0x03
    2f2c:	28 2f       	mov	r18, r24
    2f2e:	30 e0       	ldi	r19, 0x00	; 0
    2f30:	81 e0       	ldi	r24, 0x01	; 1
    2f32:	90 e0       	ldi	r25, 0x00	; 0
    2f34:	02 2e       	mov	r0, r18
    2f36:	02 c0       	rjmp	.+4      	; 0x2f3c <DIO_enumConnectPullup+0x268>
    2f38:	88 0f       	add	r24, r24
    2f3a:	99 1f       	adc	r25, r25
    2f3c:	0a 94       	dec	r0
    2f3e:	e2 f7       	brpl	.-8      	; 0x2f38 <DIO_enumConnectPullup+0x264>
    2f40:	84 2b       	or	r24, r20
    2f42:	8c 93       	st	X, r24
    2f44:	16 c0       	rjmp	.+44     	; 0x2f72 <DIO_enumConnectPullup+0x29e>
			}
			else
			{
				CLR_BIT(PORTD_Register,Copy_u8PIN);
    2f46:	a2 e3       	ldi	r26, 0x32	; 50
    2f48:	b0 e0       	ldi	r27, 0x00	; 0
    2f4a:	e2 e3       	ldi	r30, 0x32	; 50
    2f4c:	f0 e0       	ldi	r31, 0x00	; 0
    2f4e:	80 81       	ld	r24, Z
    2f50:	48 2f       	mov	r20, r24
    2f52:	8b 81       	ldd	r24, Y+3	; 0x03
    2f54:	28 2f       	mov	r18, r24
    2f56:	30 e0       	ldi	r19, 0x00	; 0
    2f58:	81 e0       	ldi	r24, 0x01	; 1
    2f5a:	90 e0       	ldi	r25, 0x00	; 0
    2f5c:	02 2e       	mov	r0, r18
    2f5e:	02 c0       	rjmp	.+4      	; 0x2f64 <DIO_enumConnectPullup+0x290>
    2f60:	88 0f       	add	r24, r24
    2f62:	99 1f       	adc	r25, r25
    2f64:	0a 94       	dec	r0
    2f66:	e2 f7       	brpl	.-8      	; 0x2f60 <DIO_enumConnectPullup+0x28c>
    2f68:	80 95       	com	r24
    2f6a:	84 23       	and	r24, r20
    2f6c:	8c 93       	st	X, r24
    2f6e:	01 c0       	rjmp	.+2      	; 0x2f72 <DIO_enumConnectPullup+0x29e>
		}
	}

	else
	{
		LOC_enumState = DIO_NOK ;
    2f70:	19 82       	std	Y+1, r1	; 0x01
	}

	return LOC_enumState ;
    2f72:	89 81       	ldd	r24, Y+1	; 0x01


}
    2f74:	26 96       	adiw	r28, 0x06	; 6
    2f76:	0f b6       	in	r0, 0x3f	; 63
    2f78:	f8 94       	cli
    2f7a:	de bf       	out	0x3e, r29	; 62
    2f7c:	0f be       	out	0x3f, r0	; 63
    2f7e:	cd bf       	out	0x3d, r28	; 61
    2f80:	cf 91       	pop	r28
    2f82:	df 91       	pop	r29
    2f84:	08 95       	ret

00002f86 <DIO_enumSetPortDirection>:
 	  =>Copy_u8PORT --> Port Name [ DIO_PORTA , DIO_PORTB , DIO_PORTC , DIO_PORTD ]
 	  =>Copy_u8Direction  --> Port direction [ DIO_PORT_OUTPUT , DIO_PORT_INPUT ]
 * return :  its status
 */
DIO_ErrorStatus DIO_enumSetPortDirection   (u8 Copy_u8PORT , u8 Copy_u8Direction ) 
{
    2f86:	df 93       	push	r29
    2f88:	cf 93       	push	r28
    2f8a:	00 d0       	rcall	.+0      	; 0x2f8c <DIO_enumSetPortDirection+0x6>
    2f8c:	00 d0       	rcall	.+0      	; 0x2f8e <DIO_enumSetPortDirection+0x8>
    2f8e:	0f 92       	push	r0
    2f90:	cd b7       	in	r28, 0x3d	; 61
    2f92:	de b7       	in	r29, 0x3e	; 62
    2f94:	8a 83       	std	Y+2, r24	; 0x02
    2f96:	6b 83       	std	Y+3, r22	; 0x03

	DIO_ErrorStatus LOC_enumState = DIO_OK ;
    2f98:	81 e0       	ldi	r24, 0x01	; 1
    2f9a:	89 83       	std	Y+1, r24	; 0x01

	if ( (Copy_u8PORT <= DIO_PORTD) )
    2f9c:	8a 81       	ldd	r24, Y+2	; 0x02
    2f9e:	84 30       	cpi	r24, 0x04	; 4
    2fa0:	a8 f5       	brcc	.+106    	; 0x300c <DIO_enumSetPortDirection+0x86>
	{
		/* Check on the Required PORT Number */
		switch (Copy_u8PORT)
    2fa2:	8a 81       	ldd	r24, Y+2	; 0x02
    2fa4:	28 2f       	mov	r18, r24
    2fa6:	30 e0       	ldi	r19, 0x00	; 0
    2fa8:	3d 83       	std	Y+5, r19	; 0x05
    2faa:	2c 83       	std	Y+4, r18	; 0x04
    2fac:	8c 81       	ldd	r24, Y+4	; 0x04
    2fae:	9d 81       	ldd	r25, Y+5	; 0x05
    2fb0:	81 30       	cpi	r24, 0x01	; 1
    2fb2:	91 05       	cpc	r25, r1
    2fb4:	d1 f0       	breq	.+52     	; 0x2fea <DIO_enumSetPortDirection+0x64>
    2fb6:	2c 81       	ldd	r18, Y+4	; 0x04
    2fb8:	3d 81       	ldd	r19, Y+5	; 0x05
    2fba:	22 30       	cpi	r18, 0x02	; 2
    2fbc:	31 05       	cpc	r19, r1
    2fbe:	2c f4       	brge	.+10     	; 0x2fca <DIO_enumSetPortDirection+0x44>
    2fc0:	8c 81       	ldd	r24, Y+4	; 0x04
    2fc2:	9d 81       	ldd	r25, Y+5	; 0x05
    2fc4:	00 97       	sbiw	r24, 0x00	; 0
    2fc6:	61 f0       	breq	.+24     	; 0x2fe0 <DIO_enumSetPortDirection+0x5a>
    2fc8:	1f c0       	rjmp	.+62     	; 0x3008 <DIO_enumSetPortDirection+0x82>
    2fca:	2c 81       	ldd	r18, Y+4	; 0x04
    2fcc:	3d 81       	ldd	r19, Y+5	; 0x05
    2fce:	22 30       	cpi	r18, 0x02	; 2
    2fd0:	31 05       	cpc	r19, r1
    2fd2:	81 f0       	breq	.+32     	; 0x2ff4 <DIO_enumSetPortDirection+0x6e>
    2fd4:	8c 81       	ldd	r24, Y+4	; 0x04
    2fd6:	9d 81       	ldd	r25, Y+5	; 0x05
    2fd8:	83 30       	cpi	r24, 0x03	; 3
    2fda:	91 05       	cpc	r25, r1
    2fdc:	81 f0       	breq	.+32     	; 0x2ffe <DIO_enumSetPortDirection+0x78>
    2fde:	14 c0       	rjmp	.+40     	; 0x3008 <DIO_enumSetPortDirection+0x82>
		{
		case     DIO_PORTA: DDRA_Register = Copy_u8Direction; break;
    2fe0:	ea e3       	ldi	r30, 0x3A	; 58
    2fe2:	f0 e0       	ldi	r31, 0x00	; 0
    2fe4:	8b 81       	ldd	r24, Y+3	; 0x03
    2fe6:	80 83       	st	Z, r24
    2fe8:	12 c0       	rjmp	.+36     	; 0x300e <DIO_enumSetPortDirection+0x88>
		case     DIO_PORTB: DDRB_Register = Copy_u8Direction; break;
    2fea:	e7 e3       	ldi	r30, 0x37	; 55
    2fec:	f0 e0       	ldi	r31, 0x00	; 0
    2fee:	8b 81       	ldd	r24, Y+3	; 0x03
    2ff0:	80 83       	st	Z, r24
    2ff2:	0d c0       	rjmp	.+26     	; 0x300e <DIO_enumSetPortDirection+0x88>
		case     DIO_PORTC: DDRC_Register = Copy_u8Direction; break;
    2ff4:	e4 e3       	ldi	r30, 0x34	; 52
    2ff6:	f0 e0       	ldi	r31, 0x00	; 0
    2ff8:	8b 81       	ldd	r24, Y+3	; 0x03
    2ffa:	80 83       	st	Z, r24
    2ffc:	08 c0       	rjmp	.+16     	; 0x300e <DIO_enumSetPortDirection+0x88>
		case     DIO_PORTD: DDRD_Register = Copy_u8Direction; break;
    2ffe:	e1 e3       	ldi	r30, 0x31	; 49
    3000:	f0 e0       	ldi	r31, 0x00	; 0
    3002:	8b 81       	ldd	r24, Y+3	; 0x03
    3004:	80 83       	st	Z, r24
    3006:	03 c0       	rjmp	.+6      	; 0x300e <DIO_enumSetPortDirection+0x88>
		default: LOC_enumState =  DIO_NOK;    break;
    3008:	19 82       	std	Y+1, r1	; 0x01
    300a:	01 c0       	rjmp	.+2      	; 0x300e <DIO_enumSetPortDirection+0x88>
		}	
	}
	else
	{
		LOC_enumState = DIO_NOK;
    300c:	19 82       	std	Y+1, r1	; 0x01
	}
	return LOC_enumState ;
    300e:	89 81       	ldd	r24, Y+1	; 0x01
}
    3010:	0f 90       	pop	r0
    3012:	0f 90       	pop	r0
    3014:	0f 90       	pop	r0
    3016:	0f 90       	pop	r0
    3018:	0f 90       	pop	r0
    301a:	cf 91       	pop	r28
    301c:	df 91       	pop	r29
    301e:	08 95       	ret

00003020 <DIO_enumSetPortValue>:
  	  =>Copy_u8PORT --> Port Name [ DIO_PORTA , DIO_PORTB , DIO_PORTC , DIO_PORTD ]
 	  =>Copy_u8Value  --> The Value  [DIO_PORT_HIGH , DIO_PORT_LOW , Another Value]
 * return : its status
 */
DIO_ErrorStatus DIO_enumSetPortValue       (u8 Copy_u8PORT , u8 Copy_u8Value )
{
    3020:	df 93       	push	r29
    3022:	cf 93       	push	r28
    3024:	00 d0       	rcall	.+0      	; 0x3026 <DIO_enumSetPortValue+0x6>
    3026:	00 d0       	rcall	.+0      	; 0x3028 <DIO_enumSetPortValue+0x8>
    3028:	0f 92       	push	r0
    302a:	cd b7       	in	r28, 0x3d	; 61
    302c:	de b7       	in	r29, 0x3e	; 62
    302e:	8a 83       	std	Y+2, r24	; 0x02
    3030:	6b 83       	std	Y+3, r22	; 0x03

	DIO_ErrorStatus LOC_enumState = DIO_OK ;
    3032:	81 e0       	ldi	r24, 0x01	; 1
    3034:	89 83       	std	Y+1, r24	; 0x01

	if ( (Copy_u8PORT <= DIO_PORTD) && ( (Copy_u8Value<=255) || (Copy_u8Value==DIO_PORT_LOW) || (Copy_u8Value==DIO_PORT_HIGH) ) )
    3036:	8a 81       	ldd	r24, Y+2	; 0x02
    3038:	84 30       	cpi	r24, 0x04	; 4
    303a:	a8 f5       	brcc	.+106    	; 0x30a6 <DIO_enumSetPortValue+0x86>
	{
		/* Check on the Required PORT Number */
		switch (Copy_u8PORT)
    303c:	8a 81       	ldd	r24, Y+2	; 0x02
    303e:	28 2f       	mov	r18, r24
    3040:	30 e0       	ldi	r19, 0x00	; 0
    3042:	3d 83       	std	Y+5, r19	; 0x05
    3044:	2c 83       	std	Y+4, r18	; 0x04
    3046:	8c 81       	ldd	r24, Y+4	; 0x04
    3048:	9d 81       	ldd	r25, Y+5	; 0x05
    304a:	81 30       	cpi	r24, 0x01	; 1
    304c:	91 05       	cpc	r25, r1
    304e:	d1 f0       	breq	.+52     	; 0x3084 <DIO_enumSetPortValue+0x64>
    3050:	2c 81       	ldd	r18, Y+4	; 0x04
    3052:	3d 81       	ldd	r19, Y+5	; 0x05
    3054:	22 30       	cpi	r18, 0x02	; 2
    3056:	31 05       	cpc	r19, r1
    3058:	2c f4       	brge	.+10     	; 0x3064 <DIO_enumSetPortValue+0x44>
    305a:	8c 81       	ldd	r24, Y+4	; 0x04
    305c:	9d 81       	ldd	r25, Y+5	; 0x05
    305e:	00 97       	sbiw	r24, 0x00	; 0
    3060:	61 f0       	breq	.+24     	; 0x307a <DIO_enumSetPortValue+0x5a>
    3062:	1f c0       	rjmp	.+62     	; 0x30a2 <DIO_enumSetPortValue+0x82>
    3064:	2c 81       	ldd	r18, Y+4	; 0x04
    3066:	3d 81       	ldd	r19, Y+5	; 0x05
    3068:	22 30       	cpi	r18, 0x02	; 2
    306a:	31 05       	cpc	r19, r1
    306c:	81 f0       	breq	.+32     	; 0x308e <DIO_enumSetPortValue+0x6e>
    306e:	8c 81       	ldd	r24, Y+4	; 0x04
    3070:	9d 81       	ldd	r25, Y+5	; 0x05
    3072:	83 30       	cpi	r24, 0x03	; 3
    3074:	91 05       	cpc	r25, r1
    3076:	81 f0       	breq	.+32     	; 0x3098 <DIO_enumSetPortValue+0x78>
    3078:	14 c0       	rjmp	.+40     	; 0x30a2 <DIO_enumSetPortValue+0x82>
		{
		case     DIO_PORTA: PORTA_Register = Copy_u8Value; break;
    307a:	eb e3       	ldi	r30, 0x3B	; 59
    307c:	f0 e0       	ldi	r31, 0x00	; 0
    307e:	8b 81       	ldd	r24, Y+3	; 0x03
    3080:	80 83       	st	Z, r24
    3082:	12 c0       	rjmp	.+36     	; 0x30a8 <DIO_enumSetPortValue+0x88>
		case     DIO_PORTB: PORTB_Register = Copy_u8Value; break;
    3084:	e8 e3       	ldi	r30, 0x38	; 56
    3086:	f0 e0       	ldi	r31, 0x00	; 0
    3088:	8b 81       	ldd	r24, Y+3	; 0x03
    308a:	80 83       	st	Z, r24
    308c:	0d c0       	rjmp	.+26     	; 0x30a8 <DIO_enumSetPortValue+0x88>
		case     DIO_PORTC: PORTC_Register = Copy_u8Value; break;
    308e:	e5 e3       	ldi	r30, 0x35	; 53
    3090:	f0 e0       	ldi	r31, 0x00	; 0
    3092:	8b 81       	ldd	r24, Y+3	; 0x03
    3094:	80 83       	st	Z, r24
    3096:	08 c0       	rjmp	.+16     	; 0x30a8 <DIO_enumSetPortValue+0x88>
		case     DIO_PORTD: PORTD_Register = Copy_u8Value; break;
    3098:	e2 e3       	ldi	r30, 0x32	; 50
    309a:	f0 e0       	ldi	r31, 0x00	; 0
    309c:	8b 81       	ldd	r24, Y+3	; 0x03
    309e:	80 83       	st	Z, r24
    30a0:	03 c0       	rjmp	.+6      	; 0x30a8 <DIO_enumSetPortValue+0x88>
		default: LOC_enumState = DIO_NOK;       break;
    30a2:	19 82       	std	Y+1, r1	; 0x01
    30a4:	01 c0       	rjmp	.+2      	; 0x30a8 <DIO_enumSetPortValue+0x88>
		}	
	}
	else
	{
		LOC_enumState = DIO_NOK;
    30a6:	19 82       	std	Y+1, r1	; 0x01
	}
	return LOC_enumState ;
    30a8:	89 81       	ldd	r24, Y+1	; 0x01
}
    30aa:	0f 90       	pop	r0
    30ac:	0f 90       	pop	r0
    30ae:	0f 90       	pop	r0
    30b0:	0f 90       	pop	r0
    30b2:	0f 90       	pop	r0
    30b4:	cf 91       	pop	r28
    30b6:	df 91       	pop	r29
    30b8:	08 95       	ret

000030ba <DIO_enumTogglePortValue>:
 * Parameters :
 	  =>Copy_u8PORT --> Port Name [ DIO_PORTA , DIO_PORTB , DIO_PORTC , DIO_PORTD ]
 * return : its status
 */
DIO_ErrorStatus DIO_enumTogglePortValue      (u8 Copy_u8PORT                       )
{
    30ba:	df 93       	push	r29
    30bc:	cf 93       	push	r28
    30be:	00 d0       	rcall	.+0      	; 0x30c0 <DIO_enumTogglePortValue+0x6>
    30c0:	00 d0       	rcall	.+0      	; 0x30c2 <DIO_enumTogglePortValue+0x8>
    30c2:	cd b7       	in	r28, 0x3d	; 61
    30c4:	de b7       	in	r29, 0x3e	; 62
    30c6:	8a 83       	std	Y+2, r24	; 0x02
	DIO_ErrorStatus LOC_enumState = DIO_OK ;
    30c8:	81 e0       	ldi	r24, 0x01	; 1
    30ca:	89 83       	std	Y+1, r24	; 0x01

	if (Copy_u8PORT <= DIO_PORTD)
    30cc:	8a 81       	ldd	r24, Y+2	; 0x02
    30ce:	84 30       	cpi	r24, 0x04	; 4
    30d0:	08 f0       	brcs	.+2      	; 0x30d4 <DIO_enumTogglePortValue+0x1a>
    30d2:	3f c0       	rjmp	.+126    	; 0x3152 <DIO_enumTogglePortValue+0x98>
	{
		switch (Copy_u8PORT)
    30d4:	8a 81       	ldd	r24, Y+2	; 0x02
    30d6:	28 2f       	mov	r18, r24
    30d8:	30 e0       	ldi	r19, 0x00	; 0
    30da:	3c 83       	std	Y+4, r19	; 0x04
    30dc:	2b 83       	std	Y+3, r18	; 0x03
    30de:	8b 81       	ldd	r24, Y+3	; 0x03
    30e0:	9c 81       	ldd	r25, Y+4	; 0x04
    30e2:	81 30       	cpi	r24, 0x01	; 1
    30e4:	91 05       	cpc	r25, r1
    30e6:	e9 f0       	breq	.+58     	; 0x3122 <DIO_enumTogglePortValue+0x68>
    30e8:	2b 81       	ldd	r18, Y+3	; 0x03
    30ea:	3c 81       	ldd	r19, Y+4	; 0x04
    30ec:	22 30       	cpi	r18, 0x02	; 2
    30ee:	31 05       	cpc	r19, r1
    30f0:	2c f4       	brge	.+10     	; 0x30fc <DIO_enumTogglePortValue+0x42>
    30f2:	8b 81       	ldd	r24, Y+3	; 0x03
    30f4:	9c 81       	ldd	r25, Y+4	; 0x04
    30f6:	00 97       	sbiw	r24, 0x00	; 0
    30f8:	61 f0       	breq	.+24     	; 0x3112 <DIO_enumTogglePortValue+0x58>
    30fa:	2c c0       	rjmp	.+88     	; 0x3154 <DIO_enumTogglePortValue+0x9a>
    30fc:	2b 81       	ldd	r18, Y+3	; 0x03
    30fe:	3c 81       	ldd	r19, Y+4	; 0x04
    3100:	22 30       	cpi	r18, 0x02	; 2
    3102:	31 05       	cpc	r19, r1
    3104:	b1 f0       	breq	.+44     	; 0x3132 <DIO_enumTogglePortValue+0x78>
    3106:	8b 81       	ldd	r24, Y+3	; 0x03
    3108:	9c 81       	ldd	r25, Y+4	; 0x04
    310a:	83 30       	cpi	r24, 0x03	; 3
    310c:	91 05       	cpc	r25, r1
    310e:	c9 f0       	breq	.+50     	; 0x3142 <DIO_enumTogglePortValue+0x88>
    3110:	21 c0       	rjmp	.+66     	; 0x3154 <DIO_enumTogglePortValue+0x9a>
		{
		case DIO_PORTA : PORTA_Register = ~PORTA_Register ;
    3112:	ab e3       	ldi	r26, 0x3B	; 59
    3114:	b0 e0       	ldi	r27, 0x00	; 0
    3116:	eb e3       	ldi	r30, 0x3B	; 59
    3118:	f0 e0       	ldi	r31, 0x00	; 0
    311a:	80 81       	ld	r24, Z
    311c:	80 95       	com	r24
    311e:	8c 93       	st	X, r24
    3120:	19 c0       	rjmp	.+50     	; 0x3154 <DIO_enumTogglePortValue+0x9a>
		break ;
		case DIO_PORTB : PORTB_Register = ~PORTB_Register ;
    3122:	a8 e3       	ldi	r26, 0x38	; 56
    3124:	b0 e0       	ldi	r27, 0x00	; 0
    3126:	e8 e3       	ldi	r30, 0x38	; 56
    3128:	f0 e0       	ldi	r31, 0x00	; 0
    312a:	80 81       	ld	r24, Z
    312c:	80 95       	com	r24
    312e:	8c 93       	st	X, r24
    3130:	11 c0       	rjmp	.+34     	; 0x3154 <DIO_enumTogglePortValue+0x9a>
		break ;
		case DIO_PORTC : PORTC_Register = ~PORTC_Register ;
    3132:	a5 e3       	ldi	r26, 0x35	; 53
    3134:	b0 e0       	ldi	r27, 0x00	; 0
    3136:	e5 e3       	ldi	r30, 0x35	; 53
    3138:	f0 e0       	ldi	r31, 0x00	; 0
    313a:	80 81       	ld	r24, Z
    313c:	80 95       	com	r24
    313e:	8c 93       	st	X, r24
    3140:	09 c0       	rjmp	.+18     	; 0x3154 <DIO_enumTogglePortValue+0x9a>
		break ;
		case DIO_PORTD : PORTD_Register = ~PORTD_Register ;
    3142:	a2 e3       	ldi	r26, 0x32	; 50
    3144:	b0 e0       	ldi	r27, 0x00	; 0
    3146:	e2 e3       	ldi	r30, 0x32	; 50
    3148:	f0 e0       	ldi	r31, 0x00	; 0
    314a:	80 81       	ld	r24, Z
    314c:	80 95       	com	r24
    314e:	8c 93       	st	X, r24
    3150:	01 c0       	rjmp	.+2      	; 0x3154 <DIO_enumTogglePortValue+0x9a>
		break ;
		}
	}
	else
	{
		LOC_enumState = DIO_NOK;
    3152:	19 82       	std	Y+1, r1	; 0x01
	}
	return LOC_enumState ;
    3154:	89 81       	ldd	r24, Y+1	; 0x01
}
    3156:	0f 90       	pop	r0
    3158:	0f 90       	pop	r0
    315a:	0f 90       	pop	r0
    315c:	0f 90       	pop	r0
    315e:	cf 91       	pop	r28
    3160:	df 91       	pop	r29
    3162:	08 95       	ret

00003164 <DIO_enumGetPortValue>:


DIO_ErrorStatus   DIO_enumGetPortValue         ( u8 Copy_u8PORT  , u8 * Copy_PtrData )
{
    3164:	df 93       	push	r29
    3166:	cf 93       	push	r28
    3168:	00 d0       	rcall	.+0      	; 0x316a <DIO_enumGetPortValue+0x6>
    316a:	00 d0       	rcall	.+0      	; 0x316c <DIO_enumGetPortValue+0x8>
    316c:	00 d0       	rcall	.+0      	; 0x316e <DIO_enumGetPortValue+0xa>
    316e:	cd b7       	in	r28, 0x3d	; 61
    3170:	de b7       	in	r29, 0x3e	; 62
    3172:	8a 83       	std	Y+2, r24	; 0x02
    3174:	7c 83       	std	Y+4, r23	; 0x04
    3176:	6b 83       	std	Y+3, r22	; 0x03

	DIO_ErrorStatus LOC_enumState = DIO_OK ;
    3178:	81 e0       	ldi	r24, 0x01	; 1
    317a:	89 83       	std	Y+1, r24	; 0x01

	if ( (Copy_u8PORT <= DIO_PORTD))
    317c:	8a 81       	ldd	r24, Y+2	; 0x02
    317e:	84 30       	cpi	r24, 0x04	; 4
    3180:	e8 f5       	brcc	.+122    	; 0x31fc <DIO_enumGetPortValue+0x98>
	{
		switch (Copy_u8PORT)
    3182:	8a 81       	ldd	r24, Y+2	; 0x02
    3184:	28 2f       	mov	r18, r24
    3186:	30 e0       	ldi	r19, 0x00	; 0
    3188:	3e 83       	std	Y+6, r19	; 0x06
    318a:	2d 83       	std	Y+5, r18	; 0x05
    318c:	8d 81       	ldd	r24, Y+5	; 0x05
    318e:	9e 81       	ldd	r25, Y+6	; 0x06
    3190:	81 30       	cpi	r24, 0x01	; 1
    3192:	91 05       	cpc	r25, r1
    3194:	e1 f0       	breq	.+56     	; 0x31ce <DIO_enumGetPortValue+0x6a>
    3196:	2d 81       	ldd	r18, Y+5	; 0x05
    3198:	3e 81       	ldd	r19, Y+6	; 0x06
    319a:	22 30       	cpi	r18, 0x02	; 2
    319c:	31 05       	cpc	r19, r1
    319e:	2c f4       	brge	.+10     	; 0x31aa <DIO_enumGetPortValue+0x46>
    31a0:	8d 81       	ldd	r24, Y+5	; 0x05
    31a2:	9e 81       	ldd	r25, Y+6	; 0x06
    31a4:	00 97       	sbiw	r24, 0x00	; 0
    31a6:	61 f0       	breq	.+24     	; 0x31c0 <DIO_enumGetPortValue+0x5c>
    31a8:	27 c0       	rjmp	.+78     	; 0x31f8 <DIO_enumGetPortValue+0x94>
    31aa:	2d 81       	ldd	r18, Y+5	; 0x05
    31ac:	3e 81       	ldd	r19, Y+6	; 0x06
    31ae:	22 30       	cpi	r18, 0x02	; 2
    31b0:	31 05       	cpc	r19, r1
    31b2:	a1 f0       	breq	.+40     	; 0x31dc <DIO_enumGetPortValue+0x78>
    31b4:	8d 81       	ldd	r24, Y+5	; 0x05
    31b6:	9e 81       	ldd	r25, Y+6	; 0x06
    31b8:	83 30       	cpi	r24, 0x03	; 3
    31ba:	91 05       	cpc	r25, r1
    31bc:	b1 f0       	breq	.+44     	; 0x31ea <DIO_enumGetPortValue+0x86>
    31be:	1c c0       	rjmp	.+56     	; 0x31f8 <DIO_enumGetPortValue+0x94>
		{
		case DIO_PORTA :
			*Copy_PtrData = PINA_Register  ;
    31c0:	e9 e3       	ldi	r30, 0x39	; 57
    31c2:	f0 e0       	ldi	r31, 0x00	; 0
    31c4:	80 81       	ld	r24, Z
    31c6:	eb 81       	ldd	r30, Y+3	; 0x03
    31c8:	fc 81       	ldd	r31, Y+4	; 0x04
    31ca:	80 83       	st	Z, r24
    31cc:	18 c0       	rjmp	.+48     	; 0x31fe <DIO_enumGetPortValue+0x9a>
			break ;
		case DIO_PORTB :
			*Copy_PtrData = PINB_Register  ;
    31ce:	e6 e3       	ldi	r30, 0x36	; 54
    31d0:	f0 e0       	ldi	r31, 0x00	; 0
    31d2:	80 81       	ld	r24, Z
    31d4:	eb 81       	ldd	r30, Y+3	; 0x03
    31d6:	fc 81       	ldd	r31, Y+4	; 0x04
    31d8:	80 83       	st	Z, r24
    31da:	11 c0       	rjmp	.+34     	; 0x31fe <DIO_enumGetPortValue+0x9a>
			break ;
		case DIO_PORTC :
			*Copy_PtrData = PINC_Register  ;
    31dc:	e3 e3       	ldi	r30, 0x33	; 51
    31de:	f0 e0       	ldi	r31, 0x00	; 0
    31e0:	80 81       	ld	r24, Z
    31e2:	eb 81       	ldd	r30, Y+3	; 0x03
    31e4:	fc 81       	ldd	r31, Y+4	; 0x04
    31e6:	80 83       	st	Z, r24
    31e8:	0a c0       	rjmp	.+20     	; 0x31fe <DIO_enumGetPortValue+0x9a>
			break ;
		case DIO_PORTD :
			*Copy_PtrData = PIND_Register  ;
    31ea:	e0 e3       	ldi	r30, 0x30	; 48
    31ec:	f0 e0       	ldi	r31, 0x00	; 0
    31ee:	80 81       	ld	r24, Z
    31f0:	eb 81       	ldd	r30, Y+3	; 0x03
    31f2:	fc 81       	ldd	r31, Y+4	; 0x04
    31f4:	80 83       	st	Z, r24
    31f6:	03 c0       	rjmp	.+6      	; 0x31fe <DIO_enumGetPortValue+0x9a>
			break ;
		default : LOC_enumState = DIO_NOK ;
    31f8:	19 82       	std	Y+1, r1	; 0x01
    31fa:	01 c0       	rjmp	.+2      	; 0x31fe <DIO_enumGetPortValue+0x9a>
		break;
		}
	}
	else
	{
		LOC_enumState = DIO_NOK;
    31fc:	19 82       	std	Y+1, r1	; 0x01
	}

	return LOC_enumState ;
    31fe:	89 81       	ldd	r24, Y+1	; 0x01
}
    3200:	26 96       	adiw	r28, 0x06	; 6
    3202:	0f b6       	in	r0, 0x3f	; 63
    3204:	f8 94       	cli
    3206:	de bf       	out	0x3e, r29	; 62
    3208:	0f be       	out	0x3f, r0	; 63
    320a:	cd bf       	out	0x3d, r28	; 61
    320c:	cf 91       	pop	r28
    320e:	df 91       	pop	r29
    3210:	08 95       	ret

00003212 <DIO_voidWriteHighNibbles>:
//<<<<<<<<<<<<<<<<<<<<<<<<<<<<<<                          IO NIBBLES                     >>>>>>>>>>>>>>>>>>>>>>>>>>>>>>>>>>>>>>>>>>>>>>>>>>>>>>>>>>>>>>
/////////////////////////////////////////////////////////////////////////////////////////////////////////////////////////////////////////////////////


DIO_ErrorStatus DIO_voidWriteHighNibbles(u8 Copy_u8PORT,u8 Copy_u8value)
{
    3212:	df 93       	push	r29
    3214:	cf 93       	push	r28
    3216:	00 d0       	rcall	.+0      	; 0x3218 <DIO_voidWriteHighNibbles+0x6>
    3218:	00 d0       	rcall	.+0      	; 0x321a <DIO_voidWriteHighNibbles+0x8>
    321a:	0f 92       	push	r0
    321c:	cd b7       	in	r28, 0x3d	; 61
    321e:	de b7       	in	r29, 0x3e	; 62
    3220:	8a 83       	std	Y+2, r24	; 0x02
    3222:	6b 83       	std	Y+3, r22	; 0x03

	DIO_ErrorStatus LOC_enumState = DIO_OK ;
    3224:	81 e0       	ldi	r24, 0x01	; 1
    3226:	89 83       	std	Y+1, r24	; 0x01

	if ( (Copy_u8PORT <= DIO_PORTD))
    3228:	8a 81       	ldd	r24, Y+2	; 0x02
    322a:	84 30       	cpi	r24, 0x04	; 4
    322c:	08 f0       	brcs	.+2      	; 0x3230 <DIO_voidWriteHighNibbles+0x1e>
    322e:	63 c0       	rjmp	.+198    	; 0x32f6 <DIO_voidWriteHighNibbles+0xe4>
	{
		Copy_u8value = (Copy_u8value<<4) ;
    3230:	8b 81       	ldd	r24, Y+3	; 0x03
    3232:	82 95       	swap	r24
    3234:	80 7f       	andi	r24, 0xF0	; 240
    3236:	8b 83       	std	Y+3, r24	; 0x03
		switch(Copy_u8PORT)
    3238:	8a 81       	ldd	r24, Y+2	; 0x02
    323a:	28 2f       	mov	r18, r24
    323c:	30 e0       	ldi	r19, 0x00	; 0
    323e:	3d 83       	std	Y+5, r19	; 0x05
    3240:	2c 83       	std	Y+4, r18	; 0x04
    3242:	8c 81       	ldd	r24, Y+4	; 0x04
    3244:	9d 81       	ldd	r25, Y+5	; 0x05
    3246:	81 30       	cpi	r24, 0x01	; 1
    3248:	91 05       	cpc	r25, r1
    324a:	29 f1       	breq	.+74     	; 0x3296 <DIO_voidWriteHighNibbles+0x84>
    324c:	2c 81       	ldd	r18, Y+4	; 0x04
    324e:	3d 81       	ldd	r19, Y+5	; 0x05
    3250:	22 30       	cpi	r18, 0x02	; 2
    3252:	31 05       	cpc	r19, r1
    3254:	2c f4       	brge	.+10     	; 0x3260 <DIO_voidWriteHighNibbles+0x4e>
    3256:	8c 81       	ldd	r24, Y+4	; 0x04
    3258:	9d 81       	ldd	r25, Y+5	; 0x05
    325a:	00 97       	sbiw	r24, 0x00	; 0
    325c:	61 f0       	breq	.+24     	; 0x3276 <DIO_voidWriteHighNibbles+0x64>
    325e:	4c c0       	rjmp	.+152    	; 0x32f8 <DIO_voidWriteHighNibbles+0xe6>
    3260:	2c 81       	ldd	r18, Y+4	; 0x04
    3262:	3d 81       	ldd	r19, Y+5	; 0x05
    3264:	22 30       	cpi	r18, 0x02	; 2
    3266:	31 05       	cpc	r19, r1
    3268:	31 f1       	breq	.+76     	; 0x32b6 <DIO_voidWriteHighNibbles+0xa4>
    326a:	8c 81       	ldd	r24, Y+4	; 0x04
    326c:	9d 81       	ldd	r25, Y+5	; 0x05
    326e:	83 30       	cpi	r24, 0x03	; 3
    3270:	91 05       	cpc	r25, r1
    3272:	89 f1       	breq	.+98     	; 0x32d6 <DIO_voidWriteHighNibbles+0xc4>
    3274:	41 c0       	rjmp	.+130    	; 0x32f8 <DIO_voidWriteHighNibbles+0xe6>
		{
		case DIO_PORTA :
			PORTA_Register&=0x0f;                   // make sure the high bits = 0000
    3276:	ab e3       	ldi	r26, 0x3B	; 59
    3278:	b0 e0       	ldi	r27, 0x00	; 0
    327a:	eb e3       	ldi	r30, 0x3B	; 59
    327c:	f0 e0       	ldi	r31, 0x00	; 0
    327e:	80 81       	ld	r24, Z
    3280:	8f 70       	andi	r24, 0x0F	; 15
    3282:	8c 93       	st	X, r24
			PORTA_Register|=Copy_u8value;			//Set only the high nibble of the port A by the given value
    3284:	ab e3       	ldi	r26, 0x3B	; 59
    3286:	b0 e0       	ldi	r27, 0x00	; 0
    3288:	eb e3       	ldi	r30, 0x3B	; 59
    328a:	f0 e0       	ldi	r31, 0x00	; 0
    328c:	90 81       	ld	r25, Z
    328e:	8b 81       	ldd	r24, Y+3	; 0x03
    3290:	89 2b       	or	r24, r25
    3292:	8c 93       	st	X, r24
    3294:	31 c0       	rjmp	.+98     	; 0x32f8 <DIO_voidWriteHighNibbles+0xe6>
			break ;
		case DIO_PORTB:
			PORTB_Register&=0x0f;                 //Set only the high nibble of the port B by the given value
    3296:	a8 e3       	ldi	r26, 0x38	; 56
    3298:	b0 e0       	ldi	r27, 0x00	; 0
    329a:	e8 e3       	ldi	r30, 0x38	; 56
    329c:	f0 e0       	ldi	r31, 0x00	; 0
    329e:	80 81       	ld	r24, Z
    32a0:	8f 70       	andi	r24, 0x0F	; 15
    32a2:	8c 93       	st	X, r24
			PORTB_Register|=Copy_u8value;
    32a4:	a8 e3       	ldi	r26, 0x38	; 56
    32a6:	b0 e0       	ldi	r27, 0x00	; 0
    32a8:	e8 e3       	ldi	r30, 0x38	; 56
    32aa:	f0 e0       	ldi	r31, 0x00	; 0
    32ac:	90 81       	ld	r25, Z
    32ae:	8b 81       	ldd	r24, Y+3	; 0x03
    32b0:	89 2b       	or	r24, r25
    32b2:	8c 93       	st	X, r24
    32b4:	21 c0       	rjmp	.+66     	; 0x32f8 <DIO_voidWriteHighNibbles+0xe6>
			break ;
		case DIO_PORTC :
			PORTC_Register&=0x0f;                 //Set only the high nibble of the port C by the given value
    32b6:	a5 e3       	ldi	r26, 0x35	; 53
    32b8:	b0 e0       	ldi	r27, 0x00	; 0
    32ba:	e5 e3       	ldi	r30, 0x35	; 53
    32bc:	f0 e0       	ldi	r31, 0x00	; 0
    32be:	80 81       	ld	r24, Z
    32c0:	8f 70       	andi	r24, 0x0F	; 15
    32c2:	8c 93       	st	X, r24
			PORTC_Register|=Copy_u8value;
    32c4:	a5 e3       	ldi	r26, 0x35	; 53
    32c6:	b0 e0       	ldi	r27, 0x00	; 0
    32c8:	e5 e3       	ldi	r30, 0x35	; 53
    32ca:	f0 e0       	ldi	r31, 0x00	; 0
    32cc:	90 81       	ld	r25, Z
    32ce:	8b 81       	ldd	r24, Y+3	; 0x03
    32d0:	89 2b       	or	r24, r25
    32d2:	8c 93       	st	X, r24
    32d4:	11 c0       	rjmp	.+34     	; 0x32f8 <DIO_voidWriteHighNibbles+0xe6>
			break ;
		case DIO_PORTD:
			PORTD_Register&=0x0f;                 //Set only the high nibble of the port D by the given value
    32d6:	a2 e3       	ldi	r26, 0x32	; 50
    32d8:	b0 e0       	ldi	r27, 0x00	; 0
    32da:	e2 e3       	ldi	r30, 0x32	; 50
    32dc:	f0 e0       	ldi	r31, 0x00	; 0
    32de:	80 81       	ld	r24, Z
    32e0:	8f 70       	andi	r24, 0x0F	; 15
    32e2:	8c 93       	st	X, r24
			PORTD_Register|=Copy_u8value;
    32e4:	a2 e3       	ldi	r26, 0x32	; 50
    32e6:	b0 e0       	ldi	r27, 0x00	; 0
    32e8:	e2 e3       	ldi	r30, 0x32	; 50
    32ea:	f0 e0       	ldi	r31, 0x00	; 0
    32ec:	90 81       	ld	r25, Z
    32ee:	8b 81       	ldd	r24, Y+3	; 0x03
    32f0:	89 2b       	or	r24, r25
    32f2:	8c 93       	st	X, r24
    32f4:	01 c0       	rjmp	.+2      	; 0x32f8 <DIO_voidWriteHighNibbles+0xe6>

		}
	}
	else
	{
		LOC_enumState = DIO_NOK;
    32f6:	19 82       	std	Y+1, r1	; 0x01
	}

	return LOC_enumState ;
    32f8:	89 81       	ldd	r24, Y+1	; 0x01

}
    32fa:	0f 90       	pop	r0
    32fc:	0f 90       	pop	r0
    32fe:	0f 90       	pop	r0
    3300:	0f 90       	pop	r0
    3302:	0f 90       	pop	r0
    3304:	cf 91       	pop	r28
    3306:	df 91       	pop	r29
    3308:	08 95       	ret

0000330a <DIO_voidWriteLowNibbles>:

//----------------------------------------------------------------------------------------------------------------------------------------------------

DIO_ErrorStatus DIO_voidWriteLowNibbles(u8 Copy_u8PORT,u8 Copy_u8value)
{
    330a:	df 93       	push	r29
    330c:	cf 93       	push	r28
    330e:	00 d0       	rcall	.+0      	; 0x3310 <DIO_voidWriteLowNibbles+0x6>
    3310:	00 d0       	rcall	.+0      	; 0x3312 <DIO_voidWriteLowNibbles+0x8>
    3312:	0f 92       	push	r0
    3314:	cd b7       	in	r28, 0x3d	; 61
    3316:	de b7       	in	r29, 0x3e	; 62
    3318:	8a 83       	std	Y+2, r24	; 0x02
    331a:	6b 83       	std	Y+3, r22	; 0x03
	DIO_ErrorStatus LOC_enumState = DIO_OK ;
    331c:	81 e0       	ldi	r24, 0x01	; 1
    331e:	89 83       	std	Y+1, r24	; 0x01


	if ( (Copy_u8PORT <= DIO_PORTD))
    3320:	8a 81       	ldd	r24, Y+2	; 0x02
    3322:	84 30       	cpi	r24, 0x04	; 4
    3324:	08 f0       	brcs	.+2      	; 0x3328 <DIO_voidWriteLowNibbles+0x1e>
    3326:	62 c0       	rjmp	.+196    	; 0x33ec <DIO_voidWriteLowNibbles+0xe2>
	{
		Copy_u8value&=0x0f;
    3328:	8b 81       	ldd	r24, Y+3	; 0x03
    332a:	8f 70       	andi	r24, 0x0F	; 15
    332c:	8b 83       	std	Y+3, r24	; 0x03
		switch(Copy_u8PORT)
    332e:	8a 81       	ldd	r24, Y+2	; 0x02
    3330:	28 2f       	mov	r18, r24
    3332:	30 e0       	ldi	r19, 0x00	; 0
    3334:	3d 83       	std	Y+5, r19	; 0x05
    3336:	2c 83       	std	Y+4, r18	; 0x04
    3338:	8c 81       	ldd	r24, Y+4	; 0x04
    333a:	9d 81       	ldd	r25, Y+5	; 0x05
    333c:	81 30       	cpi	r24, 0x01	; 1
    333e:	91 05       	cpc	r25, r1
    3340:	29 f1       	breq	.+74     	; 0x338c <DIO_voidWriteLowNibbles+0x82>
    3342:	2c 81       	ldd	r18, Y+4	; 0x04
    3344:	3d 81       	ldd	r19, Y+5	; 0x05
    3346:	22 30       	cpi	r18, 0x02	; 2
    3348:	31 05       	cpc	r19, r1
    334a:	2c f4       	brge	.+10     	; 0x3356 <DIO_voidWriteLowNibbles+0x4c>
    334c:	8c 81       	ldd	r24, Y+4	; 0x04
    334e:	9d 81       	ldd	r25, Y+5	; 0x05
    3350:	00 97       	sbiw	r24, 0x00	; 0
    3352:	61 f0       	breq	.+24     	; 0x336c <DIO_voidWriteLowNibbles+0x62>
    3354:	4c c0       	rjmp	.+152    	; 0x33ee <DIO_voidWriteLowNibbles+0xe4>
    3356:	2c 81       	ldd	r18, Y+4	; 0x04
    3358:	3d 81       	ldd	r19, Y+5	; 0x05
    335a:	22 30       	cpi	r18, 0x02	; 2
    335c:	31 05       	cpc	r19, r1
    335e:	31 f1       	breq	.+76     	; 0x33ac <DIO_voidWriteLowNibbles+0xa2>
    3360:	8c 81       	ldd	r24, Y+4	; 0x04
    3362:	9d 81       	ldd	r25, Y+5	; 0x05
    3364:	83 30       	cpi	r24, 0x03	; 3
    3366:	91 05       	cpc	r25, r1
    3368:	89 f1       	breq	.+98     	; 0x33cc <DIO_voidWriteLowNibbles+0xc2>
    336a:	41 c0       	rjmp	.+130    	; 0x33ee <DIO_voidWriteLowNibbles+0xe4>
		{
		case DIO_PORTA :
			PORTA_Register &= 0xf0;                 //Set only the high nibble of the port A by the given value
    336c:	ab e3       	ldi	r26, 0x3B	; 59
    336e:	b0 e0       	ldi	r27, 0x00	; 0
    3370:	eb e3       	ldi	r30, 0x3B	; 59
    3372:	f0 e0       	ldi	r31, 0x00	; 0
    3374:	80 81       	ld	r24, Z
    3376:	80 7f       	andi	r24, 0xF0	; 240
    3378:	8c 93       	st	X, r24
			PORTA_Register |= Copy_u8value;
    337a:	ab e3       	ldi	r26, 0x3B	; 59
    337c:	b0 e0       	ldi	r27, 0x00	; 0
    337e:	eb e3       	ldi	r30, 0x3B	; 59
    3380:	f0 e0       	ldi	r31, 0x00	; 0
    3382:	90 81       	ld	r25, Z
    3384:	8b 81       	ldd	r24, Y+3	; 0x03
    3386:	89 2b       	or	r24, r25
    3388:	8c 93       	st	X, r24
    338a:	31 c0       	rjmp	.+98     	; 0x33ee <DIO_voidWriteLowNibbles+0xe4>
			break ;
		case DIO_PORTB:
			PORTB_Register &= 0xf0;                 //Set only the high nibble of the port B by the given value
    338c:	a8 e3       	ldi	r26, 0x38	; 56
    338e:	b0 e0       	ldi	r27, 0x00	; 0
    3390:	e8 e3       	ldi	r30, 0x38	; 56
    3392:	f0 e0       	ldi	r31, 0x00	; 0
    3394:	80 81       	ld	r24, Z
    3396:	80 7f       	andi	r24, 0xF0	; 240
    3398:	8c 93       	st	X, r24
			PORTB_Register |= Copy_u8value;
    339a:	a8 e3       	ldi	r26, 0x38	; 56
    339c:	b0 e0       	ldi	r27, 0x00	; 0
    339e:	e8 e3       	ldi	r30, 0x38	; 56
    33a0:	f0 e0       	ldi	r31, 0x00	; 0
    33a2:	90 81       	ld	r25, Z
    33a4:	8b 81       	ldd	r24, Y+3	; 0x03
    33a6:	89 2b       	or	r24, r25
    33a8:	8c 93       	st	X, r24
    33aa:	21 c0       	rjmp	.+66     	; 0x33ee <DIO_voidWriteLowNibbles+0xe4>
			break ;
		case DIO_PORTC :
			PORTC_Register &= 0xf0;                 //Set only the high nibble of the port C by the given value
    33ac:	a5 e3       	ldi	r26, 0x35	; 53
    33ae:	b0 e0       	ldi	r27, 0x00	; 0
    33b0:	e5 e3       	ldi	r30, 0x35	; 53
    33b2:	f0 e0       	ldi	r31, 0x00	; 0
    33b4:	80 81       	ld	r24, Z
    33b6:	80 7f       	andi	r24, 0xF0	; 240
    33b8:	8c 93       	st	X, r24
			PORTC_Register |= Copy_u8value;
    33ba:	a5 e3       	ldi	r26, 0x35	; 53
    33bc:	b0 e0       	ldi	r27, 0x00	; 0
    33be:	e5 e3       	ldi	r30, 0x35	; 53
    33c0:	f0 e0       	ldi	r31, 0x00	; 0
    33c2:	90 81       	ld	r25, Z
    33c4:	8b 81       	ldd	r24, Y+3	; 0x03
    33c6:	89 2b       	or	r24, r25
    33c8:	8c 93       	st	X, r24
    33ca:	11 c0       	rjmp	.+34     	; 0x33ee <DIO_voidWriteLowNibbles+0xe4>
			break ;
		case DIO_PORTD:
			PORTD_Register &= 0xf0;                 //Set only the high nibble of the port D by the given value
    33cc:	a2 e3       	ldi	r26, 0x32	; 50
    33ce:	b0 e0       	ldi	r27, 0x00	; 0
    33d0:	e2 e3       	ldi	r30, 0x32	; 50
    33d2:	f0 e0       	ldi	r31, 0x00	; 0
    33d4:	80 81       	ld	r24, Z
    33d6:	80 7f       	andi	r24, 0xF0	; 240
    33d8:	8c 93       	st	X, r24
			PORTD_Register |= Copy_u8value;
    33da:	a2 e3       	ldi	r26, 0x32	; 50
    33dc:	b0 e0       	ldi	r27, 0x00	; 0
    33de:	e2 e3       	ldi	r30, 0x32	; 50
    33e0:	f0 e0       	ldi	r31, 0x00	; 0
    33e2:	90 81       	ld	r25, Z
    33e4:	8b 81       	ldd	r24, Y+3	; 0x03
    33e6:	89 2b       	or	r24, r25
    33e8:	8c 93       	st	X, r24
    33ea:	01 c0       	rjmp	.+2      	; 0x33ee <DIO_voidWriteLowNibbles+0xe4>


	}
	else
	{
		LOC_enumState = DIO_NOK;
    33ec:	19 82       	std	Y+1, r1	; 0x01
	}

	return LOC_enumState ;
    33ee:	89 81       	ldd	r24, Y+1	; 0x01

}
    33f0:	0f 90       	pop	r0
    33f2:	0f 90       	pop	r0
    33f4:	0f 90       	pop	r0
    33f6:	0f 90       	pop	r0
    33f8:	0f 90       	pop	r0
    33fa:	cf 91       	pop	r28
    33fc:	df 91       	pop	r29
    33fe:	08 95       	ret

00003400 <CLCD_voidInit>:
/*
* Breif : This Function Apply initialization sequence for LCD module
* Parameters : nothing
* return : nothing
*/
void CLCD_voidInit        ( void ){
    3400:	0f 93       	push	r16
    3402:	1f 93       	push	r17
    3404:	df 93       	push	r29
    3406:	cf 93       	push	r28
    3408:	cd b7       	in	r28, 0x3d	; 61
    340a:	de b7       	in	r29, 0x3e	; 62
    340c:	c6 54       	subi	r28, 0x46	; 70
    340e:	d0 40       	sbci	r29, 0x00	; 0
    3410:	0f b6       	in	r0, 0x3f	; 63
    3412:	f8 94       	cli
    3414:	de bf       	out	0x3e, r29	; 62
    3416:	0f be       	out	0x3f, r0	; 63
    3418:	cd bf       	out	0x3d, r28	; 61
    341a:	fe 01       	movw	r30, r28
    341c:	ed 5b       	subi	r30, 0xBD	; 189
    341e:	ff 4f       	sbci	r31, 0xFF	; 255
    3420:	80 e0       	ldi	r24, 0x00	; 0
    3422:	90 e0       	ldi	r25, 0x00	; 0
    3424:	a8 e4       	ldi	r26, 0x48	; 72
    3426:	b2 e4       	ldi	r27, 0x42	; 66
    3428:	80 83       	st	Z, r24
    342a:	91 83       	std	Z+1, r25	; 0x01
    342c:	a2 83       	std	Z+2, r26	; 0x02
    342e:	b3 83       	std	Z+3, r27	; 0x03
 */
void
_delay_ms(double __ms)
{
	uint16_t __ticks;
	double __tmp = ((F_CPU) / 4e3) * __ms;
    3430:	8e 01       	movw	r16, r28
    3432:	01 5c       	subi	r16, 0xC1	; 193
    3434:	1f 4f       	sbci	r17, 0xFF	; 255
    3436:	fe 01       	movw	r30, r28
    3438:	ed 5b       	subi	r30, 0xBD	; 189
    343a:	ff 4f       	sbci	r31, 0xFF	; 255
    343c:	60 81       	ld	r22, Z
    343e:	71 81       	ldd	r23, Z+1	; 0x01
    3440:	82 81       	ldd	r24, Z+2	; 0x02
    3442:	93 81       	ldd	r25, Z+3	; 0x03
    3444:	20 e0       	ldi	r18, 0x00	; 0
    3446:	30 e0       	ldi	r19, 0x00	; 0
    3448:	4a ef       	ldi	r20, 0xFA	; 250
    344a:	54 e4       	ldi	r21, 0x44	; 68
    344c:	0e 94 7b 0f 	call	0x1ef6	; 0x1ef6 <__mulsf3>
    3450:	dc 01       	movw	r26, r24
    3452:	cb 01       	movw	r24, r22
    3454:	f8 01       	movw	r30, r16
    3456:	80 83       	st	Z, r24
    3458:	91 83       	std	Z+1, r25	; 0x01
    345a:	a2 83       	std	Z+2, r26	; 0x02
    345c:	b3 83       	std	Z+3, r27	; 0x03
	if (__tmp < 1.0)
    345e:	fe 01       	movw	r30, r28
    3460:	ff 96       	adiw	r30, 0x3f	; 63
    3462:	60 81       	ld	r22, Z
    3464:	71 81       	ldd	r23, Z+1	; 0x01
    3466:	82 81       	ldd	r24, Z+2	; 0x02
    3468:	93 81       	ldd	r25, Z+3	; 0x03
    346a:	20 e0       	ldi	r18, 0x00	; 0
    346c:	30 e0       	ldi	r19, 0x00	; 0
    346e:	40 e8       	ldi	r20, 0x80	; 128
    3470:	5f e3       	ldi	r21, 0x3F	; 63
    3472:	0e 94 d5 10 	call	0x21aa	; 0x21aa <__ltsf2>
    3476:	88 23       	and	r24, r24
    3478:	2c f4       	brge	.+10     	; 0x3484 <CLCD_voidInit+0x84>
		__ticks = 1;
    347a:	81 e0       	ldi	r24, 0x01	; 1
    347c:	90 e0       	ldi	r25, 0x00	; 0
    347e:	9e af       	std	Y+62, r25	; 0x3e
    3480:	8d af       	std	Y+61, r24	; 0x3d
    3482:	46 c0       	rjmp	.+140    	; 0x3510 <CLCD_voidInit+0x110>
	else if (__tmp > 65535)
    3484:	fe 01       	movw	r30, r28
    3486:	ff 96       	adiw	r30, 0x3f	; 63
    3488:	60 81       	ld	r22, Z
    348a:	71 81       	ldd	r23, Z+1	; 0x01
    348c:	82 81       	ldd	r24, Z+2	; 0x02
    348e:	93 81       	ldd	r25, Z+3	; 0x03
    3490:	20 e0       	ldi	r18, 0x00	; 0
    3492:	3f ef       	ldi	r19, 0xFF	; 255
    3494:	4f e7       	ldi	r20, 0x7F	; 127
    3496:	57 e4       	ldi	r21, 0x47	; 71
    3498:	0e 94 75 10 	call	0x20ea	; 0x20ea <__gtsf2>
    349c:	18 16       	cp	r1, r24
    349e:	64 f5       	brge	.+88     	; 0x34f8 <CLCD_voidInit+0xf8>
	{
		//	__ticks = requested delay in 1/10 ms
		__ticks = (uint16_t) (__ms * 10.0);
    34a0:	fe 01       	movw	r30, r28
    34a2:	ed 5b       	subi	r30, 0xBD	; 189
    34a4:	ff 4f       	sbci	r31, 0xFF	; 255
    34a6:	60 81       	ld	r22, Z
    34a8:	71 81       	ldd	r23, Z+1	; 0x01
    34aa:	82 81       	ldd	r24, Z+2	; 0x02
    34ac:	93 81       	ldd	r25, Z+3	; 0x03
    34ae:	20 e0       	ldi	r18, 0x00	; 0
    34b0:	30 e0       	ldi	r19, 0x00	; 0
    34b2:	40 e2       	ldi	r20, 0x20	; 32
    34b4:	51 e4       	ldi	r21, 0x41	; 65
    34b6:	0e 94 7b 0f 	call	0x1ef6	; 0x1ef6 <__mulsf3>
    34ba:	dc 01       	movw	r26, r24
    34bc:	cb 01       	movw	r24, r22
    34be:	bc 01       	movw	r22, r24
    34c0:	cd 01       	movw	r24, r26
    34c2:	0e 94 c0 00 	call	0x180	; 0x180 <__fixunssfsi>
    34c6:	dc 01       	movw	r26, r24
    34c8:	cb 01       	movw	r24, r22
    34ca:	9e af       	std	Y+62, r25	; 0x3e
    34cc:	8d af       	std	Y+61, r24	; 0x3d
    34ce:	0f c0       	rjmp	.+30     	; 0x34ee <CLCD_voidInit+0xee>
    34d0:	88 ec       	ldi	r24, 0xC8	; 200
    34d2:	90 e0       	ldi	r25, 0x00	; 0
    34d4:	9c af       	std	Y+60, r25	; 0x3c
    34d6:	8b af       	std	Y+59, r24	; 0x3b
    milliseconds can be achieved.
 */
void
_delay_loop_2(uint16_t __count)
{
	__asm__ volatile (
    34d8:	8b ad       	ldd	r24, Y+59	; 0x3b
    34da:	9c ad       	ldd	r25, Y+60	; 0x3c
    34dc:	01 97       	sbiw	r24, 0x01	; 1
    34de:	f1 f7       	brne	.-4      	; 0x34dc <CLCD_voidInit+0xdc>
    34e0:	9c af       	std	Y+60, r25	; 0x3c
    34e2:	8b af       	std	Y+59, r24	; 0x3b
		while(__ticks)
		{
			// wait 1/10 ms
			_delay_loop_2(((F_CPU) / 4e3) / 10);
			__ticks --;
    34e4:	8d ad       	ldd	r24, Y+61	; 0x3d
    34e6:	9e ad       	ldd	r25, Y+62	; 0x3e
    34e8:	01 97       	sbiw	r24, 0x01	; 1
    34ea:	9e af       	std	Y+62, r25	; 0x3e
    34ec:	8d af       	std	Y+61, r24	; 0x3d
		__ticks = 1;
	else if (__tmp > 65535)
	{
		//	__ticks = requested delay in 1/10 ms
		__ticks = (uint16_t) (__ms * 10.0);
		while(__ticks)
    34ee:	8d ad       	ldd	r24, Y+61	; 0x3d
    34f0:	9e ad       	ldd	r25, Y+62	; 0x3e
    34f2:	00 97       	sbiw	r24, 0x00	; 0
    34f4:	69 f7       	brne	.-38     	; 0x34d0 <CLCD_voidInit+0xd0>
    34f6:	16 c0       	rjmp	.+44     	; 0x3524 <CLCD_voidInit+0x124>
			__ticks --;
		}
		return;
	}
	else
		__ticks = (uint16_t)__tmp;
    34f8:	fe 01       	movw	r30, r28
    34fa:	ff 96       	adiw	r30, 0x3f	; 63
    34fc:	60 81       	ld	r22, Z
    34fe:	71 81       	ldd	r23, Z+1	; 0x01
    3500:	82 81       	ldd	r24, Z+2	; 0x02
    3502:	93 81       	ldd	r25, Z+3	; 0x03
    3504:	0e 94 c0 00 	call	0x180	; 0x180 <__fixunssfsi>
    3508:	dc 01       	movw	r26, r24
    350a:	cb 01       	movw	r24, r22
    350c:	9e af       	std	Y+62, r25	; 0x3e
    350e:	8d af       	std	Y+61, r24	; 0x3d
    3510:	8d ad       	ldd	r24, Y+61	; 0x3d
    3512:	9e ad       	ldd	r25, Y+62	; 0x3e
    3514:	9a af       	std	Y+58, r25	; 0x3a
    3516:	89 af       	std	Y+57, r24	; 0x39
    3518:	89 ad       	ldd	r24, Y+57	; 0x39
    351a:	9a ad       	ldd	r25, Y+58	; 0x3a
    351c:	01 97       	sbiw	r24, 0x01	; 1
    351e:	f1 f7       	brne	.-4      	; 0x351c <CLCD_voidInit+0x11c>
    3520:	9a af       	std	Y+58, r25	; 0x3a
    3522:	89 af       	std	Y+57, r24	; 0x39

	#elif   CLCD_MODE == 4

	// 1- must wait more than 30 ms before any action (VDD rises to 4.5 v)
	_delay_ms(50);
	DIO_enumSetPinDirection      (CLCD_DATA_PORT,DIO_PIN4,DIO_PIN_OUTPUT);
    3524:	80 e0       	ldi	r24, 0x00	; 0
    3526:	64 e0       	ldi	r22, 0x04	; 4
    3528:	41 e0       	ldi	r20, 0x01	; 1
    352a:	0e 94 ff 12 	call	0x25fe	; 0x25fe <DIO_enumSetPinDirection>
	DIO_enumSetPinDirection      (CLCD_DATA_PORT,DIO_PIN5,DIO_PIN_OUTPUT);
    352e:	80 e0       	ldi	r24, 0x00	; 0
    3530:	65 e0       	ldi	r22, 0x05	; 5
    3532:	41 e0       	ldi	r20, 0x01	; 1
    3534:	0e 94 ff 12 	call	0x25fe	; 0x25fe <DIO_enumSetPinDirection>
	DIO_enumSetPinDirection      (CLCD_DATA_PORT,DIO_PIN6,DIO_PIN_OUTPUT);
    3538:	80 e0       	ldi	r24, 0x00	; 0
    353a:	66 e0       	ldi	r22, 0x06	; 6
    353c:	41 e0       	ldi	r20, 0x01	; 1
    353e:	0e 94 ff 12 	call	0x25fe	; 0x25fe <DIO_enumSetPinDirection>
	DIO_enumSetPinDirection      (CLCD_DATA_PORT,DIO_PIN7,DIO_PIN_OUTPUT);
    3542:	80 e0       	ldi	r24, 0x00	; 0
    3544:	67 e0       	ldi	r22, 0x07	; 7
    3546:	41 e0       	ldi	r20, 0x01	; 1
    3548:	0e 94 ff 12 	call	0x25fe	; 0x25fe <DIO_enumSetPinDirection>
	DIO_enumSetPinDirection  ( CLCD_CONTROL_PORT , CLCD_RS , DIO_PIN_OUTPUT  );
    354c:	81 e0       	ldi	r24, 0x01	; 1
    354e:	61 e0       	ldi	r22, 0x01	; 1
    3550:	41 e0       	ldi	r20, 0x01	; 1
    3552:	0e 94 ff 12 	call	0x25fe	; 0x25fe <DIO_enumSetPinDirection>
	DIO_enumSetPinDirection  ( CLCD_CONTROL_PORT , CLCD_RW , DIO_PIN_OUTPUT  );
    3556:	81 e0       	ldi	r24, 0x01	; 1
    3558:	62 e0       	ldi	r22, 0x02	; 2
    355a:	41 e0       	ldi	r20, 0x01	; 1
    355c:	0e 94 ff 12 	call	0x25fe	; 0x25fe <DIO_enumSetPinDirection>
	DIO_enumSetPinDirection  ( CLCD_CONTROL_PORT , CLCD_EN , DIO_PIN_OUTPUT  );
    3560:	81 e0       	ldi	r24, 0x01	; 1
    3562:	63 e0       	ldi	r22, 0x03	; 3
    3564:	41 e0       	ldi	r20, 0x01	; 1
    3566:	0e 94 ff 12 	call	0x25fe	; 0x25fe <DIO_enumSetPinDirection>



	/*return home*/
	CLCD_voidSendCommand( lcd_Home );
    356a:	82 e0       	ldi	r24, 0x02	; 2
    356c:	0e 94 37 1d 	call	0x3a6e	; 0x3a6e <CLCD_voidSendCommand>
    3570:	80 e0       	ldi	r24, 0x00	; 0
    3572:	90 e0       	ldi	r25, 0x00	; 0
    3574:	a0 ef       	ldi	r26, 0xF0	; 240
    3576:	b1 e4       	ldi	r27, 0x41	; 65
    3578:	8d ab       	std	Y+53, r24	; 0x35
    357a:	9e ab       	std	Y+54, r25	; 0x36
    357c:	af ab       	std	Y+55, r26	; 0x37
    357e:	b8 af       	std	Y+56, r27	; 0x38
 */
void
_delay_ms(double __ms)
{
	uint16_t __ticks;
	double __tmp = ((F_CPU) / 4e3) * __ms;
    3580:	6d a9       	ldd	r22, Y+53	; 0x35
    3582:	7e a9       	ldd	r23, Y+54	; 0x36
    3584:	8f a9       	ldd	r24, Y+55	; 0x37
    3586:	98 ad       	ldd	r25, Y+56	; 0x38
    3588:	20 e0       	ldi	r18, 0x00	; 0
    358a:	30 e0       	ldi	r19, 0x00	; 0
    358c:	4a ef       	ldi	r20, 0xFA	; 250
    358e:	54 e4       	ldi	r21, 0x44	; 68
    3590:	0e 94 7b 0f 	call	0x1ef6	; 0x1ef6 <__mulsf3>
    3594:	dc 01       	movw	r26, r24
    3596:	cb 01       	movw	r24, r22
    3598:	89 ab       	std	Y+49, r24	; 0x31
    359a:	9a ab       	std	Y+50, r25	; 0x32
    359c:	ab ab       	std	Y+51, r26	; 0x33
    359e:	bc ab       	std	Y+52, r27	; 0x34
	if (__tmp < 1.0)
    35a0:	69 a9       	ldd	r22, Y+49	; 0x31
    35a2:	7a a9       	ldd	r23, Y+50	; 0x32
    35a4:	8b a9       	ldd	r24, Y+51	; 0x33
    35a6:	9c a9       	ldd	r25, Y+52	; 0x34
    35a8:	20 e0       	ldi	r18, 0x00	; 0
    35aa:	30 e0       	ldi	r19, 0x00	; 0
    35ac:	40 e8       	ldi	r20, 0x80	; 128
    35ae:	5f e3       	ldi	r21, 0x3F	; 63
    35b0:	0e 94 d5 10 	call	0x21aa	; 0x21aa <__ltsf2>
    35b4:	88 23       	and	r24, r24
    35b6:	2c f4       	brge	.+10     	; 0x35c2 <CLCD_voidInit+0x1c2>
		__ticks = 1;
    35b8:	81 e0       	ldi	r24, 0x01	; 1
    35ba:	90 e0       	ldi	r25, 0x00	; 0
    35bc:	98 ab       	std	Y+48, r25	; 0x30
    35be:	8f a7       	std	Y+47, r24	; 0x2f
    35c0:	3f c0       	rjmp	.+126    	; 0x3640 <CLCD_voidInit+0x240>
	else if (__tmp > 65535)
    35c2:	69 a9       	ldd	r22, Y+49	; 0x31
    35c4:	7a a9       	ldd	r23, Y+50	; 0x32
    35c6:	8b a9       	ldd	r24, Y+51	; 0x33
    35c8:	9c a9       	ldd	r25, Y+52	; 0x34
    35ca:	20 e0       	ldi	r18, 0x00	; 0
    35cc:	3f ef       	ldi	r19, 0xFF	; 255
    35ce:	4f e7       	ldi	r20, 0x7F	; 127
    35d0:	57 e4       	ldi	r21, 0x47	; 71
    35d2:	0e 94 75 10 	call	0x20ea	; 0x20ea <__gtsf2>
    35d6:	18 16       	cp	r1, r24
    35d8:	4c f5       	brge	.+82     	; 0x362c <CLCD_voidInit+0x22c>
	{
		//	__ticks = requested delay in 1/10 ms
		__ticks = (uint16_t) (__ms * 10.0);
    35da:	6d a9       	ldd	r22, Y+53	; 0x35
    35dc:	7e a9       	ldd	r23, Y+54	; 0x36
    35de:	8f a9       	ldd	r24, Y+55	; 0x37
    35e0:	98 ad       	ldd	r25, Y+56	; 0x38
    35e2:	20 e0       	ldi	r18, 0x00	; 0
    35e4:	30 e0       	ldi	r19, 0x00	; 0
    35e6:	40 e2       	ldi	r20, 0x20	; 32
    35e8:	51 e4       	ldi	r21, 0x41	; 65
    35ea:	0e 94 7b 0f 	call	0x1ef6	; 0x1ef6 <__mulsf3>
    35ee:	dc 01       	movw	r26, r24
    35f0:	cb 01       	movw	r24, r22
    35f2:	bc 01       	movw	r22, r24
    35f4:	cd 01       	movw	r24, r26
    35f6:	0e 94 c0 00 	call	0x180	; 0x180 <__fixunssfsi>
    35fa:	dc 01       	movw	r26, r24
    35fc:	cb 01       	movw	r24, r22
    35fe:	98 ab       	std	Y+48, r25	; 0x30
    3600:	8f a7       	std	Y+47, r24	; 0x2f
    3602:	0f c0       	rjmp	.+30     	; 0x3622 <CLCD_voidInit+0x222>
    3604:	88 ec       	ldi	r24, 0xC8	; 200
    3606:	90 e0       	ldi	r25, 0x00	; 0
    3608:	9e a7       	std	Y+46, r25	; 0x2e
    360a:	8d a7       	std	Y+45, r24	; 0x2d
    360c:	8d a5       	ldd	r24, Y+45	; 0x2d
    360e:	9e a5       	ldd	r25, Y+46	; 0x2e
    3610:	01 97       	sbiw	r24, 0x01	; 1
    3612:	f1 f7       	brne	.-4      	; 0x3610 <CLCD_voidInit+0x210>
    3614:	9e a7       	std	Y+46, r25	; 0x2e
    3616:	8d a7       	std	Y+45, r24	; 0x2d
		while(__ticks)
		{
			// wait 1/10 ms
			_delay_loop_2(((F_CPU) / 4e3) / 10);
			__ticks --;
    3618:	8f a5       	ldd	r24, Y+47	; 0x2f
    361a:	98 a9       	ldd	r25, Y+48	; 0x30
    361c:	01 97       	sbiw	r24, 0x01	; 1
    361e:	98 ab       	std	Y+48, r25	; 0x30
    3620:	8f a7       	std	Y+47, r24	; 0x2f
		__ticks = 1;
	else if (__tmp > 65535)
	{
		//	__ticks = requested delay in 1/10 ms
		__ticks = (uint16_t) (__ms * 10.0);
		while(__ticks)
    3622:	8f a5       	ldd	r24, Y+47	; 0x2f
    3624:	98 a9       	ldd	r25, Y+48	; 0x30
    3626:	00 97       	sbiw	r24, 0x00	; 0
    3628:	69 f7       	brne	.-38     	; 0x3604 <CLCD_voidInit+0x204>
    362a:	14 c0       	rjmp	.+40     	; 0x3654 <CLCD_voidInit+0x254>
			__ticks --;
		}
		return;
	}
	else
		__ticks = (uint16_t)__tmp;
    362c:	69 a9       	ldd	r22, Y+49	; 0x31
    362e:	7a a9       	ldd	r23, Y+50	; 0x32
    3630:	8b a9       	ldd	r24, Y+51	; 0x33
    3632:	9c a9       	ldd	r25, Y+52	; 0x34
    3634:	0e 94 c0 00 	call	0x180	; 0x180 <__fixunssfsi>
    3638:	dc 01       	movw	r26, r24
    363a:	cb 01       	movw	r24, r22
    363c:	98 ab       	std	Y+48, r25	; 0x30
    363e:	8f a7       	std	Y+47, r24	; 0x2f
    3640:	8f a5       	ldd	r24, Y+47	; 0x2f
    3642:	98 a9       	ldd	r25, Y+48	; 0x30
    3644:	9c a7       	std	Y+44, r25	; 0x2c
    3646:	8b a7       	std	Y+43, r24	; 0x2b
    3648:	8b a5       	ldd	r24, Y+43	; 0x2b
    364a:	9c a5       	ldd	r25, Y+44	; 0x2c
    364c:	01 97       	sbiw	r24, 0x01	; 1
    364e:	f1 f7       	brne	.-4      	; 0x364c <CLCD_voidInit+0x24c>
    3650:	9c a7       	std	Y+44, r25	; 0x2c
    3652:	8b a7       	std	Y+43, r24	; 0x2b
	_delay_ms(30);

	/*FUNCTION SET Command*/
	CLCD_voidSendCommand( FOUR_BITS ); // 4 Bit Mode
    3654:	88 e2       	ldi	r24, 0x28	; 40
    3656:	0e 94 37 1d 	call	0x3a6e	; 0x3a6e <CLCD_voidSendCommand>
    365a:	80 e0       	ldi	r24, 0x00	; 0
    365c:	90 e0       	ldi	r25, 0x00	; 0
    365e:	a0 e8       	ldi	r26, 0x80	; 128
    3660:	bf e3       	ldi	r27, 0x3F	; 63
    3662:	8f a3       	std	Y+39, r24	; 0x27
    3664:	98 a7       	std	Y+40, r25	; 0x28
    3666:	a9 a7       	std	Y+41, r26	; 0x29
    3668:	ba a7       	std	Y+42, r27	; 0x2a
 */
void
_delay_ms(double __ms)
{
	uint16_t __ticks;
	double __tmp = ((F_CPU) / 4e3) * __ms;
    366a:	6f a1       	ldd	r22, Y+39	; 0x27
    366c:	78 a5       	ldd	r23, Y+40	; 0x28
    366e:	89 a5       	ldd	r24, Y+41	; 0x29
    3670:	9a a5       	ldd	r25, Y+42	; 0x2a
    3672:	20 e0       	ldi	r18, 0x00	; 0
    3674:	30 e0       	ldi	r19, 0x00	; 0
    3676:	4a ef       	ldi	r20, 0xFA	; 250
    3678:	54 e4       	ldi	r21, 0x44	; 68
    367a:	0e 94 7b 0f 	call	0x1ef6	; 0x1ef6 <__mulsf3>
    367e:	dc 01       	movw	r26, r24
    3680:	cb 01       	movw	r24, r22
    3682:	8b a3       	std	Y+35, r24	; 0x23
    3684:	9c a3       	std	Y+36, r25	; 0x24
    3686:	ad a3       	std	Y+37, r26	; 0x25
    3688:	be a3       	std	Y+38, r27	; 0x26
	if (__tmp < 1.0)
    368a:	6b a1       	ldd	r22, Y+35	; 0x23
    368c:	7c a1       	ldd	r23, Y+36	; 0x24
    368e:	8d a1       	ldd	r24, Y+37	; 0x25
    3690:	9e a1       	ldd	r25, Y+38	; 0x26
    3692:	20 e0       	ldi	r18, 0x00	; 0
    3694:	30 e0       	ldi	r19, 0x00	; 0
    3696:	40 e8       	ldi	r20, 0x80	; 128
    3698:	5f e3       	ldi	r21, 0x3F	; 63
    369a:	0e 94 d5 10 	call	0x21aa	; 0x21aa <__ltsf2>
    369e:	88 23       	and	r24, r24
    36a0:	2c f4       	brge	.+10     	; 0x36ac <CLCD_voidInit+0x2ac>
		__ticks = 1;
    36a2:	81 e0       	ldi	r24, 0x01	; 1
    36a4:	90 e0       	ldi	r25, 0x00	; 0
    36a6:	9a a3       	std	Y+34, r25	; 0x22
    36a8:	89 a3       	std	Y+33, r24	; 0x21
    36aa:	3f c0       	rjmp	.+126    	; 0x372a <CLCD_voidInit+0x32a>
	else if (__tmp > 65535)
    36ac:	6b a1       	ldd	r22, Y+35	; 0x23
    36ae:	7c a1       	ldd	r23, Y+36	; 0x24
    36b0:	8d a1       	ldd	r24, Y+37	; 0x25
    36b2:	9e a1       	ldd	r25, Y+38	; 0x26
    36b4:	20 e0       	ldi	r18, 0x00	; 0
    36b6:	3f ef       	ldi	r19, 0xFF	; 255
    36b8:	4f e7       	ldi	r20, 0x7F	; 127
    36ba:	57 e4       	ldi	r21, 0x47	; 71
    36bc:	0e 94 75 10 	call	0x20ea	; 0x20ea <__gtsf2>
    36c0:	18 16       	cp	r1, r24
    36c2:	4c f5       	brge	.+82     	; 0x3716 <CLCD_voidInit+0x316>
	{
		//	__ticks = requested delay in 1/10 ms
		__ticks = (uint16_t) (__ms * 10.0);
    36c4:	6f a1       	ldd	r22, Y+39	; 0x27
    36c6:	78 a5       	ldd	r23, Y+40	; 0x28
    36c8:	89 a5       	ldd	r24, Y+41	; 0x29
    36ca:	9a a5       	ldd	r25, Y+42	; 0x2a
    36cc:	20 e0       	ldi	r18, 0x00	; 0
    36ce:	30 e0       	ldi	r19, 0x00	; 0
    36d0:	40 e2       	ldi	r20, 0x20	; 32
    36d2:	51 e4       	ldi	r21, 0x41	; 65
    36d4:	0e 94 7b 0f 	call	0x1ef6	; 0x1ef6 <__mulsf3>
    36d8:	dc 01       	movw	r26, r24
    36da:	cb 01       	movw	r24, r22
    36dc:	bc 01       	movw	r22, r24
    36de:	cd 01       	movw	r24, r26
    36e0:	0e 94 c0 00 	call	0x180	; 0x180 <__fixunssfsi>
    36e4:	dc 01       	movw	r26, r24
    36e6:	cb 01       	movw	r24, r22
    36e8:	9a a3       	std	Y+34, r25	; 0x22
    36ea:	89 a3       	std	Y+33, r24	; 0x21
    36ec:	0f c0       	rjmp	.+30     	; 0x370c <CLCD_voidInit+0x30c>
    36ee:	88 ec       	ldi	r24, 0xC8	; 200
    36f0:	90 e0       	ldi	r25, 0x00	; 0
    36f2:	98 a3       	std	Y+32, r25	; 0x20
    36f4:	8f 8f       	std	Y+31, r24	; 0x1f
    36f6:	8f 8d       	ldd	r24, Y+31	; 0x1f
    36f8:	98 a1       	ldd	r25, Y+32	; 0x20
    36fa:	01 97       	sbiw	r24, 0x01	; 1
    36fc:	f1 f7       	brne	.-4      	; 0x36fa <CLCD_voidInit+0x2fa>
    36fe:	98 a3       	std	Y+32, r25	; 0x20
    3700:	8f 8f       	std	Y+31, r24	; 0x1f
		while(__ticks)
		{
			// wait 1/10 ms
			_delay_loop_2(((F_CPU) / 4e3) / 10);
			__ticks --;
    3702:	89 a1       	ldd	r24, Y+33	; 0x21
    3704:	9a a1       	ldd	r25, Y+34	; 0x22
    3706:	01 97       	sbiw	r24, 0x01	; 1
    3708:	9a a3       	std	Y+34, r25	; 0x22
    370a:	89 a3       	std	Y+33, r24	; 0x21
		__ticks = 1;
	else if (__tmp > 65535)
	{
		//	__ticks = requested delay in 1/10 ms
		__ticks = (uint16_t) (__ms * 10.0);
		while(__ticks)
    370c:	89 a1       	ldd	r24, Y+33	; 0x21
    370e:	9a a1       	ldd	r25, Y+34	; 0x22
    3710:	00 97       	sbiw	r24, 0x00	; 0
    3712:	69 f7       	brne	.-38     	; 0x36ee <CLCD_voidInit+0x2ee>
    3714:	14 c0       	rjmp	.+40     	; 0x373e <CLCD_voidInit+0x33e>
			__ticks --;
		}
		return;
	}
	else
		__ticks = (uint16_t)__tmp;
    3716:	6b a1       	ldd	r22, Y+35	; 0x23
    3718:	7c a1       	ldd	r23, Y+36	; 0x24
    371a:	8d a1       	ldd	r24, Y+37	; 0x25
    371c:	9e a1       	ldd	r25, Y+38	; 0x26
    371e:	0e 94 c0 00 	call	0x180	; 0x180 <__fixunssfsi>
    3722:	dc 01       	movw	r26, r24
    3724:	cb 01       	movw	r24, r22
    3726:	9a a3       	std	Y+34, r25	; 0x22
    3728:	89 a3       	std	Y+33, r24	; 0x21
    372a:	89 a1       	ldd	r24, Y+33	; 0x21
    372c:	9a a1       	ldd	r25, Y+34	; 0x22
    372e:	9e 8f       	std	Y+30, r25	; 0x1e
    3730:	8d 8f       	std	Y+29, r24	; 0x1d
    3732:	8d 8d       	ldd	r24, Y+29	; 0x1d
    3734:	9e 8d       	ldd	r25, Y+30	; 0x1e
    3736:	01 97       	sbiw	r24, 0x01	; 1
    3738:	f1 f7       	brne	.-4      	; 0x3736 <CLCD_voidInit+0x336>
    373a:	9e 8f       	std	Y+30, r25	; 0x1e
    373c:	8d 8f       	std	Y+29, r24	; 0x1d
	_delay_ms(1);

	/* DISPLAY & Cursor (ON / OFF) Control */
	CLCD_voidSendCommand( lcd_DisplayOn_CursorOff );
    373e:	8c e0       	ldi	r24, 0x0C	; 12
    3740:	0e 94 37 1d 	call	0x3a6e	; 0x3a6e <CLCD_voidSendCommand>
    3744:	80 e0       	ldi	r24, 0x00	; 0
    3746:	90 e0       	ldi	r25, 0x00	; 0
    3748:	a0 e8       	ldi	r26, 0x80	; 128
    374a:	bf e3       	ldi	r27, 0x3F	; 63
    374c:	89 8f       	std	Y+25, r24	; 0x19
    374e:	9a 8f       	std	Y+26, r25	; 0x1a
    3750:	ab 8f       	std	Y+27, r26	; 0x1b
    3752:	bc 8f       	std	Y+28, r27	; 0x1c
 */
void
_delay_ms(double __ms)
{
	uint16_t __ticks;
	double __tmp = ((F_CPU) / 4e3) * __ms;
    3754:	69 8d       	ldd	r22, Y+25	; 0x19
    3756:	7a 8d       	ldd	r23, Y+26	; 0x1a
    3758:	8b 8d       	ldd	r24, Y+27	; 0x1b
    375a:	9c 8d       	ldd	r25, Y+28	; 0x1c
    375c:	20 e0       	ldi	r18, 0x00	; 0
    375e:	30 e0       	ldi	r19, 0x00	; 0
    3760:	4a ef       	ldi	r20, 0xFA	; 250
    3762:	54 e4       	ldi	r21, 0x44	; 68
    3764:	0e 94 7b 0f 	call	0x1ef6	; 0x1ef6 <__mulsf3>
    3768:	dc 01       	movw	r26, r24
    376a:	cb 01       	movw	r24, r22
    376c:	8d 8b       	std	Y+21, r24	; 0x15
    376e:	9e 8b       	std	Y+22, r25	; 0x16
    3770:	af 8b       	std	Y+23, r26	; 0x17
    3772:	b8 8f       	std	Y+24, r27	; 0x18
	if (__tmp < 1.0)
    3774:	6d 89       	ldd	r22, Y+21	; 0x15
    3776:	7e 89       	ldd	r23, Y+22	; 0x16
    3778:	8f 89       	ldd	r24, Y+23	; 0x17
    377a:	98 8d       	ldd	r25, Y+24	; 0x18
    377c:	20 e0       	ldi	r18, 0x00	; 0
    377e:	30 e0       	ldi	r19, 0x00	; 0
    3780:	40 e8       	ldi	r20, 0x80	; 128
    3782:	5f e3       	ldi	r21, 0x3F	; 63
    3784:	0e 94 d5 10 	call	0x21aa	; 0x21aa <__ltsf2>
    3788:	88 23       	and	r24, r24
    378a:	2c f4       	brge	.+10     	; 0x3796 <CLCD_voidInit+0x396>
		__ticks = 1;
    378c:	81 e0       	ldi	r24, 0x01	; 1
    378e:	90 e0       	ldi	r25, 0x00	; 0
    3790:	9c 8b       	std	Y+20, r25	; 0x14
    3792:	8b 8b       	std	Y+19, r24	; 0x13
    3794:	3f c0       	rjmp	.+126    	; 0x3814 <CLCD_voidInit+0x414>
	else if (__tmp > 65535)
    3796:	6d 89       	ldd	r22, Y+21	; 0x15
    3798:	7e 89       	ldd	r23, Y+22	; 0x16
    379a:	8f 89       	ldd	r24, Y+23	; 0x17
    379c:	98 8d       	ldd	r25, Y+24	; 0x18
    379e:	20 e0       	ldi	r18, 0x00	; 0
    37a0:	3f ef       	ldi	r19, 0xFF	; 255
    37a2:	4f e7       	ldi	r20, 0x7F	; 127
    37a4:	57 e4       	ldi	r21, 0x47	; 71
    37a6:	0e 94 75 10 	call	0x20ea	; 0x20ea <__gtsf2>
    37aa:	18 16       	cp	r1, r24
    37ac:	4c f5       	brge	.+82     	; 0x3800 <CLCD_voidInit+0x400>
	{
		//	__ticks = requested delay in 1/10 ms
		__ticks = (uint16_t) (__ms * 10.0);
    37ae:	69 8d       	ldd	r22, Y+25	; 0x19
    37b0:	7a 8d       	ldd	r23, Y+26	; 0x1a
    37b2:	8b 8d       	ldd	r24, Y+27	; 0x1b
    37b4:	9c 8d       	ldd	r25, Y+28	; 0x1c
    37b6:	20 e0       	ldi	r18, 0x00	; 0
    37b8:	30 e0       	ldi	r19, 0x00	; 0
    37ba:	40 e2       	ldi	r20, 0x20	; 32
    37bc:	51 e4       	ldi	r21, 0x41	; 65
    37be:	0e 94 7b 0f 	call	0x1ef6	; 0x1ef6 <__mulsf3>
    37c2:	dc 01       	movw	r26, r24
    37c4:	cb 01       	movw	r24, r22
    37c6:	bc 01       	movw	r22, r24
    37c8:	cd 01       	movw	r24, r26
    37ca:	0e 94 c0 00 	call	0x180	; 0x180 <__fixunssfsi>
    37ce:	dc 01       	movw	r26, r24
    37d0:	cb 01       	movw	r24, r22
    37d2:	9c 8b       	std	Y+20, r25	; 0x14
    37d4:	8b 8b       	std	Y+19, r24	; 0x13
    37d6:	0f c0       	rjmp	.+30     	; 0x37f6 <CLCD_voidInit+0x3f6>
    37d8:	88 ec       	ldi	r24, 0xC8	; 200
    37da:	90 e0       	ldi	r25, 0x00	; 0
    37dc:	9a 8b       	std	Y+18, r25	; 0x12
    37de:	89 8b       	std	Y+17, r24	; 0x11
    37e0:	89 89       	ldd	r24, Y+17	; 0x11
    37e2:	9a 89       	ldd	r25, Y+18	; 0x12
    37e4:	01 97       	sbiw	r24, 0x01	; 1
    37e6:	f1 f7       	brne	.-4      	; 0x37e4 <CLCD_voidInit+0x3e4>
    37e8:	9a 8b       	std	Y+18, r25	; 0x12
    37ea:	89 8b       	std	Y+17, r24	; 0x11
		while(__ticks)
		{
			// wait 1/10 ms
			_delay_loop_2(((F_CPU) / 4e3) / 10);
			__ticks --;
    37ec:	8b 89       	ldd	r24, Y+19	; 0x13
    37ee:	9c 89       	ldd	r25, Y+20	; 0x14
    37f0:	01 97       	sbiw	r24, 0x01	; 1
    37f2:	9c 8b       	std	Y+20, r25	; 0x14
    37f4:	8b 8b       	std	Y+19, r24	; 0x13
		__ticks = 1;
	else if (__tmp > 65535)
	{
		//	__ticks = requested delay in 1/10 ms
		__ticks = (uint16_t) (__ms * 10.0);
		while(__ticks)
    37f6:	8b 89       	ldd	r24, Y+19	; 0x13
    37f8:	9c 89       	ldd	r25, Y+20	; 0x14
    37fa:	00 97       	sbiw	r24, 0x00	; 0
    37fc:	69 f7       	brne	.-38     	; 0x37d8 <CLCD_voidInit+0x3d8>
    37fe:	14 c0       	rjmp	.+40     	; 0x3828 <CLCD_voidInit+0x428>
			__ticks --;
		}
		return;
	}
	else
		__ticks = (uint16_t)__tmp;
    3800:	6d 89       	ldd	r22, Y+21	; 0x15
    3802:	7e 89       	ldd	r23, Y+22	; 0x16
    3804:	8f 89       	ldd	r24, Y+23	; 0x17
    3806:	98 8d       	ldd	r25, Y+24	; 0x18
    3808:	0e 94 c0 00 	call	0x180	; 0x180 <__fixunssfsi>
    380c:	dc 01       	movw	r26, r24
    380e:	cb 01       	movw	r24, r22
    3810:	9c 8b       	std	Y+20, r25	; 0x14
    3812:	8b 8b       	std	Y+19, r24	; 0x13
    3814:	8b 89       	ldd	r24, Y+19	; 0x13
    3816:	9c 89       	ldd	r25, Y+20	; 0x14
    3818:	98 8b       	std	Y+16, r25	; 0x10
    381a:	8f 87       	std	Y+15, r24	; 0x0f
    381c:	8f 85       	ldd	r24, Y+15	; 0x0f
    381e:	98 89       	ldd	r25, Y+16	; 0x10
    3820:	01 97       	sbiw	r24, 0x01	; 1
    3822:	f1 f7       	brne	.-4      	; 0x3820 <CLCD_voidInit+0x420>
    3824:	98 8b       	std	Y+16, r25	; 0x10
    3826:	8f 87       	std	Y+15, r24	; 0x0f
	_delay_ms(1);

	/* DISPLAY CLEAR */
	CLCD_voidClearScreen();
    3828:	0e 94 e1 22 	call	0x45c2	; 0x45c2 <CLCD_voidClearScreen>

	/* ENTRY MODE  Set*/
	CLCD_voidSendCommand( lcd_EntryMode );
    382c:	86 e0       	ldi	r24, 0x06	; 6
    382e:	0e 94 37 1d 	call	0x3a6e	; 0x3a6e <CLCD_voidSendCommand>
    3832:	80 e0       	ldi	r24, 0x00	; 0
    3834:	90 e0       	ldi	r25, 0x00	; 0
    3836:	a0 e8       	ldi	r26, 0x80	; 128
    3838:	bf e3       	ldi	r27, 0x3F	; 63
    383a:	8b 87       	std	Y+11, r24	; 0x0b
    383c:	9c 87       	std	Y+12, r25	; 0x0c
    383e:	ad 87       	std	Y+13, r26	; 0x0d
    3840:	be 87       	std	Y+14, r27	; 0x0e
 */
void
_delay_ms(double __ms)
{
	uint16_t __ticks;
	double __tmp = ((F_CPU) / 4e3) * __ms;
    3842:	6b 85       	ldd	r22, Y+11	; 0x0b
    3844:	7c 85       	ldd	r23, Y+12	; 0x0c
    3846:	8d 85       	ldd	r24, Y+13	; 0x0d
    3848:	9e 85       	ldd	r25, Y+14	; 0x0e
    384a:	20 e0       	ldi	r18, 0x00	; 0
    384c:	30 e0       	ldi	r19, 0x00	; 0
    384e:	4a ef       	ldi	r20, 0xFA	; 250
    3850:	54 e4       	ldi	r21, 0x44	; 68
    3852:	0e 94 7b 0f 	call	0x1ef6	; 0x1ef6 <__mulsf3>
    3856:	dc 01       	movw	r26, r24
    3858:	cb 01       	movw	r24, r22
    385a:	8f 83       	std	Y+7, r24	; 0x07
    385c:	98 87       	std	Y+8, r25	; 0x08
    385e:	a9 87       	std	Y+9, r26	; 0x09
    3860:	ba 87       	std	Y+10, r27	; 0x0a
	if (__tmp < 1.0)
    3862:	6f 81       	ldd	r22, Y+7	; 0x07
    3864:	78 85       	ldd	r23, Y+8	; 0x08
    3866:	89 85       	ldd	r24, Y+9	; 0x09
    3868:	9a 85       	ldd	r25, Y+10	; 0x0a
    386a:	20 e0       	ldi	r18, 0x00	; 0
    386c:	30 e0       	ldi	r19, 0x00	; 0
    386e:	40 e8       	ldi	r20, 0x80	; 128
    3870:	5f e3       	ldi	r21, 0x3F	; 63
    3872:	0e 94 d5 10 	call	0x21aa	; 0x21aa <__ltsf2>
    3876:	88 23       	and	r24, r24
    3878:	2c f4       	brge	.+10     	; 0x3884 <CLCD_voidInit+0x484>
		__ticks = 1;
    387a:	81 e0       	ldi	r24, 0x01	; 1
    387c:	90 e0       	ldi	r25, 0x00	; 0
    387e:	9e 83       	std	Y+6, r25	; 0x06
    3880:	8d 83       	std	Y+5, r24	; 0x05
    3882:	3f c0       	rjmp	.+126    	; 0x3902 <CLCD_voidInit+0x502>
	else if (__tmp > 65535)
    3884:	6f 81       	ldd	r22, Y+7	; 0x07
    3886:	78 85       	ldd	r23, Y+8	; 0x08
    3888:	89 85       	ldd	r24, Y+9	; 0x09
    388a:	9a 85       	ldd	r25, Y+10	; 0x0a
    388c:	20 e0       	ldi	r18, 0x00	; 0
    388e:	3f ef       	ldi	r19, 0xFF	; 255
    3890:	4f e7       	ldi	r20, 0x7F	; 127
    3892:	57 e4       	ldi	r21, 0x47	; 71
    3894:	0e 94 75 10 	call	0x20ea	; 0x20ea <__gtsf2>
    3898:	18 16       	cp	r1, r24
    389a:	4c f5       	brge	.+82     	; 0x38ee <CLCD_voidInit+0x4ee>
	{
		//	__ticks = requested delay in 1/10 ms
		__ticks = (uint16_t) (__ms * 10.0);
    389c:	6b 85       	ldd	r22, Y+11	; 0x0b
    389e:	7c 85       	ldd	r23, Y+12	; 0x0c
    38a0:	8d 85       	ldd	r24, Y+13	; 0x0d
    38a2:	9e 85       	ldd	r25, Y+14	; 0x0e
    38a4:	20 e0       	ldi	r18, 0x00	; 0
    38a6:	30 e0       	ldi	r19, 0x00	; 0
    38a8:	40 e2       	ldi	r20, 0x20	; 32
    38aa:	51 e4       	ldi	r21, 0x41	; 65
    38ac:	0e 94 7b 0f 	call	0x1ef6	; 0x1ef6 <__mulsf3>
    38b0:	dc 01       	movw	r26, r24
    38b2:	cb 01       	movw	r24, r22
    38b4:	bc 01       	movw	r22, r24
    38b6:	cd 01       	movw	r24, r26
    38b8:	0e 94 c0 00 	call	0x180	; 0x180 <__fixunssfsi>
    38bc:	dc 01       	movw	r26, r24
    38be:	cb 01       	movw	r24, r22
    38c0:	9e 83       	std	Y+6, r25	; 0x06
    38c2:	8d 83       	std	Y+5, r24	; 0x05
    38c4:	0f c0       	rjmp	.+30     	; 0x38e4 <CLCD_voidInit+0x4e4>
    38c6:	88 ec       	ldi	r24, 0xC8	; 200
    38c8:	90 e0       	ldi	r25, 0x00	; 0
    38ca:	9c 83       	std	Y+4, r25	; 0x04
    38cc:	8b 83       	std	Y+3, r24	; 0x03
    38ce:	8b 81       	ldd	r24, Y+3	; 0x03
    38d0:	9c 81       	ldd	r25, Y+4	; 0x04
    38d2:	01 97       	sbiw	r24, 0x01	; 1
    38d4:	f1 f7       	brne	.-4      	; 0x38d2 <CLCD_voidInit+0x4d2>
    38d6:	9c 83       	std	Y+4, r25	; 0x04
    38d8:	8b 83       	std	Y+3, r24	; 0x03
		while(__ticks)
		{
			// wait 1/10 ms
			_delay_loop_2(((F_CPU) / 4e3) / 10);
			__ticks --;
    38da:	8d 81       	ldd	r24, Y+5	; 0x05
    38dc:	9e 81       	ldd	r25, Y+6	; 0x06
    38de:	01 97       	sbiw	r24, 0x01	; 1
    38e0:	9e 83       	std	Y+6, r25	; 0x06
    38e2:	8d 83       	std	Y+5, r24	; 0x05
		__ticks = 1;
	else if (__tmp > 65535)
	{
		//	__ticks = requested delay in 1/10 ms
		__ticks = (uint16_t) (__ms * 10.0);
		while(__ticks)
    38e4:	8d 81       	ldd	r24, Y+5	; 0x05
    38e6:	9e 81       	ldd	r25, Y+6	; 0x06
    38e8:	00 97       	sbiw	r24, 0x00	; 0
    38ea:	69 f7       	brne	.-38     	; 0x38c6 <CLCD_voidInit+0x4c6>
    38ec:	14 c0       	rjmp	.+40     	; 0x3916 <CLCD_voidInit+0x516>
			__ticks --;
		}
		return;
	}
	else
		__ticks = (uint16_t)__tmp;
    38ee:	6f 81       	ldd	r22, Y+7	; 0x07
    38f0:	78 85       	ldd	r23, Y+8	; 0x08
    38f2:	89 85       	ldd	r24, Y+9	; 0x09
    38f4:	9a 85       	ldd	r25, Y+10	; 0x0a
    38f6:	0e 94 c0 00 	call	0x180	; 0x180 <__fixunssfsi>
    38fa:	dc 01       	movw	r26, r24
    38fc:	cb 01       	movw	r24, r22
    38fe:	9e 83       	std	Y+6, r25	; 0x06
    3900:	8d 83       	std	Y+5, r24	; 0x05
    3902:	8d 81       	ldd	r24, Y+5	; 0x05
    3904:	9e 81       	ldd	r25, Y+6	; 0x06
    3906:	9a 83       	std	Y+2, r25	; 0x02
    3908:	89 83       	std	Y+1, r24	; 0x01
    390a:	89 81       	ldd	r24, Y+1	; 0x01
    390c:	9a 81       	ldd	r25, Y+2	; 0x02
    390e:	01 97       	sbiw	r24, 0x01	; 1
    3910:	f1 f7       	brne	.-4      	; 0x390e <CLCD_voidInit+0x50e>
    3912:	9a 83       	std	Y+2, r25	; 0x02
    3914:	89 83       	std	Y+1, r24	; 0x01
	#endif




}
    3916:	ca 5b       	subi	r28, 0xBA	; 186
    3918:	df 4f       	sbci	r29, 0xFF	; 255
    391a:	0f b6       	in	r0, 0x3f	; 63
    391c:	f8 94       	cli
    391e:	de bf       	out	0x3e, r29	; 62
    3920:	0f be       	out	0x3f, r0	; 63
    3922:	cd bf       	out	0x3d, r28	; 61
    3924:	cf 91       	pop	r28
    3926:	df 91       	pop	r29
    3928:	1f 91       	pop	r17
    392a:	0f 91       	pop	r16
    392c:	08 95       	ret

0000392e <CLCD_voidSendData>:
* Breif : This Function send data to the port which is defined in config.h
* Parameters :
            => Copy_u8Data --> Data that you want to display (for every pixel )
* return : nothing
*/
void CLCD_voidSendData    ( u8 Copy_u8Data ){
    392e:	df 93       	push	r29
    3930:	cf 93       	push	r28
    3932:	cd b7       	in	r28, 0x3d	; 61
    3934:	de b7       	in	r29, 0x3e	; 62
    3936:	2f 97       	sbiw	r28, 0x0f	; 15
    3938:	0f b6       	in	r0, 0x3f	; 63
    393a:	f8 94       	cli
    393c:	de bf       	out	0x3e, r29	; 62
    393e:	0f be       	out	0x3f, r0	; 63
    3940:	cd bf       	out	0x3d, r28	; 61
    3942:	8f 87       	std	Y+15, r24	; 0x0f
	CLCD_voidSendFallingEdge();

	//<<<<<<<<<<<<<<<<<<<<<<<<<<<<<<      4 Bits Mode       >>>>>>>>>>>>>>>>>>>>>>>>>>>>>>>>>
	#elif   CLCD_MODE == 4

	DIO_enumSetPinValue  ( CLCD_CONTROL_PORT , CLCD_RS , DIO_PIN_HIGH );
    3944:	81 e0       	ldi	r24, 0x01	; 1
    3946:	61 e0       	ldi	r22, 0x01	; 1
    3948:	41 e0       	ldi	r20, 0x01	; 1
    394a:	0e 94 0e 14 	call	0x281c	; 0x281c <DIO_enumSetPinValue>
	DIO_enumSetPinValue  ( CLCD_CONTROL_PORT , CLCD_RW , DIO_PIN_LOW  );
    394e:	81 e0       	ldi	r24, 0x01	; 1
    3950:	62 e0       	ldi	r22, 0x02	; 2
    3952:	40 e0       	ldi	r20, 0x00	; 0
    3954:	0e 94 0e 14 	call	0x281c	; 0x281c <DIO_enumSetPinValue>
	DIO_voidWriteHighNibbles (CLCD_DATA_PORT ,(Copy_u8Data>>4));            // send the most 4 bits of data to high nibbles
    3958:	8f 85       	ldd	r24, Y+15	; 0x0f
    395a:	98 2f       	mov	r25, r24
    395c:	92 95       	swap	r25
    395e:	9f 70       	andi	r25, 0x0F	; 15
    3960:	80 e0       	ldi	r24, 0x00	; 0
    3962:	69 2f       	mov	r22, r25
    3964:	0e 94 09 19 	call	0x3212	; 0x3212 <DIO_voidWriteHighNibbles>
	CLCD_voidSendFallingEdge();
    3968:	0e 94 69 23 	call	0x46d2	; 0x46d2 <CLCD_voidSendFallingEdge>
	DIO_voidWriteHighNibbles (CLCD_DATA_PORT ,Copy_u8Data);               // send the least 4 bits of data to high nibbles
    396c:	80 e0       	ldi	r24, 0x00	; 0
    396e:	6f 85       	ldd	r22, Y+15	; 0x0f
    3970:	0e 94 09 19 	call	0x3212	; 0x3212 <DIO_voidWriteHighNibbles>
	CLCD_voidSendFallingEdge();
    3974:	0e 94 69 23 	call	0x46d2	; 0x46d2 <CLCD_voidSendFallingEdge>
    3978:	80 e0       	ldi	r24, 0x00	; 0
    397a:	90 e0       	ldi	r25, 0x00	; 0
    397c:	a0 e8       	ldi	r26, 0x80	; 128
    397e:	bf e3       	ldi	r27, 0x3F	; 63
    3980:	8b 87       	std	Y+11, r24	; 0x0b
    3982:	9c 87       	std	Y+12, r25	; 0x0c
    3984:	ad 87       	std	Y+13, r26	; 0x0d
    3986:	be 87       	std	Y+14, r27	; 0x0e
 */
void
_delay_ms(double __ms)
{
	uint16_t __ticks;
	double __tmp = ((F_CPU) / 4e3) * __ms;
    3988:	6b 85       	ldd	r22, Y+11	; 0x0b
    398a:	7c 85       	ldd	r23, Y+12	; 0x0c
    398c:	8d 85       	ldd	r24, Y+13	; 0x0d
    398e:	9e 85       	ldd	r25, Y+14	; 0x0e
    3990:	20 e0       	ldi	r18, 0x00	; 0
    3992:	30 e0       	ldi	r19, 0x00	; 0
    3994:	4a ef       	ldi	r20, 0xFA	; 250
    3996:	54 e4       	ldi	r21, 0x44	; 68
    3998:	0e 94 7b 0f 	call	0x1ef6	; 0x1ef6 <__mulsf3>
    399c:	dc 01       	movw	r26, r24
    399e:	cb 01       	movw	r24, r22
    39a0:	8f 83       	std	Y+7, r24	; 0x07
    39a2:	98 87       	std	Y+8, r25	; 0x08
    39a4:	a9 87       	std	Y+9, r26	; 0x09
    39a6:	ba 87       	std	Y+10, r27	; 0x0a
	if (__tmp < 1.0)
    39a8:	6f 81       	ldd	r22, Y+7	; 0x07
    39aa:	78 85       	ldd	r23, Y+8	; 0x08
    39ac:	89 85       	ldd	r24, Y+9	; 0x09
    39ae:	9a 85       	ldd	r25, Y+10	; 0x0a
    39b0:	20 e0       	ldi	r18, 0x00	; 0
    39b2:	30 e0       	ldi	r19, 0x00	; 0
    39b4:	40 e8       	ldi	r20, 0x80	; 128
    39b6:	5f e3       	ldi	r21, 0x3F	; 63
    39b8:	0e 94 d5 10 	call	0x21aa	; 0x21aa <__ltsf2>
    39bc:	88 23       	and	r24, r24
    39be:	2c f4       	brge	.+10     	; 0x39ca <CLCD_voidSendData+0x9c>
		__ticks = 1;
    39c0:	81 e0       	ldi	r24, 0x01	; 1
    39c2:	90 e0       	ldi	r25, 0x00	; 0
    39c4:	9e 83       	std	Y+6, r25	; 0x06
    39c6:	8d 83       	std	Y+5, r24	; 0x05
    39c8:	3f c0       	rjmp	.+126    	; 0x3a48 <CLCD_voidSendData+0x11a>
	else if (__tmp > 65535)
    39ca:	6f 81       	ldd	r22, Y+7	; 0x07
    39cc:	78 85       	ldd	r23, Y+8	; 0x08
    39ce:	89 85       	ldd	r24, Y+9	; 0x09
    39d0:	9a 85       	ldd	r25, Y+10	; 0x0a
    39d2:	20 e0       	ldi	r18, 0x00	; 0
    39d4:	3f ef       	ldi	r19, 0xFF	; 255
    39d6:	4f e7       	ldi	r20, 0x7F	; 127
    39d8:	57 e4       	ldi	r21, 0x47	; 71
    39da:	0e 94 75 10 	call	0x20ea	; 0x20ea <__gtsf2>
    39de:	18 16       	cp	r1, r24
    39e0:	4c f5       	brge	.+82     	; 0x3a34 <CLCD_voidSendData+0x106>
	{
		//	__ticks = requested delay in 1/10 ms
		__ticks = (uint16_t) (__ms * 10.0);
    39e2:	6b 85       	ldd	r22, Y+11	; 0x0b
    39e4:	7c 85       	ldd	r23, Y+12	; 0x0c
    39e6:	8d 85       	ldd	r24, Y+13	; 0x0d
    39e8:	9e 85       	ldd	r25, Y+14	; 0x0e
    39ea:	20 e0       	ldi	r18, 0x00	; 0
    39ec:	30 e0       	ldi	r19, 0x00	; 0
    39ee:	40 e2       	ldi	r20, 0x20	; 32
    39f0:	51 e4       	ldi	r21, 0x41	; 65
    39f2:	0e 94 7b 0f 	call	0x1ef6	; 0x1ef6 <__mulsf3>
    39f6:	dc 01       	movw	r26, r24
    39f8:	cb 01       	movw	r24, r22
    39fa:	bc 01       	movw	r22, r24
    39fc:	cd 01       	movw	r24, r26
    39fe:	0e 94 c0 00 	call	0x180	; 0x180 <__fixunssfsi>
    3a02:	dc 01       	movw	r26, r24
    3a04:	cb 01       	movw	r24, r22
    3a06:	9e 83       	std	Y+6, r25	; 0x06
    3a08:	8d 83       	std	Y+5, r24	; 0x05
    3a0a:	0f c0       	rjmp	.+30     	; 0x3a2a <CLCD_voidSendData+0xfc>
    3a0c:	88 ec       	ldi	r24, 0xC8	; 200
    3a0e:	90 e0       	ldi	r25, 0x00	; 0
    3a10:	9c 83       	std	Y+4, r25	; 0x04
    3a12:	8b 83       	std	Y+3, r24	; 0x03
    3a14:	8b 81       	ldd	r24, Y+3	; 0x03
    3a16:	9c 81       	ldd	r25, Y+4	; 0x04
    3a18:	01 97       	sbiw	r24, 0x01	; 1
    3a1a:	f1 f7       	brne	.-4      	; 0x3a18 <CLCD_voidSendData+0xea>
    3a1c:	9c 83       	std	Y+4, r25	; 0x04
    3a1e:	8b 83       	std	Y+3, r24	; 0x03
		while(__ticks)
		{
			// wait 1/10 ms
			_delay_loop_2(((F_CPU) / 4e3) / 10);
			__ticks --;
    3a20:	8d 81       	ldd	r24, Y+5	; 0x05
    3a22:	9e 81       	ldd	r25, Y+6	; 0x06
    3a24:	01 97       	sbiw	r24, 0x01	; 1
    3a26:	9e 83       	std	Y+6, r25	; 0x06
    3a28:	8d 83       	std	Y+5, r24	; 0x05
		__ticks = 1;
	else if (__tmp > 65535)
	{
		//	__ticks = requested delay in 1/10 ms
		__ticks = (uint16_t) (__ms * 10.0);
		while(__ticks)
    3a2a:	8d 81       	ldd	r24, Y+5	; 0x05
    3a2c:	9e 81       	ldd	r25, Y+6	; 0x06
    3a2e:	00 97       	sbiw	r24, 0x00	; 0
    3a30:	69 f7       	brne	.-38     	; 0x3a0c <CLCD_voidSendData+0xde>
    3a32:	14 c0       	rjmp	.+40     	; 0x3a5c <CLCD_voidSendData+0x12e>
			__ticks --;
		}
		return;
	}
	else
		__ticks = (uint16_t)__tmp;
    3a34:	6f 81       	ldd	r22, Y+7	; 0x07
    3a36:	78 85       	ldd	r23, Y+8	; 0x08
    3a38:	89 85       	ldd	r24, Y+9	; 0x09
    3a3a:	9a 85       	ldd	r25, Y+10	; 0x0a
    3a3c:	0e 94 c0 00 	call	0x180	; 0x180 <__fixunssfsi>
    3a40:	dc 01       	movw	r26, r24
    3a42:	cb 01       	movw	r24, r22
    3a44:	9e 83       	std	Y+6, r25	; 0x06
    3a46:	8d 83       	std	Y+5, r24	; 0x05
    3a48:	8d 81       	ldd	r24, Y+5	; 0x05
    3a4a:	9e 81       	ldd	r25, Y+6	; 0x06
    3a4c:	9a 83       	std	Y+2, r25	; 0x02
    3a4e:	89 83       	std	Y+1, r24	; 0x01
    3a50:	89 81       	ldd	r24, Y+1	; 0x01
    3a52:	9a 81       	ldd	r25, Y+2	; 0x02
    3a54:	01 97       	sbiw	r24, 0x01	; 1
    3a56:	f1 f7       	brne	.-4      	; 0x3a54 <CLCD_voidSendData+0x126>
    3a58:	9a 83       	std	Y+2, r25	; 0x02
    3a5a:	89 83       	std	Y+1, r24	; 0x01

	#endif

	_delay_ms(1);

}
    3a5c:	2f 96       	adiw	r28, 0x0f	; 15
    3a5e:	0f b6       	in	r0, 0x3f	; 63
    3a60:	f8 94       	cli
    3a62:	de bf       	out	0x3e, r29	; 62
    3a64:	0f be       	out	0x3f, r0	; 63
    3a66:	cd bf       	out	0x3d, r28	; 61
    3a68:	cf 91       	pop	r28
    3a6a:	df 91       	pop	r29
    3a6c:	08 95       	ret

00003a6e <CLCD_voidSendCommand>:
* Parameters :
            => Copy_u8Command --> Command number
* return : nothing
*Hint : RS pin Mode is the difference between this function and the previous (CLCD_voidSendData)
*/
void CLCD_voidSendCommand ( u8 Copy_u8Command ){
    3a6e:	df 93       	push	r29
    3a70:	cf 93       	push	r28
    3a72:	cd b7       	in	r28, 0x3d	; 61
    3a74:	de b7       	in	r29, 0x3e	; 62
    3a76:	2f 97       	sbiw	r28, 0x0f	; 15
    3a78:	0f b6       	in	r0, 0x3f	; 63
    3a7a:	f8 94       	cli
    3a7c:	de bf       	out	0x3e, r29	; 62
    3a7e:	0f be       	out	0x3f, r0	; 63
    3a80:	cd bf       	out	0x3d, r28	; 61
    3a82:	8f 87       	std	Y+15, r24	; 0x0f
	CLCD_voidSendFallingEdge();

	//<<<<<<<<<<<<<<<<<<<<<<<<<<<<<<      4 Bits Mode       >>>>>>>>>>>>>>>>>>>>>>>>>>>>>>>>>
	#elif   CLCD_MODE == 4

	DIO_enumSetPinValue  ( CLCD_CONTROL_PORT , CLCD_RS , DIO_PIN_LOW  );
    3a84:	81 e0       	ldi	r24, 0x01	; 1
    3a86:	61 e0       	ldi	r22, 0x01	; 1
    3a88:	40 e0       	ldi	r20, 0x00	; 0
    3a8a:	0e 94 0e 14 	call	0x281c	; 0x281c <DIO_enumSetPinValue>
	DIO_enumSetPinValue  ( CLCD_CONTROL_PORT , CLCD_RW , DIO_PIN_LOW  );
    3a8e:	81 e0       	ldi	r24, 0x01	; 1
    3a90:	62 e0       	ldi	r22, 0x02	; 2
    3a92:	40 e0       	ldi	r20, 0x00	; 0
    3a94:	0e 94 0e 14 	call	0x281c	; 0x281c <DIO_enumSetPinValue>
	DIO_voidWriteHighNibbles (CLCD_DATA_PORT ,Copy_u8Command>>4);             // send the most 4 bits of data to high nibbles
    3a98:	8f 85       	ldd	r24, Y+15	; 0x0f
    3a9a:	98 2f       	mov	r25, r24
    3a9c:	92 95       	swap	r25
    3a9e:	9f 70       	andi	r25, 0x0F	; 15
    3aa0:	80 e0       	ldi	r24, 0x00	; 0
    3aa2:	69 2f       	mov	r22, r25
    3aa4:	0e 94 09 19 	call	0x3212	; 0x3212 <DIO_voidWriteHighNibbles>
	CLCD_voidSendFallingEdge();
    3aa8:	0e 94 69 23 	call	0x46d2	; 0x46d2 <CLCD_voidSendFallingEdge>
	DIO_voidWriteHighNibbles (CLCD_DATA_PORT ,Copy_u8Command);                // send the least 4 bits of data to high nibbles
    3aac:	80 e0       	ldi	r24, 0x00	; 0
    3aae:	6f 85       	ldd	r22, Y+15	; 0x0f
    3ab0:	0e 94 09 19 	call	0x3212	; 0x3212 <DIO_voidWriteHighNibbles>
	CLCD_voidSendFallingEdge();
    3ab4:	0e 94 69 23 	call	0x46d2	; 0x46d2 <CLCD_voidSendFallingEdge>
    3ab8:	80 e0       	ldi	r24, 0x00	; 0
    3aba:	90 e0       	ldi	r25, 0x00	; 0
    3abc:	a0 e8       	ldi	r26, 0x80	; 128
    3abe:	bf e3       	ldi	r27, 0x3F	; 63
    3ac0:	8b 87       	std	Y+11, r24	; 0x0b
    3ac2:	9c 87       	std	Y+12, r25	; 0x0c
    3ac4:	ad 87       	std	Y+13, r26	; 0x0d
    3ac6:	be 87       	std	Y+14, r27	; 0x0e
 */
void
_delay_ms(double __ms)
{
	uint16_t __ticks;
	double __tmp = ((F_CPU) / 4e3) * __ms;
    3ac8:	6b 85       	ldd	r22, Y+11	; 0x0b
    3aca:	7c 85       	ldd	r23, Y+12	; 0x0c
    3acc:	8d 85       	ldd	r24, Y+13	; 0x0d
    3ace:	9e 85       	ldd	r25, Y+14	; 0x0e
    3ad0:	20 e0       	ldi	r18, 0x00	; 0
    3ad2:	30 e0       	ldi	r19, 0x00	; 0
    3ad4:	4a ef       	ldi	r20, 0xFA	; 250
    3ad6:	54 e4       	ldi	r21, 0x44	; 68
    3ad8:	0e 94 7b 0f 	call	0x1ef6	; 0x1ef6 <__mulsf3>
    3adc:	dc 01       	movw	r26, r24
    3ade:	cb 01       	movw	r24, r22
    3ae0:	8f 83       	std	Y+7, r24	; 0x07
    3ae2:	98 87       	std	Y+8, r25	; 0x08
    3ae4:	a9 87       	std	Y+9, r26	; 0x09
    3ae6:	ba 87       	std	Y+10, r27	; 0x0a
	if (__tmp < 1.0)
    3ae8:	6f 81       	ldd	r22, Y+7	; 0x07
    3aea:	78 85       	ldd	r23, Y+8	; 0x08
    3aec:	89 85       	ldd	r24, Y+9	; 0x09
    3aee:	9a 85       	ldd	r25, Y+10	; 0x0a
    3af0:	20 e0       	ldi	r18, 0x00	; 0
    3af2:	30 e0       	ldi	r19, 0x00	; 0
    3af4:	40 e8       	ldi	r20, 0x80	; 128
    3af6:	5f e3       	ldi	r21, 0x3F	; 63
    3af8:	0e 94 d5 10 	call	0x21aa	; 0x21aa <__ltsf2>
    3afc:	88 23       	and	r24, r24
    3afe:	2c f4       	brge	.+10     	; 0x3b0a <CLCD_voidSendCommand+0x9c>
		__ticks = 1;
    3b00:	81 e0       	ldi	r24, 0x01	; 1
    3b02:	90 e0       	ldi	r25, 0x00	; 0
    3b04:	9e 83       	std	Y+6, r25	; 0x06
    3b06:	8d 83       	std	Y+5, r24	; 0x05
    3b08:	3f c0       	rjmp	.+126    	; 0x3b88 <CLCD_voidSendCommand+0x11a>
	else if (__tmp > 65535)
    3b0a:	6f 81       	ldd	r22, Y+7	; 0x07
    3b0c:	78 85       	ldd	r23, Y+8	; 0x08
    3b0e:	89 85       	ldd	r24, Y+9	; 0x09
    3b10:	9a 85       	ldd	r25, Y+10	; 0x0a
    3b12:	20 e0       	ldi	r18, 0x00	; 0
    3b14:	3f ef       	ldi	r19, 0xFF	; 255
    3b16:	4f e7       	ldi	r20, 0x7F	; 127
    3b18:	57 e4       	ldi	r21, 0x47	; 71
    3b1a:	0e 94 75 10 	call	0x20ea	; 0x20ea <__gtsf2>
    3b1e:	18 16       	cp	r1, r24
    3b20:	4c f5       	brge	.+82     	; 0x3b74 <CLCD_voidSendCommand+0x106>
	{
		//	__ticks = requested delay in 1/10 ms
		__ticks = (uint16_t) (__ms * 10.0);
    3b22:	6b 85       	ldd	r22, Y+11	; 0x0b
    3b24:	7c 85       	ldd	r23, Y+12	; 0x0c
    3b26:	8d 85       	ldd	r24, Y+13	; 0x0d
    3b28:	9e 85       	ldd	r25, Y+14	; 0x0e
    3b2a:	20 e0       	ldi	r18, 0x00	; 0
    3b2c:	30 e0       	ldi	r19, 0x00	; 0
    3b2e:	40 e2       	ldi	r20, 0x20	; 32
    3b30:	51 e4       	ldi	r21, 0x41	; 65
    3b32:	0e 94 7b 0f 	call	0x1ef6	; 0x1ef6 <__mulsf3>
    3b36:	dc 01       	movw	r26, r24
    3b38:	cb 01       	movw	r24, r22
    3b3a:	bc 01       	movw	r22, r24
    3b3c:	cd 01       	movw	r24, r26
    3b3e:	0e 94 c0 00 	call	0x180	; 0x180 <__fixunssfsi>
    3b42:	dc 01       	movw	r26, r24
    3b44:	cb 01       	movw	r24, r22
    3b46:	9e 83       	std	Y+6, r25	; 0x06
    3b48:	8d 83       	std	Y+5, r24	; 0x05
    3b4a:	0f c0       	rjmp	.+30     	; 0x3b6a <CLCD_voidSendCommand+0xfc>
    3b4c:	88 ec       	ldi	r24, 0xC8	; 200
    3b4e:	90 e0       	ldi	r25, 0x00	; 0
    3b50:	9c 83       	std	Y+4, r25	; 0x04
    3b52:	8b 83       	std	Y+3, r24	; 0x03
    3b54:	8b 81       	ldd	r24, Y+3	; 0x03
    3b56:	9c 81       	ldd	r25, Y+4	; 0x04
    3b58:	01 97       	sbiw	r24, 0x01	; 1
    3b5a:	f1 f7       	brne	.-4      	; 0x3b58 <CLCD_voidSendCommand+0xea>
    3b5c:	9c 83       	std	Y+4, r25	; 0x04
    3b5e:	8b 83       	std	Y+3, r24	; 0x03
		while(__ticks)
		{
			// wait 1/10 ms
			_delay_loop_2(((F_CPU) / 4e3) / 10);
			__ticks --;
    3b60:	8d 81       	ldd	r24, Y+5	; 0x05
    3b62:	9e 81       	ldd	r25, Y+6	; 0x06
    3b64:	01 97       	sbiw	r24, 0x01	; 1
    3b66:	9e 83       	std	Y+6, r25	; 0x06
    3b68:	8d 83       	std	Y+5, r24	; 0x05
		__ticks = 1;
	else if (__tmp > 65535)
	{
		//	__ticks = requested delay in 1/10 ms
		__ticks = (uint16_t) (__ms * 10.0);
		while(__ticks)
    3b6a:	8d 81       	ldd	r24, Y+5	; 0x05
    3b6c:	9e 81       	ldd	r25, Y+6	; 0x06
    3b6e:	00 97       	sbiw	r24, 0x00	; 0
    3b70:	69 f7       	brne	.-38     	; 0x3b4c <CLCD_voidSendCommand+0xde>
    3b72:	14 c0       	rjmp	.+40     	; 0x3b9c <CLCD_voidSendCommand+0x12e>
			__ticks --;
		}
		return;
	}
	else
		__ticks = (uint16_t)__tmp;
    3b74:	6f 81       	ldd	r22, Y+7	; 0x07
    3b76:	78 85       	ldd	r23, Y+8	; 0x08
    3b78:	89 85       	ldd	r24, Y+9	; 0x09
    3b7a:	9a 85       	ldd	r25, Y+10	; 0x0a
    3b7c:	0e 94 c0 00 	call	0x180	; 0x180 <__fixunssfsi>
    3b80:	dc 01       	movw	r26, r24
    3b82:	cb 01       	movw	r24, r22
    3b84:	9e 83       	std	Y+6, r25	; 0x06
    3b86:	8d 83       	std	Y+5, r24	; 0x05
    3b88:	8d 81       	ldd	r24, Y+5	; 0x05
    3b8a:	9e 81       	ldd	r25, Y+6	; 0x06
    3b8c:	9a 83       	std	Y+2, r25	; 0x02
    3b8e:	89 83       	std	Y+1, r24	; 0x01
    3b90:	89 81       	ldd	r24, Y+1	; 0x01
    3b92:	9a 81       	ldd	r25, Y+2	; 0x02
    3b94:	01 97       	sbiw	r24, 0x01	; 1
    3b96:	f1 f7       	brne	.-4      	; 0x3b94 <CLCD_voidSendCommand+0x126>
    3b98:	9a 83       	std	Y+2, r25	; 0x02
    3b9a:	89 83       	std	Y+1, r24	; 0x01

	#endif

	_delay_ms(1);

}
    3b9c:	2f 96       	adiw	r28, 0x0f	; 15
    3b9e:	0f b6       	in	r0, 0x3f	; 63
    3ba0:	f8 94       	cli
    3ba2:	de bf       	out	0x3e, r29	; 62
    3ba4:	0f be       	out	0x3f, r0	; 63
    3ba6:	cd bf       	out	0x3d, r28	; 61
    3ba8:	cf 91       	pop	r28
    3baa:	df 91       	pop	r29
    3bac:	08 95       	ret

00003bae <CLCD_voidSendString>:
* Breif : This Function send string to the port which is defined in config.h
* Parameters :
            => * Copy_u8ptrString  --> Pointer to the string
* return : nothing
*/
void CLCD_voidSendString  ( const u8 * Copy_u8ptrString ){
    3bae:	df 93       	push	r29
    3bb0:	cf 93       	push	r28
    3bb2:	00 d0       	rcall	.+0      	; 0x3bb4 <CLCD_voidSendString+0x6>
    3bb4:	0f 92       	push	r0
    3bb6:	cd b7       	in	r28, 0x3d	; 61
    3bb8:	de b7       	in	r29, 0x3e	; 62
    3bba:	9b 83       	std	Y+3, r25	; 0x03
    3bbc:	8a 83       	std	Y+2, r24	; 0x02

	u8 LOC_u8Iterator = 0 ;
    3bbe:	19 82       	std	Y+1, r1	; 0x01
    3bc0:	0e c0       	rjmp	.+28     	; 0x3bde <CLCD_voidSendString+0x30>

	while( Copy_u8ptrString[LOC_u8Iterator] != '\0' ){

		CLCD_voidSendData( Copy_u8ptrString[LOC_u8Iterator] );
    3bc2:	89 81       	ldd	r24, Y+1	; 0x01
    3bc4:	28 2f       	mov	r18, r24
    3bc6:	30 e0       	ldi	r19, 0x00	; 0
    3bc8:	8a 81       	ldd	r24, Y+2	; 0x02
    3bca:	9b 81       	ldd	r25, Y+3	; 0x03
    3bcc:	fc 01       	movw	r30, r24
    3bce:	e2 0f       	add	r30, r18
    3bd0:	f3 1f       	adc	r31, r19
    3bd2:	80 81       	ld	r24, Z
    3bd4:	0e 94 97 1c 	call	0x392e	; 0x392e <CLCD_voidSendData>
		LOC_u8Iterator++ ;
    3bd8:	89 81       	ldd	r24, Y+1	; 0x01
    3bda:	8f 5f       	subi	r24, 0xFF	; 255
    3bdc:	89 83       	std	Y+1, r24	; 0x01
*/
void CLCD_voidSendString  ( const u8 * Copy_u8ptrString ){

	u8 LOC_u8Iterator = 0 ;

	while( Copy_u8ptrString[LOC_u8Iterator] != '\0' ){
    3bde:	89 81       	ldd	r24, Y+1	; 0x01
    3be0:	28 2f       	mov	r18, r24
    3be2:	30 e0       	ldi	r19, 0x00	; 0
    3be4:	8a 81       	ldd	r24, Y+2	; 0x02
    3be6:	9b 81       	ldd	r25, Y+3	; 0x03
    3be8:	fc 01       	movw	r30, r24
    3bea:	e2 0f       	add	r30, r18
    3bec:	f3 1f       	adc	r31, r19
    3bee:	80 81       	ld	r24, Z
    3bf0:	88 23       	and	r24, r24
    3bf2:	39 f7       	brne	.-50     	; 0x3bc2 <CLCD_voidSendString+0x14>
		CLCD_voidSendData( Copy_u8ptrString[LOC_u8Iterator] );
		LOC_u8Iterator++ ;

	}

}
    3bf4:	0f 90       	pop	r0
    3bf6:	0f 90       	pop	r0
    3bf8:	0f 90       	pop	r0
    3bfa:	cf 91       	pop	r28
    3bfc:	df 91       	pop	r29
    3bfe:	08 95       	ret

00003c00 <CLCD_voidSendNumber>:
* Breif : This Function send number to the port which is defined in config.h
* Parameters :
            => Copy_u64Number --> number that you want to display
* return : nothing
*/
void CLCD_voidSendNumber   ( u64 Copy_u64Number    ){
    3c00:	af 92       	push	r10
    3c02:	bf 92       	push	r11
    3c04:	cf 92       	push	r12
    3c06:	df 92       	push	r13
    3c08:	ef 92       	push	r14
    3c0a:	ff 92       	push	r15
    3c0c:	0f 93       	push	r16
    3c0e:	1f 93       	push	r17
    3c10:	df 93       	push	r29
    3c12:	cf 93       	push	r28
    3c14:	cd b7       	in	r28, 0x3d	; 61
    3c16:	de b7       	in	r29, 0x3e	; 62
    3c18:	c6 56       	subi	r28, 0x66	; 102
    3c1a:	d0 40       	sbci	r29, 0x00	; 0
    3c1c:	0f b6       	in	r0, 0x3f	; 63
    3c1e:	f8 94       	cli
    3c20:	de bf       	out	0x3e, r29	; 62
    3c22:	0f be       	out	0x3f, r0	; 63
    3c24:	cd bf       	out	0x3d, r28	; 61
    3c26:	29 87       	std	Y+9, r18	; 0x09
    3c28:	3a 87       	std	Y+10, r19	; 0x0a
    3c2a:	4b 87       	std	Y+11, r20	; 0x0b
    3c2c:	5c 87       	std	Y+12, r21	; 0x0c
    3c2e:	6d 87       	std	Y+13, r22	; 0x0d
    3c30:	7e 87       	std	Y+14, r23	; 0x0e
    3c32:	8f 87       	std	Y+15, r24	; 0x0f
    3c34:	98 8b       	std	Y+16, r25	; 0x10

	u64 LOC_u64Reversed = 1 ;
    3c36:	81 e0       	ldi	r24, 0x01	; 1
    3c38:	89 83       	std	Y+1, r24	; 0x01
    3c3a:	1a 82       	std	Y+2, r1	; 0x02
    3c3c:	1b 82       	std	Y+3, r1	; 0x03
    3c3e:	1c 82       	std	Y+4, r1	; 0x04
    3c40:	1d 82       	std	Y+5, r1	; 0x05
    3c42:	1e 82       	std	Y+6, r1	; 0x06
    3c44:	1f 82       	std	Y+7, r1	; 0x07
    3c46:	18 86       	std	Y+8, r1	; 0x08

	if( Copy_u64Number == 0 ){ CLCD_voidSendData('0'); }
    3c48:	89 85       	ldd	r24, Y+9	; 0x09
    3c4a:	9a 85       	ldd	r25, Y+10	; 0x0a
    3c4c:	89 2b       	or	r24, r25
    3c4e:	9b 85       	ldd	r25, Y+11	; 0x0b
    3c50:	89 2b       	or	r24, r25
    3c52:	9c 85       	ldd	r25, Y+12	; 0x0c
    3c54:	89 2b       	or	r24, r25
    3c56:	9d 85       	ldd	r25, Y+13	; 0x0d
    3c58:	89 2b       	or	r24, r25
    3c5a:	9e 85       	ldd	r25, Y+14	; 0x0e
    3c5c:	89 2b       	or	r24, r25
    3c5e:	9f 85       	ldd	r25, Y+15	; 0x0f
    3c60:	89 2b       	or	r24, r25
    3c62:	98 89       	ldd	r25, Y+16	; 0x10
    3c64:	89 2b       	or	r24, r25
    3c66:	88 23       	and	r24, r24
    3c68:	09 f0       	breq	.+2      	; 0x3c6c <CLCD_voidSendNumber+0x6c>
    3c6a:	62 c3       	rjmp	.+1732   	; 0x4330 <CLCD_voidSendNumber+0x730>
    3c6c:	80 e3       	ldi	r24, 0x30	; 48
    3c6e:	0e 94 97 1c 	call	0x392e	; 0x392e <CLCD_voidSendData>
    3c72:	ef c3       	rjmp	.+2014   	; 0x4452 <CLCD_voidSendNumber+0x852>

	else{

		while( Copy_u64Number != 0 ){

			LOC_u64Reversed = ( LOC_u64Reversed * 10 ) + ( Copy_u64Number % 10 );
    3c74:	29 81       	ldd	r18, Y+1	; 0x01
    3c76:	3a 81       	ldd	r19, Y+2	; 0x02
    3c78:	4b 81       	ldd	r20, Y+3	; 0x03
    3c7a:	5c 81       	ldd	r21, Y+4	; 0x04
    3c7c:	6d 81       	ldd	r22, Y+5	; 0x05
    3c7e:	7e 81       	ldd	r23, Y+6	; 0x06
    3c80:	8f 81       	ldd	r24, Y+7	; 0x07
    3c82:	98 85       	ldd	r25, Y+8	; 0x08
    3c84:	a2 2e       	mov	r10, r18
    3c86:	b3 2e       	mov	r11, r19
    3c88:	c4 2e       	mov	r12, r20
    3c8a:	d5 2e       	mov	r13, r21
    3c8c:	e6 2e       	mov	r14, r22
    3c8e:	f7 2e       	mov	r15, r23
    3c90:	08 2f       	mov	r16, r24
    3c92:	19 2f       	mov	r17, r25
    3c94:	2a 2d       	mov	r18, r10
    3c96:	3b 2d       	mov	r19, r11
    3c98:	4c 2d       	mov	r20, r12
    3c9a:	5d 2d       	mov	r21, r13
    3c9c:	6e 2d       	mov	r22, r14
    3c9e:	7f 2d       	mov	r23, r15
    3ca0:	80 2f       	mov	r24, r16
    3ca2:	91 2f       	mov	r25, r17
    3ca4:	01 e0       	ldi	r16, 0x01	; 1
    3ca6:	0e 94 41 00 	call	0x82	; 0x82 <__ashldi3>
    3caa:	29 a3       	std	Y+33, r18	; 0x21
    3cac:	3a a3       	std	Y+34, r19	; 0x22
    3cae:	4b a3       	std	Y+35, r20	; 0x23
    3cb0:	5c a3       	std	Y+36, r21	; 0x24
    3cb2:	6d a3       	std	Y+37, r22	; 0x25
    3cb4:	7e a3       	std	Y+38, r23	; 0x26
    3cb6:	8f a3       	std	Y+39, r24	; 0x27
    3cb8:	98 a7       	std	Y+40, r25	; 0x28
    3cba:	29 a1       	ldd	r18, Y+33	; 0x21
    3cbc:	3a a1       	ldd	r19, Y+34	; 0x22
    3cbe:	4b a1       	ldd	r20, Y+35	; 0x23
    3cc0:	5c a1       	ldd	r21, Y+36	; 0x24
    3cc2:	6d a1       	ldd	r22, Y+37	; 0x25
    3cc4:	7e a1       	ldd	r23, Y+38	; 0x26
    3cc6:	8f a1       	ldd	r24, Y+39	; 0x27
    3cc8:	98 a5       	ldd	r25, Y+40	; 0x28
    3cca:	02 e0       	ldi	r16, 0x02	; 2
    3ccc:	0e 94 41 00 	call	0x82	; 0x82 <__ashldi3>
    3cd0:	29 a7       	std	Y+41, r18	; 0x29
    3cd2:	3a a7       	std	Y+42, r19	; 0x2a
    3cd4:	4b a7       	std	Y+43, r20	; 0x2b
    3cd6:	5c a7       	std	Y+44, r21	; 0x2c
    3cd8:	6d a7       	std	Y+45, r22	; 0x2d
    3cda:	7e a7       	std	Y+46, r23	; 0x2e
    3cdc:	8f a7       	std	Y+47, r24	; 0x2f
    3cde:	98 ab       	std	Y+48, r25	; 0x30
    3ce0:	89 a1       	ldd	r24, Y+33	; 0x21
    3ce2:	99 a5       	ldd	r25, Y+41	; 0x29
    3ce4:	89 0f       	add	r24, r25
    3ce6:	89 ab       	std	Y+49, r24	; 0x31
    3ce8:	81 e0       	ldi	r24, 0x01	; 1
    3cea:	89 af       	std	Y+57, r24	; 0x39
    3cec:	99 a9       	ldd	r25, Y+49	; 0x31
    3cee:	89 a1       	ldd	r24, Y+33	; 0x21
    3cf0:	98 17       	cp	r25, r24
    3cf2:	08 f0       	brcs	.+2      	; 0x3cf6 <CLCD_voidSendNumber+0xf6>
    3cf4:	19 ae       	std	Y+57, r1	; 0x39
    3cf6:	9a a1       	ldd	r25, Y+34	; 0x22
    3cf8:	8a a5       	ldd	r24, Y+42	; 0x2a
    3cfa:	98 0f       	add	r25, r24
    3cfc:	9a ab       	std	Y+50, r25	; 0x32
    3cfe:	91 e0       	ldi	r25, 0x01	; 1
    3d00:	9a af       	std	Y+58, r25	; 0x3a
    3d02:	8a a9       	ldd	r24, Y+50	; 0x32
    3d04:	9a a1       	ldd	r25, Y+34	; 0x22
    3d06:	89 17       	cp	r24, r25
    3d08:	08 f0       	brcs	.+2      	; 0x3d0c <CLCD_voidSendNumber+0x10c>
    3d0a:	1a ae       	std	Y+58, r1	; 0x3a
    3d0c:	89 ad       	ldd	r24, Y+57	; 0x39
    3d0e:	9a a9       	ldd	r25, Y+50	; 0x32
    3d10:	89 0f       	add	r24, r25
    3d12:	8b af       	std	Y+59, r24	; 0x3b
    3d14:	81 e0       	ldi	r24, 0x01	; 1
    3d16:	8c af       	std	Y+60, r24	; 0x3c
    3d18:	9b ad       	ldd	r25, Y+59	; 0x3b
    3d1a:	8a a9       	ldd	r24, Y+50	; 0x32
    3d1c:	98 17       	cp	r25, r24
    3d1e:	08 f0       	brcs	.+2      	; 0x3d22 <CLCD_voidSendNumber+0x122>
    3d20:	1c ae       	std	Y+60, r1	; 0x3c
    3d22:	9a ad       	ldd	r25, Y+58	; 0x3a
    3d24:	8c ad       	ldd	r24, Y+60	; 0x3c
    3d26:	98 2b       	or	r25, r24
    3d28:	9a af       	std	Y+58, r25	; 0x3a
    3d2a:	9b ad       	ldd	r25, Y+59	; 0x3b
    3d2c:	9a ab       	std	Y+50, r25	; 0x32
    3d2e:	8b a1       	ldd	r24, Y+35	; 0x23
    3d30:	9b a5       	ldd	r25, Y+43	; 0x2b
    3d32:	89 0f       	add	r24, r25
    3d34:	8b ab       	std	Y+51, r24	; 0x33
    3d36:	81 e0       	ldi	r24, 0x01	; 1
    3d38:	8d af       	std	Y+61, r24	; 0x3d
    3d3a:	9b a9       	ldd	r25, Y+51	; 0x33
    3d3c:	8b a1       	ldd	r24, Y+35	; 0x23
    3d3e:	98 17       	cp	r25, r24
    3d40:	08 f0       	brcs	.+2      	; 0x3d44 <CLCD_voidSendNumber+0x144>
    3d42:	1d ae       	std	Y+61, r1	; 0x3d
    3d44:	9a ad       	ldd	r25, Y+58	; 0x3a
    3d46:	8b a9       	ldd	r24, Y+51	; 0x33
    3d48:	98 0f       	add	r25, r24
    3d4a:	9e af       	std	Y+62, r25	; 0x3e
    3d4c:	91 e0       	ldi	r25, 0x01	; 1
    3d4e:	9f af       	std	Y+63, r25	; 0x3f
    3d50:	8e ad       	ldd	r24, Y+62	; 0x3e
    3d52:	9b a9       	ldd	r25, Y+51	; 0x33
    3d54:	89 17       	cp	r24, r25
    3d56:	08 f0       	brcs	.+2      	; 0x3d5a <CLCD_voidSendNumber+0x15a>
    3d58:	1f ae       	std	Y+63, r1	; 0x3f
    3d5a:	8d ad       	ldd	r24, Y+61	; 0x3d
    3d5c:	9f ad       	ldd	r25, Y+63	; 0x3f
    3d5e:	89 2b       	or	r24, r25
    3d60:	8d af       	std	Y+61, r24	; 0x3d
    3d62:	8e ad       	ldd	r24, Y+62	; 0x3e
    3d64:	8b ab       	std	Y+51, r24	; 0x33
    3d66:	9c a1       	ldd	r25, Y+36	; 0x24
    3d68:	8c a5       	ldd	r24, Y+44	; 0x2c
    3d6a:	98 0f       	add	r25, r24
    3d6c:	9c ab       	std	Y+52, r25	; 0x34
    3d6e:	91 e0       	ldi	r25, 0x01	; 1
    3d70:	21 96       	adiw	r28, 0x01	; 1
    3d72:	9f af       	std	Y+63, r25	; 0x3f
    3d74:	21 97       	sbiw	r28, 0x01	; 1
    3d76:	8c a9       	ldd	r24, Y+52	; 0x34
    3d78:	9c a1       	ldd	r25, Y+36	; 0x24
    3d7a:	89 17       	cp	r24, r25
    3d7c:	18 f0       	brcs	.+6      	; 0x3d84 <CLCD_voidSendNumber+0x184>
    3d7e:	21 96       	adiw	r28, 0x01	; 1
    3d80:	1f ae       	std	Y+63, r1	; 0x3f
    3d82:	21 97       	sbiw	r28, 0x01	; 1
    3d84:	8d ad       	ldd	r24, Y+61	; 0x3d
    3d86:	9c a9       	ldd	r25, Y+52	; 0x34
    3d88:	89 0f       	add	r24, r25
    3d8a:	22 96       	adiw	r28, 0x02	; 2
    3d8c:	8f af       	std	Y+63, r24	; 0x3f
    3d8e:	22 97       	sbiw	r28, 0x02	; 2
    3d90:	81 e0       	ldi	r24, 0x01	; 1
    3d92:	23 96       	adiw	r28, 0x03	; 3
    3d94:	8f af       	std	Y+63, r24	; 0x3f
    3d96:	23 97       	sbiw	r28, 0x03	; 3
    3d98:	22 96       	adiw	r28, 0x02	; 2
    3d9a:	9f ad       	ldd	r25, Y+63	; 0x3f
    3d9c:	22 97       	sbiw	r28, 0x02	; 2
    3d9e:	8c a9       	ldd	r24, Y+52	; 0x34
    3da0:	98 17       	cp	r25, r24
    3da2:	18 f0       	brcs	.+6      	; 0x3daa <CLCD_voidSendNumber+0x1aa>
    3da4:	23 96       	adiw	r28, 0x03	; 3
    3da6:	1f ae       	std	Y+63, r1	; 0x3f
    3da8:	23 97       	sbiw	r28, 0x03	; 3
    3daa:	21 96       	adiw	r28, 0x01	; 1
    3dac:	9f ad       	ldd	r25, Y+63	; 0x3f
    3dae:	21 97       	sbiw	r28, 0x01	; 1
    3db0:	23 96       	adiw	r28, 0x03	; 3
    3db2:	8f ad       	ldd	r24, Y+63	; 0x3f
    3db4:	23 97       	sbiw	r28, 0x03	; 3
    3db6:	98 2b       	or	r25, r24
    3db8:	21 96       	adiw	r28, 0x01	; 1
    3dba:	9f af       	std	Y+63, r25	; 0x3f
    3dbc:	21 97       	sbiw	r28, 0x01	; 1
    3dbe:	22 96       	adiw	r28, 0x02	; 2
    3dc0:	9f ad       	ldd	r25, Y+63	; 0x3f
    3dc2:	22 97       	sbiw	r28, 0x02	; 2
    3dc4:	9c ab       	std	Y+52, r25	; 0x34
    3dc6:	8d a1       	ldd	r24, Y+37	; 0x25
    3dc8:	9d a5       	ldd	r25, Y+45	; 0x2d
    3dca:	89 0f       	add	r24, r25
    3dcc:	8d ab       	std	Y+53, r24	; 0x35
    3dce:	81 e0       	ldi	r24, 0x01	; 1
    3dd0:	24 96       	adiw	r28, 0x04	; 4
    3dd2:	8f af       	std	Y+63, r24	; 0x3f
    3dd4:	24 97       	sbiw	r28, 0x04	; 4
    3dd6:	9d a9       	ldd	r25, Y+53	; 0x35
    3dd8:	8d a1       	ldd	r24, Y+37	; 0x25
    3dda:	98 17       	cp	r25, r24
    3ddc:	18 f0       	brcs	.+6      	; 0x3de4 <CLCD_voidSendNumber+0x1e4>
    3dde:	24 96       	adiw	r28, 0x04	; 4
    3de0:	1f ae       	std	Y+63, r1	; 0x3f
    3de2:	24 97       	sbiw	r28, 0x04	; 4
    3de4:	21 96       	adiw	r28, 0x01	; 1
    3de6:	9f ad       	ldd	r25, Y+63	; 0x3f
    3de8:	21 97       	sbiw	r28, 0x01	; 1
    3dea:	8d a9       	ldd	r24, Y+53	; 0x35
    3dec:	98 0f       	add	r25, r24
    3dee:	25 96       	adiw	r28, 0x05	; 5
    3df0:	9f af       	std	Y+63, r25	; 0x3f
    3df2:	25 97       	sbiw	r28, 0x05	; 5
    3df4:	91 e0       	ldi	r25, 0x01	; 1
    3df6:	26 96       	adiw	r28, 0x06	; 6
    3df8:	9f af       	std	Y+63, r25	; 0x3f
    3dfa:	26 97       	sbiw	r28, 0x06	; 6
    3dfc:	25 96       	adiw	r28, 0x05	; 5
    3dfe:	8f ad       	ldd	r24, Y+63	; 0x3f
    3e00:	25 97       	sbiw	r28, 0x05	; 5
    3e02:	9d a9       	ldd	r25, Y+53	; 0x35
    3e04:	89 17       	cp	r24, r25
    3e06:	18 f0       	brcs	.+6      	; 0x3e0e <CLCD_voidSendNumber+0x20e>
    3e08:	26 96       	adiw	r28, 0x06	; 6
    3e0a:	1f ae       	std	Y+63, r1	; 0x3f
    3e0c:	26 97       	sbiw	r28, 0x06	; 6
    3e0e:	24 96       	adiw	r28, 0x04	; 4
    3e10:	8f ad       	ldd	r24, Y+63	; 0x3f
    3e12:	24 97       	sbiw	r28, 0x04	; 4
    3e14:	26 96       	adiw	r28, 0x06	; 6
    3e16:	9f ad       	ldd	r25, Y+63	; 0x3f
    3e18:	26 97       	sbiw	r28, 0x06	; 6
    3e1a:	89 2b       	or	r24, r25
    3e1c:	24 96       	adiw	r28, 0x04	; 4
    3e1e:	8f af       	std	Y+63, r24	; 0x3f
    3e20:	24 97       	sbiw	r28, 0x04	; 4
    3e22:	25 96       	adiw	r28, 0x05	; 5
    3e24:	8f ad       	ldd	r24, Y+63	; 0x3f
    3e26:	25 97       	sbiw	r28, 0x05	; 5
    3e28:	8d ab       	std	Y+53, r24	; 0x35
    3e2a:	9e a1       	ldd	r25, Y+38	; 0x26
    3e2c:	8e a5       	ldd	r24, Y+46	; 0x2e
    3e2e:	98 0f       	add	r25, r24
    3e30:	9e ab       	std	Y+54, r25	; 0x36
    3e32:	91 e0       	ldi	r25, 0x01	; 1
    3e34:	27 96       	adiw	r28, 0x07	; 7
    3e36:	9f af       	std	Y+63, r25	; 0x3f
    3e38:	27 97       	sbiw	r28, 0x07	; 7
    3e3a:	8e a9       	ldd	r24, Y+54	; 0x36
    3e3c:	9e a1       	ldd	r25, Y+38	; 0x26
    3e3e:	89 17       	cp	r24, r25
    3e40:	18 f0       	brcs	.+6      	; 0x3e48 <CLCD_voidSendNumber+0x248>
    3e42:	27 96       	adiw	r28, 0x07	; 7
    3e44:	1f ae       	std	Y+63, r1	; 0x3f
    3e46:	27 97       	sbiw	r28, 0x07	; 7
    3e48:	24 96       	adiw	r28, 0x04	; 4
    3e4a:	8f ad       	ldd	r24, Y+63	; 0x3f
    3e4c:	24 97       	sbiw	r28, 0x04	; 4
    3e4e:	9e a9       	ldd	r25, Y+54	; 0x36
    3e50:	89 0f       	add	r24, r25
    3e52:	28 96       	adiw	r28, 0x08	; 8
    3e54:	8f af       	std	Y+63, r24	; 0x3f
    3e56:	28 97       	sbiw	r28, 0x08	; 8
    3e58:	81 e0       	ldi	r24, 0x01	; 1
    3e5a:	29 96       	adiw	r28, 0x09	; 9
    3e5c:	8f af       	std	Y+63, r24	; 0x3f
    3e5e:	29 97       	sbiw	r28, 0x09	; 9
    3e60:	28 96       	adiw	r28, 0x08	; 8
    3e62:	9f ad       	ldd	r25, Y+63	; 0x3f
    3e64:	28 97       	sbiw	r28, 0x08	; 8
    3e66:	8e a9       	ldd	r24, Y+54	; 0x36
    3e68:	98 17       	cp	r25, r24
    3e6a:	18 f0       	brcs	.+6      	; 0x3e72 <CLCD_voidSendNumber+0x272>
    3e6c:	29 96       	adiw	r28, 0x09	; 9
    3e6e:	1f ae       	std	Y+63, r1	; 0x3f
    3e70:	29 97       	sbiw	r28, 0x09	; 9
    3e72:	27 96       	adiw	r28, 0x07	; 7
    3e74:	9f ad       	ldd	r25, Y+63	; 0x3f
    3e76:	27 97       	sbiw	r28, 0x07	; 7
    3e78:	29 96       	adiw	r28, 0x09	; 9
    3e7a:	8f ad       	ldd	r24, Y+63	; 0x3f
    3e7c:	29 97       	sbiw	r28, 0x09	; 9
    3e7e:	98 2b       	or	r25, r24
    3e80:	27 96       	adiw	r28, 0x07	; 7
    3e82:	9f af       	std	Y+63, r25	; 0x3f
    3e84:	27 97       	sbiw	r28, 0x07	; 7
    3e86:	28 96       	adiw	r28, 0x08	; 8
    3e88:	9f ad       	ldd	r25, Y+63	; 0x3f
    3e8a:	28 97       	sbiw	r28, 0x08	; 8
    3e8c:	9e ab       	std	Y+54, r25	; 0x36
    3e8e:	8f a1       	ldd	r24, Y+39	; 0x27
    3e90:	9f a5       	ldd	r25, Y+47	; 0x2f
    3e92:	89 0f       	add	r24, r25
    3e94:	8f ab       	std	Y+55, r24	; 0x37
    3e96:	81 e0       	ldi	r24, 0x01	; 1
    3e98:	2a 96       	adiw	r28, 0x0a	; 10
    3e9a:	8f af       	std	Y+63, r24	; 0x3f
    3e9c:	2a 97       	sbiw	r28, 0x0a	; 10
    3e9e:	9f a9       	ldd	r25, Y+55	; 0x37
    3ea0:	8f a1       	ldd	r24, Y+39	; 0x27
    3ea2:	98 17       	cp	r25, r24
    3ea4:	18 f0       	brcs	.+6      	; 0x3eac <CLCD_voidSendNumber+0x2ac>
    3ea6:	2a 96       	adiw	r28, 0x0a	; 10
    3ea8:	1f ae       	std	Y+63, r1	; 0x3f
    3eaa:	2a 97       	sbiw	r28, 0x0a	; 10
    3eac:	27 96       	adiw	r28, 0x07	; 7
    3eae:	9f ad       	ldd	r25, Y+63	; 0x3f
    3eb0:	27 97       	sbiw	r28, 0x07	; 7
    3eb2:	8f a9       	ldd	r24, Y+55	; 0x37
    3eb4:	98 0f       	add	r25, r24
    3eb6:	2b 96       	adiw	r28, 0x0b	; 11
    3eb8:	9f af       	std	Y+63, r25	; 0x3f
    3eba:	2b 97       	sbiw	r28, 0x0b	; 11
    3ebc:	91 e0       	ldi	r25, 0x01	; 1
    3ebe:	2c 96       	adiw	r28, 0x0c	; 12
    3ec0:	9f af       	std	Y+63, r25	; 0x3f
    3ec2:	2c 97       	sbiw	r28, 0x0c	; 12
    3ec4:	2b 96       	adiw	r28, 0x0b	; 11
    3ec6:	8f ad       	ldd	r24, Y+63	; 0x3f
    3ec8:	2b 97       	sbiw	r28, 0x0b	; 11
    3eca:	9f a9       	ldd	r25, Y+55	; 0x37
    3ecc:	89 17       	cp	r24, r25
    3ece:	18 f0       	brcs	.+6      	; 0x3ed6 <CLCD_voidSendNumber+0x2d6>
    3ed0:	2c 96       	adiw	r28, 0x0c	; 12
    3ed2:	1f ae       	std	Y+63, r1	; 0x3f
    3ed4:	2c 97       	sbiw	r28, 0x0c	; 12
    3ed6:	2a 96       	adiw	r28, 0x0a	; 10
    3ed8:	8f ad       	ldd	r24, Y+63	; 0x3f
    3eda:	2a 97       	sbiw	r28, 0x0a	; 10
    3edc:	2c 96       	adiw	r28, 0x0c	; 12
    3ede:	9f ad       	ldd	r25, Y+63	; 0x3f
    3ee0:	2c 97       	sbiw	r28, 0x0c	; 12
    3ee2:	89 2b       	or	r24, r25
    3ee4:	2a 96       	adiw	r28, 0x0a	; 10
    3ee6:	8f af       	std	Y+63, r24	; 0x3f
    3ee8:	2a 97       	sbiw	r28, 0x0a	; 10
    3eea:	2b 96       	adiw	r28, 0x0b	; 11
    3eec:	8f ad       	ldd	r24, Y+63	; 0x3f
    3eee:	2b 97       	sbiw	r28, 0x0b	; 11
    3ef0:	8f ab       	std	Y+55, r24	; 0x37
    3ef2:	98 a5       	ldd	r25, Y+40	; 0x28
    3ef4:	88 a9       	ldd	r24, Y+48	; 0x30
    3ef6:	98 0f       	add	r25, r24
    3ef8:	98 af       	std	Y+56, r25	; 0x38
    3efa:	2a 96       	adiw	r28, 0x0a	; 10
    3efc:	8f ad       	ldd	r24, Y+63	; 0x3f
    3efe:	2a 97       	sbiw	r28, 0x0a	; 10
    3f00:	98 ad       	ldd	r25, Y+56	; 0x38
    3f02:	89 0f       	add	r24, r25
    3f04:	88 af       	std	Y+56, r24	; 0x38
    3f06:	89 a9       	ldd	r24, Y+49	; 0x31
    3f08:	89 8f       	std	Y+25, r24	; 0x19
    3f0a:	9a a9       	ldd	r25, Y+50	; 0x32
    3f0c:	9a 8f       	std	Y+26, r25	; 0x1a
    3f0e:	8b a9       	ldd	r24, Y+51	; 0x33
    3f10:	8b 8f       	std	Y+27, r24	; 0x1b
    3f12:	9c a9       	ldd	r25, Y+52	; 0x34
    3f14:	9c 8f       	std	Y+28, r25	; 0x1c
    3f16:	8d a9       	ldd	r24, Y+53	; 0x35
    3f18:	8d 8f       	std	Y+29, r24	; 0x1d
    3f1a:	9e a9       	ldd	r25, Y+54	; 0x36
    3f1c:	9e 8f       	std	Y+30, r25	; 0x1e
    3f1e:	8f a9       	ldd	r24, Y+55	; 0x37
    3f20:	8f 8f       	std	Y+31, r24	; 0x1f
    3f22:	98 ad       	ldd	r25, Y+56	; 0x38
    3f24:	98 a3       	std	Y+32, r25	; 0x20
    3f26:	a9 84       	ldd	r10, Y+9	; 0x09
    3f28:	ba 84       	ldd	r11, Y+10	; 0x0a
    3f2a:	cb 84       	ldd	r12, Y+11	; 0x0b
    3f2c:	dc 84       	ldd	r13, Y+12	; 0x0c
    3f2e:	ed 84       	ldd	r14, Y+13	; 0x0d
    3f30:	fe 84       	ldd	r15, Y+14	; 0x0e
    3f32:	0f 85       	ldd	r16, Y+15	; 0x0f
    3f34:	18 89       	ldd	r17, Y+16	; 0x10
    3f36:	2a 2d       	mov	r18, r10
    3f38:	3b 2d       	mov	r19, r11
    3f3a:	4c 2d       	mov	r20, r12
    3f3c:	5d 2d       	mov	r21, r13
    3f3e:	6e 2d       	mov	r22, r14
    3f40:	7f 2d       	mov	r23, r15
    3f42:	80 2f       	mov	r24, r16
    3f44:	91 2f       	mov	r25, r17
    3f46:	0f 2e       	mov	r0, r31
    3f48:	fa e0       	ldi	r31, 0x0A	; 10
    3f4a:	af 2e       	mov	r10, r31
    3f4c:	f0 2d       	mov	r31, r0
    3f4e:	bb 24       	eor	r11, r11
    3f50:	cc 24       	eor	r12, r12
    3f52:	dd 24       	eor	r13, r13
    3f54:	ee 24       	eor	r14, r14
    3f56:	ff 24       	eor	r15, r15
    3f58:	00 e0       	ldi	r16, 0x00	; 0
    3f5a:	10 e0       	ldi	r17, 0x00	; 0
    3f5c:	0e 94 61 07 	call	0xec2	; 0xec2 <__umoddi3>
    3f60:	a2 2e       	mov	r10, r18
    3f62:	b3 2e       	mov	r11, r19
    3f64:	c4 2e       	mov	r12, r20
    3f66:	d5 2e       	mov	r13, r21
    3f68:	e6 2e       	mov	r14, r22
    3f6a:	f7 2e       	mov	r15, r23
    3f6c:	08 2f       	mov	r16, r24
    3f6e:	19 2f       	mov	r17, r25
    3f70:	a9 8a       	std	Y+17, r10	; 0x11
    3f72:	ba 8a       	std	Y+18, r11	; 0x12
    3f74:	cb 8a       	std	Y+19, r12	; 0x13
    3f76:	dc 8a       	std	Y+20, r13	; 0x14
    3f78:	ed 8a       	std	Y+21, r14	; 0x15
    3f7a:	fe 8a       	std	Y+22, r15	; 0x16
    3f7c:	0f 8b       	std	Y+23, r16	; 0x17
    3f7e:	18 8f       	std	Y+24, r17	; 0x18
    3f80:	89 8d       	ldd	r24, Y+25	; 0x19
    3f82:	99 89       	ldd	r25, Y+17	; 0x11
    3f84:	89 0f       	add	r24, r25
    3f86:	2d 96       	adiw	r28, 0x0d	; 13
    3f88:	8f af       	std	Y+63, r24	; 0x3f
    3f8a:	2d 97       	sbiw	r28, 0x0d	; 13
    3f8c:	81 e0       	ldi	r24, 0x01	; 1
    3f8e:	65 96       	adiw	r28, 0x15	; 21
    3f90:	8f af       	std	Y+63, r24	; 0x3f
    3f92:	65 97       	sbiw	r28, 0x15	; 21
    3f94:	2d 96       	adiw	r28, 0x0d	; 13
    3f96:	9f ad       	ldd	r25, Y+63	; 0x3f
    3f98:	2d 97       	sbiw	r28, 0x0d	; 13
    3f9a:	89 8d       	ldd	r24, Y+25	; 0x19
    3f9c:	98 17       	cp	r25, r24
    3f9e:	18 f0       	brcs	.+6      	; 0x3fa6 <CLCD_voidSendNumber+0x3a6>
    3fa0:	65 96       	adiw	r28, 0x15	; 21
    3fa2:	1f ae       	std	Y+63, r1	; 0x3f
    3fa4:	65 97       	sbiw	r28, 0x15	; 21
    3fa6:	9a 8d       	ldd	r25, Y+26	; 0x1a
    3fa8:	8a 89       	ldd	r24, Y+18	; 0x12
    3faa:	98 0f       	add	r25, r24
    3fac:	2e 96       	adiw	r28, 0x0e	; 14
    3fae:	9f af       	std	Y+63, r25	; 0x3f
    3fb0:	2e 97       	sbiw	r28, 0x0e	; 14
    3fb2:	91 e0       	ldi	r25, 0x01	; 1
    3fb4:	66 96       	adiw	r28, 0x16	; 22
    3fb6:	9f af       	std	Y+63, r25	; 0x3f
    3fb8:	66 97       	sbiw	r28, 0x16	; 22
    3fba:	2e 96       	adiw	r28, 0x0e	; 14
    3fbc:	8f ad       	ldd	r24, Y+63	; 0x3f
    3fbe:	2e 97       	sbiw	r28, 0x0e	; 14
    3fc0:	9a 8d       	ldd	r25, Y+26	; 0x1a
    3fc2:	89 17       	cp	r24, r25
    3fc4:	18 f0       	brcs	.+6      	; 0x3fcc <CLCD_voidSendNumber+0x3cc>
    3fc6:	66 96       	adiw	r28, 0x16	; 22
    3fc8:	1f ae       	std	Y+63, r1	; 0x3f
    3fca:	66 97       	sbiw	r28, 0x16	; 22
    3fcc:	65 96       	adiw	r28, 0x15	; 21
    3fce:	8f ad       	ldd	r24, Y+63	; 0x3f
    3fd0:	65 97       	sbiw	r28, 0x15	; 21
    3fd2:	2e 96       	adiw	r28, 0x0e	; 14
    3fd4:	9f ad       	ldd	r25, Y+63	; 0x3f
    3fd6:	2e 97       	sbiw	r28, 0x0e	; 14
    3fd8:	89 0f       	add	r24, r25
    3fda:	67 96       	adiw	r28, 0x17	; 23
    3fdc:	8f af       	std	Y+63, r24	; 0x3f
    3fde:	67 97       	sbiw	r28, 0x17	; 23
    3fe0:	81 e0       	ldi	r24, 0x01	; 1
    3fe2:	68 96       	adiw	r28, 0x18	; 24
    3fe4:	8f af       	std	Y+63, r24	; 0x3f
    3fe6:	68 97       	sbiw	r28, 0x18	; 24
    3fe8:	67 96       	adiw	r28, 0x17	; 23
    3fea:	9f ad       	ldd	r25, Y+63	; 0x3f
    3fec:	67 97       	sbiw	r28, 0x17	; 23
    3fee:	2e 96       	adiw	r28, 0x0e	; 14
    3ff0:	8f ad       	ldd	r24, Y+63	; 0x3f
    3ff2:	2e 97       	sbiw	r28, 0x0e	; 14
    3ff4:	98 17       	cp	r25, r24
    3ff6:	18 f0       	brcs	.+6      	; 0x3ffe <CLCD_voidSendNumber+0x3fe>
    3ff8:	68 96       	adiw	r28, 0x18	; 24
    3ffa:	1f ae       	std	Y+63, r1	; 0x3f
    3ffc:	68 97       	sbiw	r28, 0x18	; 24
    3ffe:	66 96       	adiw	r28, 0x16	; 22
    4000:	9f ad       	ldd	r25, Y+63	; 0x3f
    4002:	66 97       	sbiw	r28, 0x16	; 22
    4004:	68 96       	adiw	r28, 0x18	; 24
    4006:	8f ad       	ldd	r24, Y+63	; 0x3f
    4008:	68 97       	sbiw	r28, 0x18	; 24
    400a:	98 2b       	or	r25, r24
    400c:	66 96       	adiw	r28, 0x16	; 22
    400e:	9f af       	std	Y+63, r25	; 0x3f
    4010:	66 97       	sbiw	r28, 0x16	; 22
    4012:	67 96       	adiw	r28, 0x17	; 23
    4014:	9f ad       	ldd	r25, Y+63	; 0x3f
    4016:	67 97       	sbiw	r28, 0x17	; 23
    4018:	2e 96       	adiw	r28, 0x0e	; 14
    401a:	9f af       	std	Y+63, r25	; 0x3f
    401c:	2e 97       	sbiw	r28, 0x0e	; 14
    401e:	8b 8d       	ldd	r24, Y+27	; 0x1b
    4020:	9b 89       	ldd	r25, Y+19	; 0x13
    4022:	89 0f       	add	r24, r25
    4024:	2f 96       	adiw	r28, 0x0f	; 15
    4026:	8f af       	std	Y+63, r24	; 0x3f
    4028:	2f 97       	sbiw	r28, 0x0f	; 15
    402a:	81 e0       	ldi	r24, 0x01	; 1
    402c:	69 96       	adiw	r28, 0x19	; 25
    402e:	8f af       	std	Y+63, r24	; 0x3f
    4030:	69 97       	sbiw	r28, 0x19	; 25
    4032:	2f 96       	adiw	r28, 0x0f	; 15
    4034:	9f ad       	ldd	r25, Y+63	; 0x3f
    4036:	2f 97       	sbiw	r28, 0x0f	; 15
    4038:	8b 8d       	ldd	r24, Y+27	; 0x1b
    403a:	98 17       	cp	r25, r24
    403c:	18 f0       	brcs	.+6      	; 0x4044 <CLCD_voidSendNumber+0x444>
    403e:	69 96       	adiw	r28, 0x19	; 25
    4040:	1f ae       	std	Y+63, r1	; 0x3f
    4042:	69 97       	sbiw	r28, 0x19	; 25
    4044:	66 96       	adiw	r28, 0x16	; 22
    4046:	9f ad       	ldd	r25, Y+63	; 0x3f
    4048:	66 97       	sbiw	r28, 0x16	; 22
    404a:	2f 96       	adiw	r28, 0x0f	; 15
    404c:	8f ad       	ldd	r24, Y+63	; 0x3f
    404e:	2f 97       	sbiw	r28, 0x0f	; 15
    4050:	98 0f       	add	r25, r24
    4052:	6a 96       	adiw	r28, 0x1a	; 26
    4054:	9f af       	std	Y+63, r25	; 0x3f
    4056:	6a 97       	sbiw	r28, 0x1a	; 26
    4058:	91 e0       	ldi	r25, 0x01	; 1
    405a:	6b 96       	adiw	r28, 0x1b	; 27
    405c:	9f af       	std	Y+63, r25	; 0x3f
    405e:	6b 97       	sbiw	r28, 0x1b	; 27
    4060:	6a 96       	adiw	r28, 0x1a	; 26
    4062:	8f ad       	ldd	r24, Y+63	; 0x3f
    4064:	6a 97       	sbiw	r28, 0x1a	; 26
    4066:	2f 96       	adiw	r28, 0x0f	; 15
    4068:	9f ad       	ldd	r25, Y+63	; 0x3f
    406a:	2f 97       	sbiw	r28, 0x0f	; 15
    406c:	89 17       	cp	r24, r25
    406e:	18 f0       	brcs	.+6      	; 0x4076 <CLCD_voidSendNumber+0x476>
    4070:	6b 96       	adiw	r28, 0x1b	; 27
    4072:	1f ae       	std	Y+63, r1	; 0x3f
    4074:	6b 97       	sbiw	r28, 0x1b	; 27
    4076:	69 96       	adiw	r28, 0x19	; 25
    4078:	8f ad       	ldd	r24, Y+63	; 0x3f
    407a:	69 97       	sbiw	r28, 0x19	; 25
    407c:	6b 96       	adiw	r28, 0x1b	; 27
    407e:	9f ad       	ldd	r25, Y+63	; 0x3f
    4080:	6b 97       	sbiw	r28, 0x1b	; 27
    4082:	89 2b       	or	r24, r25
    4084:	69 96       	adiw	r28, 0x19	; 25
    4086:	8f af       	std	Y+63, r24	; 0x3f
    4088:	69 97       	sbiw	r28, 0x19	; 25
    408a:	6a 96       	adiw	r28, 0x1a	; 26
    408c:	8f ad       	ldd	r24, Y+63	; 0x3f
    408e:	6a 97       	sbiw	r28, 0x1a	; 26
    4090:	2f 96       	adiw	r28, 0x0f	; 15
    4092:	8f af       	std	Y+63, r24	; 0x3f
    4094:	2f 97       	sbiw	r28, 0x0f	; 15
    4096:	9c 8d       	ldd	r25, Y+28	; 0x1c
    4098:	8c 89       	ldd	r24, Y+20	; 0x14
    409a:	98 0f       	add	r25, r24
    409c:	60 96       	adiw	r28, 0x10	; 16
    409e:	9f af       	std	Y+63, r25	; 0x3f
    40a0:	60 97       	sbiw	r28, 0x10	; 16
    40a2:	91 e0       	ldi	r25, 0x01	; 1
    40a4:	6c 96       	adiw	r28, 0x1c	; 28
    40a6:	9f af       	std	Y+63, r25	; 0x3f
    40a8:	6c 97       	sbiw	r28, 0x1c	; 28
    40aa:	60 96       	adiw	r28, 0x10	; 16
    40ac:	8f ad       	ldd	r24, Y+63	; 0x3f
    40ae:	60 97       	sbiw	r28, 0x10	; 16
    40b0:	9c 8d       	ldd	r25, Y+28	; 0x1c
    40b2:	89 17       	cp	r24, r25
    40b4:	18 f0       	brcs	.+6      	; 0x40bc <CLCD_voidSendNumber+0x4bc>
    40b6:	6c 96       	adiw	r28, 0x1c	; 28
    40b8:	1f ae       	std	Y+63, r1	; 0x3f
    40ba:	6c 97       	sbiw	r28, 0x1c	; 28
    40bc:	69 96       	adiw	r28, 0x19	; 25
    40be:	8f ad       	ldd	r24, Y+63	; 0x3f
    40c0:	69 97       	sbiw	r28, 0x19	; 25
    40c2:	60 96       	adiw	r28, 0x10	; 16
    40c4:	9f ad       	ldd	r25, Y+63	; 0x3f
    40c6:	60 97       	sbiw	r28, 0x10	; 16
    40c8:	89 0f       	add	r24, r25
    40ca:	6d 96       	adiw	r28, 0x1d	; 29
    40cc:	8f af       	std	Y+63, r24	; 0x3f
    40ce:	6d 97       	sbiw	r28, 0x1d	; 29
    40d0:	81 e0       	ldi	r24, 0x01	; 1
    40d2:	6e 96       	adiw	r28, 0x1e	; 30
    40d4:	8f af       	std	Y+63, r24	; 0x3f
    40d6:	6e 97       	sbiw	r28, 0x1e	; 30
    40d8:	6d 96       	adiw	r28, 0x1d	; 29
    40da:	9f ad       	ldd	r25, Y+63	; 0x3f
    40dc:	6d 97       	sbiw	r28, 0x1d	; 29
    40de:	60 96       	adiw	r28, 0x10	; 16
    40e0:	8f ad       	ldd	r24, Y+63	; 0x3f
    40e2:	60 97       	sbiw	r28, 0x10	; 16
    40e4:	98 17       	cp	r25, r24
    40e6:	18 f0       	brcs	.+6      	; 0x40ee <CLCD_voidSendNumber+0x4ee>
    40e8:	6e 96       	adiw	r28, 0x1e	; 30
    40ea:	1f ae       	std	Y+63, r1	; 0x3f
    40ec:	6e 97       	sbiw	r28, 0x1e	; 30
    40ee:	6c 96       	adiw	r28, 0x1c	; 28
    40f0:	9f ad       	ldd	r25, Y+63	; 0x3f
    40f2:	6c 97       	sbiw	r28, 0x1c	; 28
    40f4:	6e 96       	adiw	r28, 0x1e	; 30
    40f6:	8f ad       	ldd	r24, Y+63	; 0x3f
    40f8:	6e 97       	sbiw	r28, 0x1e	; 30
    40fa:	98 2b       	or	r25, r24
    40fc:	6c 96       	adiw	r28, 0x1c	; 28
    40fe:	9f af       	std	Y+63, r25	; 0x3f
    4100:	6c 97       	sbiw	r28, 0x1c	; 28
    4102:	6d 96       	adiw	r28, 0x1d	; 29
    4104:	9f ad       	ldd	r25, Y+63	; 0x3f
    4106:	6d 97       	sbiw	r28, 0x1d	; 29
    4108:	60 96       	adiw	r28, 0x10	; 16
    410a:	9f af       	std	Y+63, r25	; 0x3f
    410c:	60 97       	sbiw	r28, 0x10	; 16
    410e:	8d 8d       	ldd	r24, Y+29	; 0x1d
    4110:	9d 89       	ldd	r25, Y+21	; 0x15
    4112:	89 0f       	add	r24, r25
    4114:	61 96       	adiw	r28, 0x11	; 17
    4116:	8f af       	std	Y+63, r24	; 0x3f
    4118:	61 97       	sbiw	r28, 0x11	; 17
    411a:	81 e0       	ldi	r24, 0x01	; 1
    411c:	6f 96       	adiw	r28, 0x1f	; 31
    411e:	8f af       	std	Y+63, r24	; 0x3f
    4120:	6f 97       	sbiw	r28, 0x1f	; 31
    4122:	61 96       	adiw	r28, 0x11	; 17
    4124:	9f ad       	ldd	r25, Y+63	; 0x3f
    4126:	61 97       	sbiw	r28, 0x11	; 17
    4128:	8d 8d       	ldd	r24, Y+29	; 0x1d
    412a:	98 17       	cp	r25, r24
    412c:	18 f0       	brcs	.+6      	; 0x4134 <CLCD_voidSendNumber+0x534>
    412e:	6f 96       	adiw	r28, 0x1f	; 31
    4130:	1f ae       	std	Y+63, r1	; 0x3f
    4132:	6f 97       	sbiw	r28, 0x1f	; 31
    4134:	6c 96       	adiw	r28, 0x1c	; 28
    4136:	9f ad       	ldd	r25, Y+63	; 0x3f
    4138:	6c 97       	sbiw	r28, 0x1c	; 28
    413a:	61 96       	adiw	r28, 0x11	; 17
    413c:	8f ad       	ldd	r24, Y+63	; 0x3f
    413e:	61 97       	sbiw	r28, 0x11	; 17
    4140:	98 0f       	add	r25, r24
    4142:	a0 96       	adiw	r28, 0x20	; 32
    4144:	9f af       	std	Y+63, r25	; 0x3f
    4146:	a0 97       	sbiw	r28, 0x20	; 32
    4148:	91 e0       	ldi	r25, 0x01	; 1
    414a:	a1 96       	adiw	r28, 0x21	; 33
    414c:	9f af       	std	Y+63, r25	; 0x3f
    414e:	a1 97       	sbiw	r28, 0x21	; 33
    4150:	a0 96       	adiw	r28, 0x20	; 32
    4152:	8f ad       	ldd	r24, Y+63	; 0x3f
    4154:	a0 97       	sbiw	r28, 0x20	; 32
    4156:	61 96       	adiw	r28, 0x11	; 17
    4158:	9f ad       	ldd	r25, Y+63	; 0x3f
    415a:	61 97       	sbiw	r28, 0x11	; 17
    415c:	89 17       	cp	r24, r25
    415e:	18 f0       	brcs	.+6      	; 0x4166 <CLCD_voidSendNumber+0x566>
    4160:	a1 96       	adiw	r28, 0x21	; 33
    4162:	1f ae       	std	Y+63, r1	; 0x3f
    4164:	a1 97       	sbiw	r28, 0x21	; 33
    4166:	6f 96       	adiw	r28, 0x1f	; 31
    4168:	8f ad       	ldd	r24, Y+63	; 0x3f
    416a:	6f 97       	sbiw	r28, 0x1f	; 31
    416c:	a1 96       	adiw	r28, 0x21	; 33
    416e:	9f ad       	ldd	r25, Y+63	; 0x3f
    4170:	a1 97       	sbiw	r28, 0x21	; 33
    4172:	89 2b       	or	r24, r25
    4174:	6f 96       	adiw	r28, 0x1f	; 31
    4176:	8f af       	std	Y+63, r24	; 0x3f
    4178:	6f 97       	sbiw	r28, 0x1f	; 31
    417a:	a0 96       	adiw	r28, 0x20	; 32
    417c:	8f ad       	ldd	r24, Y+63	; 0x3f
    417e:	a0 97       	sbiw	r28, 0x20	; 32
    4180:	61 96       	adiw	r28, 0x11	; 17
    4182:	8f af       	std	Y+63, r24	; 0x3f
    4184:	61 97       	sbiw	r28, 0x11	; 17
    4186:	9e 8d       	ldd	r25, Y+30	; 0x1e
    4188:	8e 89       	ldd	r24, Y+22	; 0x16
    418a:	98 0f       	add	r25, r24
    418c:	62 96       	adiw	r28, 0x12	; 18
    418e:	9f af       	std	Y+63, r25	; 0x3f
    4190:	62 97       	sbiw	r28, 0x12	; 18
    4192:	91 e0       	ldi	r25, 0x01	; 1
    4194:	a2 96       	adiw	r28, 0x22	; 34
    4196:	9f af       	std	Y+63, r25	; 0x3f
    4198:	a2 97       	sbiw	r28, 0x22	; 34
    419a:	62 96       	adiw	r28, 0x12	; 18
    419c:	8f ad       	ldd	r24, Y+63	; 0x3f
    419e:	62 97       	sbiw	r28, 0x12	; 18
    41a0:	9e 8d       	ldd	r25, Y+30	; 0x1e
    41a2:	89 17       	cp	r24, r25
    41a4:	18 f0       	brcs	.+6      	; 0x41ac <CLCD_voidSendNumber+0x5ac>
    41a6:	a2 96       	adiw	r28, 0x22	; 34
    41a8:	1f ae       	std	Y+63, r1	; 0x3f
    41aa:	a2 97       	sbiw	r28, 0x22	; 34
    41ac:	6f 96       	adiw	r28, 0x1f	; 31
    41ae:	8f ad       	ldd	r24, Y+63	; 0x3f
    41b0:	6f 97       	sbiw	r28, 0x1f	; 31
    41b2:	62 96       	adiw	r28, 0x12	; 18
    41b4:	9f ad       	ldd	r25, Y+63	; 0x3f
    41b6:	62 97       	sbiw	r28, 0x12	; 18
    41b8:	89 0f       	add	r24, r25
    41ba:	a3 96       	adiw	r28, 0x23	; 35
    41bc:	8f af       	std	Y+63, r24	; 0x3f
    41be:	a3 97       	sbiw	r28, 0x23	; 35
    41c0:	81 e0       	ldi	r24, 0x01	; 1
    41c2:	a4 96       	adiw	r28, 0x24	; 36
    41c4:	8f af       	std	Y+63, r24	; 0x3f
    41c6:	a4 97       	sbiw	r28, 0x24	; 36
    41c8:	a3 96       	adiw	r28, 0x23	; 35
    41ca:	9f ad       	ldd	r25, Y+63	; 0x3f
    41cc:	a3 97       	sbiw	r28, 0x23	; 35
    41ce:	62 96       	adiw	r28, 0x12	; 18
    41d0:	8f ad       	ldd	r24, Y+63	; 0x3f
    41d2:	62 97       	sbiw	r28, 0x12	; 18
    41d4:	98 17       	cp	r25, r24
    41d6:	18 f0       	brcs	.+6      	; 0x41de <CLCD_voidSendNumber+0x5de>
    41d8:	a4 96       	adiw	r28, 0x24	; 36
    41da:	1f ae       	std	Y+63, r1	; 0x3f
    41dc:	a4 97       	sbiw	r28, 0x24	; 36
    41de:	a2 96       	adiw	r28, 0x22	; 34
    41e0:	9f ad       	ldd	r25, Y+63	; 0x3f
    41e2:	a2 97       	sbiw	r28, 0x22	; 34
    41e4:	a4 96       	adiw	r28, 0x24	; 36
    41e6:	8f ad       	ldd	r24, Y+63	; 0x3f
    41e8:	a4 97       	sbiw	r28, 0x24	; 36
    41ea:	98 2b       	or	r25, r24
    41ec:	a2 96       	adiw	r28, 0x22	; 34
    41ee:	9f af       	std	Y+63, r25	; 0x3f
    41f0:	a2 97       	sbiw	r28, 0x22	; 34
    41f2:	a3 96       	adiw	r28, 0x23	; 35
    41f4:	9f ad       	ldd	r25, Y+63	; 0x3f
    41f6:	a3 97       	sbiw	r28, 0x23	; 35
    41f8:	62 96       	adiw	r28, 0x12	; 18
    41fa:	9f af       	std	Y+63, r25	; 0x3f
    41fc:	62 97       	sbiw	r28, 0x12	; 18
    41fe:	8f 8d       	ldd	r24, Y+31	; 0x1f
    4200:	9f 89       	ldd	r25, Y+23	; 0x17
    4202:	89 0f       	add	r24, r25
    4204:	63 96       	adiw	r28, 0x13	; 19
    4206:	8f af       	std	Y+63, r24	; 0x3f
    4208:	63 97       	sbiw	r28, 0x13	; 19
    420a:	81 e0       	ldi	r24, 0x01	; 1
    420c:	a5 96       	adiw	r28, 0x25	; 37
    420e:	8f af       	std	Y+63, r24	; 0x3f
    4210:	a5 97       	sbiw	r28, 0x25	; 37
    4212:	63 96       	adiw	r28, 0x13	; 19
    4214:	9f ad       	ldd	r25, Y+63	; 0x3f
    4216:	63 97       	sbiw	r28, 0x13	; 19
    4218:	8f 8d       	ldd	r24, Y+31	; 0x1f
    421a:	98 17       	cp	r25, r24
    421c:	18 f0       	brcs	.+6      	; 0x4224 <CLCD_voidSendNumber+0x624>
    421e:	a5 96       	adiw	r28, 0x25	; 37
    4220:	1f ae       	std	Y+63, r1	; 0x3f
    4222:	a5 97       	sbiw	r28, 0x25	; 37
    4224:	a2 96       	adiw	r28, 0x22	; 34
    4226:	9f ad       	ldd	r25, Y+63	; 0x3f
    4228:	a2 97       	sbiw	r28, 0x22	; 34
    422a:	63 96       	adiw	r28, 0x13	; 19
    422c:	8f ad       	ldd	r24, Y+63	; 0x3f
    422e:	63 97       	sbiw	r28, 0x13	; 19
    4230:	98 0f       	add	r25, r24
    4232:	a6 96       	adiw	r28, 0x26	; 38
    4234:	9f af       	std	Y+63, r25	; 0x3f
    4236:	a6 97       	sbiw	r28, 0x26	; 38
    4238:	91 e0       	ldi	r25, 0x01	; 1
    423a:	a7 96       	adiw	r28, 0x27	; 39
    423c:	9f af       	std	Y+63, r25	; 0x3f
    423e:	a7 97       	sbiw	r28, 0x27	; 39
    4240:	a6 96       	adiw	r28, 0x26	; 38
    4242:	8f ad       	ldd	r24, Y+63	; 0x3f
    4244:	a6 97       	sbiw	r28, 0x26	; 38
    4246:	63 96       	adiw	r28, 0x13	; 19
    4248:	9f ad       	ldd	r25, Y+63	; 0x3f
    424a:	63 97       	sbiw	r28, 0x13	; 19
    424c:	89 17       	cp	r24, r25
    424e:	18 f0       	brcs	.+6      	; 0x4256 <CLCD_voidSendNumber+0x656>
    4250:	a7 96       	adiw	r28, 0x27	; 39
    4252:	1f ae       	std	Y+63, r1	; 0x3f
    4254:	a7 97       	sbiw	r28, 0x27	; 39
    4256:	a5 96       	adiw	r28, 0x25	; 37
    4258:	8f ad       	ldd	r24, Y+63	; 0x3f
    425a:	a5 97       	sbiw	r28, 0x25	; 37
    425c:	a7 96       	adiw	r28, 0x27	; 39
    425e:	9f ad       	ldd	r25, Y+63	; 0x3f
    4260:	a7 97       	sbiw	r28, 0x27	; 39
    4262:	89 2b       	or	r24, r25
    4264:	a5 96       	adiw	r28, 0x25	; 37
    4266:	8f af       	std	Y+63, r24	; 0x3f
    4268:	a5 97       	sbiw	r28, 0x25	; 37
    426a:	a6 96       	adiw	r28, 0x26	; 38
    426c:	8f ad       	ldd	r24, Y+63	; 0x3f
    426e:	a6 97       	sbiw	r28, 0x26	; 38
    4270:	63 96       	adiw	r28, 0x13	; 19
    4272:	8f af       	std	Y+63, r24	; 0x3f
    4274:	63 97       	sbiw	r28, 0x13	; 19
    4276:	98 a1       	ldd	r25, Y+32	; 0x20
    4278:	88 8d       	ldd	r24, Y+24	; 0x18
    427a:	98 0f       	add	r25, r24
    427c:	64 96       	adiw	r28, 0x14	; 20
    427e:	9f af       	std	Y+63, r25	; 0x3f
    4280:	64 97       	sbiw	r28, 0x14	; 20
    4282:	a5 96       	adiw	r28, 0x25	; 37
    4284:	8f ad       	ldd	r24, Y+63	; 0x3f
    4286:	a5 97       	sbiw	r28, 0x25	; 37
    4288:	64 96       	adiw	r28, 0x14	; 20
    428a:	9f ad       	ldd	r25, Y+63	; 0x3f
    428c:	64 97       	sbiw	r28, 0x14	; 20
    428e:	89 0f       	add	r24, r25
    4290:	64 96       	adiw	r28, 0x14	; 20
    4292:	8f af       	std	Y+63, r24	; 0x3f
    4294:	64 97       	sbiw	r28, 0x14	; 20
    4296:	2d 96       	adiw	r28, 0x0d	; 13
    4298:	8f ad       	ldd	r24, Y+63	; 0x3f
    429a:	2d 97       	sbiw	r28, 0x0d	; 13
    429c:	89 83       	std	Y+1, r24	; 0x01
    429e:	2e 96       	adiw	r28, 0x0e	; 14
    42a0:	9f ad       	ldd	r25, Y+63	; 0x3f
    42a2:	2e 97       	sbiw	r28, 0x0e	; 14
    42a4:	9a 83       	std	Y+2, r25	; 0x02
    42a6:	2f 96       	adiw	r28, 0x0f	; 15
    42a8:	8f ad       	ldd	r24, Y+63	; 0x3f
    42aa:	2f 97       	sbiw	r28, 0x0f	; 15
    42ac:	8b 83       	std	Y+3, r24	; 0x03
    42ae:	60 96       	adiw	r28, 0x10	; 16
    42b0:	9f ad       	ldd	r25, Y+63	; 0x3f
    42b2:	60 97       	sbiw	r28, 0x10	; 16
    42b4:	9c 83       	std	Y+4, r25	; 0x04
    42b6:	61 96       	adiw	r28, 0x11	; 17
    42b8:	8f ad       	ldd	r24, Y+63	; 0x3f
    42ba:	61 97       	sbiw	r28, 0x11	; 17
    42bc:	8d 83       	std	Y+5, r24	; 0x05
    42be:	62 96       	adiw	r28, 0x12	; 18
    42c0:	9f ad       	ldd	r25, Y+63	; 0x3f
    42c2:	62 97       	sbiw	r28, 0x12	; 18
    42c4:	9e 83       	std	Y+6, r25	; 0x06
    42c6:	63 96       	adiw	r28, 0x13	; 19
    42c8:	8f ad       	ldd	r24, Y+63	; 0x3f
    42ca:	63 97       	sbiw	r28, 0x13	; 19
    42cc:	8f 83       	std	Y+7, r24	; 0x07
    42ce:	64 96       	adiw	r28, 0x14	; 20
    42d0:	9f ad       	ldd	r25, Y+63	; 0x3f
    42d2:	64 97       	sbiw	r28, 0x14	; 20
    42d4:	98 87       	std	Y+8, r25	; 0x08
			Copy_u64Number /= 10 ;
    42d6:	a9 84       	ldd	r10, Y+9	; 0x09
    42d8:	ba 84       	ldd	r11, Y+10	; 0x0a
    42da:	cb 84       	ldd	r12, Y+11	; 0x0b
    42dc:	dc 84       	ldd	r13, Y+12	; 0x0c
    42de:	ed 84       	ldd	r14, Y+13	; 0x0d
    42e0:	fe 84       	ldd	r15, Y+14	; 0x0e
    42e2:	0f 85       	ldd	r16, Y+15	; 0x0f
    42e4:	18 89       	ldd	r17, Y+16	; 0x10
    42e6:	2a 2d       	mov	r18, r10
    42e8:	3b 2d       	mov	r19, r11
    42ea:	4c 2d       	mov	r20, r12
    42ec:	5d 2d       	mov	r21, r13
    42ee:	6e 2d       	mov	r22, r14
    42f0:	7f 2d       	mov	r23, r15
    42f2:	80 2f       	mov	r24, r16
    42f4:	91 2f       	mov	r25, r17
    42f6:	0f 2e       	mov	r0, r31
    42f8:	fa e0       	ldi	r31, 0x0A	; 10
    42fa:	af 2e       	mov	r10, r31
    42fc:	f0 2d       	mov	r31, r0
    42fe:	bb 24       	eor	r11, r11
    4300:	cc 24       	eor	r12, r12
    4302:	dd 24       	eor	r13, r13
    4304:	ee 24       	eor	r14, r14
    4306:	ff 24       	eor	r15, r15
    4308:	00 e0       	ldi	r16, 0x00	; 0
    430a:	10 e0       	ldi	r17, 0x00	; 0
    430c:	0e 94 ec 00 	call	0x1d8	; 0x1d8 <__udivdi3>
    4310:	a2 2e       	mov	r10, r18
    4312:	b3 2e       	mov	r11, r19
    4314:	c4 2e       	mov	r12, r20
    4316:	d5 2e       	mov	r13, r21
    4318:	e6 2e       	mov	r14, r22
    431a:	f7 2e       	mov	r15, r23
    431c:	08 2f       	mov	r16, r24
    431e:	19 2f       	mov	r17, r25
    4320:	a9 86       	std	Y+9, r10	; 0x09
    4322:	ba 86       	std	Y+10, r11	; 0x0a
    4324:	cb 86       	std	Y+11, r12	; 0x0b
    4326:	dc 86       	std	Y+12, r13	; 0x0c
    4328:	ed 86       	std	Y+13, r14	; 0x0d
    432a:	fe 86       	std	Y+14, r15	; 0x0e
    432c:	0f 87       	std	Y+15, r16	; 0x0f
    432e:	18 8b       	std	Y+16, r17	; 0x10

	if( Copy_u64Number == 0 ){ CLCD_voidSendData('0'); }

	else{

		while( Copy_u64Number != 0 ){
    4330:	89 85       	ldd	r24, Y+9	; 0x09
    4332:	9a 85       	ldd	r25, Y+10	; 0x0a
    4334:	89 2b       	or	r24, r25
    4336:	9b 85       	ldd	r25, Y+11	; 0x0b
    4338:	89 2b       	or	r24, r25
    433a:	9c 85       	ldd	r25, Y+12	; 0x0c
    433c:	89 2b       	or	r24, r25
    433e:	9d 85       	ldd	r25, Y+13	; 0x0d
    4340:	89 2b       	or	r24, r25
    4342:	9e 85       	ldd	r25, Y+14	; 0x0e
    4344:	89 2b       	or	r24, r25
    4346:	9f 85       	ldd	r25, Y+15	; 0x0f
    4348:	89 2b       	or	r24, r25
    434a:	98 89       	ldd	r25, Y+16	; 0x10
    434c:	89 2b       	or	r24, r25
    434e:	88 23       	and	r24, r24
    4350:	09 f0       	breq	.+2      	; 0x4354 <CLCD_voidSendNumber+0x754>
    4352:	90 cc       	rjmp	.-1760   	; 0x3c74 <CLCD_voidSendNumber+0x74>
    4354:	5e c0       	rjmp	.+188    	; 0x4412 <CLCD_voidSendNumber+0x812>
			Copy_u64Number /= 10 ;

		}
		while( LOC_u64Reversed != 1 ){

			CLCD_voidSendData( ( LOC_u64Reversed % 10 ) + 48 );
    4356:	a9 80       	ldd	r10, Y+1	; 0x01
    4358:	ba 80       	ldd	r11, Y+2	; 0x02
    435a:	cb 80       	ldd	r12, Y+3	; 0x03
    435c:	dc 80       	ldd	r13, Y+4	; 0x04
    435e:	ed 80       	ldd	r14, Y+5	; 0x05
    4360:	fe 80       	ldd	r15, Y+6	; 0x06
    4362:	0f 81       	ldd	r16, Y+7	; 0x07
    4364:	18 85       	ldd	r17, Y+8	; 0x08
    4366:	2a 2d       	mov	r18, r10
    4368:	3b 2d       	mov	r19, r11
    436a:	4c 2d       	mov	r20, r12
    436c:	5d 2d       	mov	r21, r13
    436e:	6e 2d       	mov	r22, r14
    4370:	7f 2d       	mov	r23, r15
    4372:	80 2f       	mov	r24, r16
    4374:	91 2f       	mov	r25, r17
    4376:	0f 2e       	mov	r0, r31
    4378:	fa e0       	ldi	r31, 0x0A	; 10
    437a:	af 2e       	mov	r10, r31
    437c:	f0 2d       	mov	r31, r0
    437e:	bb 24       	eor	r11, r11
    4380:	cc 24       	eor	r12, r12
    4382:	dd 24       	eor	r13, r13
    4384:	ee 24       	eor	r14, r14
    4386:	ff 24       	eor	r15, r15
    4388:	00 e0       	ldi	r16, 0x00	; 0
    438a:	10 e0       	ldi	r17, 0x00	; 0
    438c:	0e 94 61 07 	call	0xec2	; 0xec2 <__umoddi3>
    4390:	a2 2e       	mov	r10, r18
    4392:	b3 2e       	mov	r11, r19
    4394:	c4 2e       	mov	r12, r20
    4396:	d5 2e       	mov	r13, r21
    4398:	e6 2e       	mov	r14, r22
    439a:	f7 2e       	mov	r15, r23
    439c:	08 2f       	mov	r16, r24
    439e:	19 2f       	mov	r17, r25
    43a0:	2a 2d       	mov	r18, r10
    43a2:	3b 2d       	mov	r19, r11
    43a4:	4c 2d       	mov	r20, r12
    43a6:	5d 2d       	mov	r21, r13
    43a8:	6e 2d       	mov	r22, r14
    43aa:	7f 2d       	mov	r23, r15
    43ac:	80 2f       	mov	r24, r16
    43ae:	91 2f       	mov	r25, r17
    43b0:	82 2f       	mov	r24, r18
    43b2:	80 5d       	subi	r24, 0xD0	; 208
    43b4:	0e 94 97 1c 	call	0x392e	; 0x392e <CLCD_voidSendData>
			LOC_u64Reversed /= 10 ;
    43b8:	a9 80       	ldd	r10, Y+1	; 0x01
    43ba:	ba 80       	ldd	r11, Y+2	; 0x02
    43bc:	cb 80       	ldd	r12, Y+3	; 0x03
    43be:	dc 80       	ldd	r13, Y+4	; 0x04
    43c0:	ed 80       	ldd	r14, Y+5	; 0x05
    43c2:	fe 80       	ldd	r15, Y+6	; 0x06
    43c4:	0f 81       	ldd	r16, Y+7	; 0x07
    43c6:	18 85       	ldd	r17, Y+8	; 0x08
    43c8:	2a 2d       	mov	r18, r10
    43ca:	3b 2d       	mov	r19, r11
    43cc:	4c 2d       	mov	r20, r12
    43ce:	5d 2d       	mov	r21, r13
    43d0:	6e 2d       	mov	r22, r14
    43d2:	7f 2d       	mov	r23, r15
    43d4:	80 2f       	mov	r24, r16
    43d6:	91 2f       	mov	r25, r17
    43d8:	0f 2e       	mov	r0, r31
    43da:	fa e0       	ldi	r31, 0x0A	; 10
    43dc:	af 2e       	mov	r10, r31
    43de:	f0 2d       	mov	r31, r0
    43e0:	bb 24       	eor	r11, r11
    43e2:	cc 24       	eor	r12, r12
    43e4:	dd 24       	eor	r13, r13
    43e6:	ee 24       	eor	r14, r14
    43e8:	ff 24       	eor	r15, r15
    43ea:	00 e0       	ldi	r16, 0x00	; 0
    43ec:	10 e0       	ldi	r17, 0x00	; 0
    43ee:	0e 94 ec 00 	call	0x1d8	; 0x1d8 <__udivdi3>
    43f2:	a2 2e       	mov	r10, r18
    43f4:	b3 2e       	mov	r11, r19
    43f6:	c4 2e       	mov	r12, r20
    43f8:	d5 2e       	mov	r13, r21
    43fa:	e6 2e       	mov	r14, r22
    43fc:	f7 2e       	mov	r15, r23
    43fe:	08 2f       	mov	r16, r24
    4400:	19 2f       	mov	r17, r25
    4402:	a9 82       	std	Y+1, r10	; 0x01
    4404:	ba 82       	std	Y+2, r11	; 0x02
    4406:	cb 82       	std	Y+3, r12	; 0x03
    4408:	dc 82       	std	Y+4, r13	; 0x04
    440a:	ed 82       	std	Y+5, r14	; 0x05
    440c:	fe 82       	std	Y+6, r15	; 0x06
    440e:	0f 83       	std	Y+7, r16	; 0x07
    4410:	18 87       	std	Y+8, r17	; 0x08

			LOC_u64Reversed = ( LOC_u64Reversed * 10 ) + ( Copy_u64Number % 10 );
			Copy_u64Number /= 10 ;

		}
		while( LOC_u64Reversed != 1 ){
    4412:	89 81       	ldd	r24, Y+1	; 0x01
    4414:	81 30       	cpi	r24, 0x01	; 1
    4416:	09 f0       	breq	.+2      	; 0x441a <CLCD_voidSendNumber+0x81a>
    4418:	9e cf       	rjmp	.-196    	; 0x4356 <CLCD_voidSendNumber+0x756>
    441a:	8a 81       	ldd	r24, Y+2	; 0x02
    441c:	88 23       	and	r24, r24
    441e:	09 f0       	breq	.+2      	; 0x4422 <CLCD_voidSendNumber+0x822>
    4420:	9a cf       	rjmp	.-204    	; 0x4356 <CLCD_voidSendNumber+0x756>
    4422:	8b 81       	ldd	r24, Y+3	; 0x03
    4424:	88 23       	and	r24, r24
    4426:	09 f0       	breq	.+2      	; 0x442a <CLCD_voidSendNumber+0x82a>
    4428:	96 cf       	rjmp	.-212    	; 0x4356 <CLCD_voidSendNumber+0x756>
    442a:	8c 81       	ldd	r24, Y+4	; 0x04
    442c:	88 23       	and	r24, r24
    442e:	09 f0       	breq	.+2      	; 0x4432 <CLCD_voidSendNumber+0x832>
    4430:	92 cf       	rjmp	.-220    	; 0x4356 <CLCD_voidSendNumber+0x756>
    4432:	8d 81       	ldd	r24, Y+5	; 0x05
    4434:	88 23       	and	r24, r24
    4436:	09 f0       	breq	.+2      	; 0x443a <CLCD_voidSendNumber+0x83a>
    4438:	8e cf       	rjmp	.-228    	; 0x4356 <CLCD_voidSendNumber+0x756>
    443a:	8e 81       	ldd	r24, Y+6	; 0x06
    443c:	88 23       	and	r24, r24
    443e:	09 f0       	breq	.+2      	; 0x4442 <CLCD_voidSendNumber+0x842>
    4440:	8a cf       	rjmp	.-236    	; 0x4356 <CLCD_voidSendNumber+0x756>
    4442:	8f 81       	ldd	r24, Y+7	; 0x07
    4444:	88 23       	and	r24, r24
    4446:	09 f0       	breq	.+2      	; 0x444a <CLCD_voidSendNumber+0x84a>
    4448:	86 cf       	rjmp	.-244    	; 0x4356 <CLCD_voidSendNumber+0x756>
    444a:	88 85       	ldd	r24, Y+8	; 0x08
    444c:	88 23       	and	r24, r24
    444e:	09 f0       	breq	.+2      	; 0x4452 <CLCD_voidSendNumber+0x852>
    4450:	82 cf       	rjmp	.-252    	; 0x4356 <CLCD_voidSendNumber+0x756>

		}

	}

}
    4452:	ca 59       	subi	r28, 0x9A	; 154
    4454:	df 4f       	sbci	r29, 0xFF	; 255
    4456:	0f b6       	in	r0, 0x3f	; 63
    4458:	f8 94       	cli
    445a:	de bf       	out	0x3e, r29	; 62
    445c:	0f be       	out	0x3f, r0	; 63
    445e:	cd bf       	out	0x3d, r28	; 61
    4460:	cf 91       	pop	r28
    4462:	df 91       	pop	r29
    4464:	1f 91       	pop	r17
    4466:	0f 91       	pop	r16
    4468:	ff 90       	pop	r15
    446a:	ef 90       	pop	r14
    446c:	df 90       	pop	r13
    446e:	cf 90       	pop	r12
    4470:	bf 90       	pop	r11
    4472:	af 90       	pop	r10
    4474:	08 95       	ret

00004476 <CLCD_voidSetPosition>:
*Hint :-
   In This function we send a command which =0b1xxxxxxx
   MSB = 1  ===> refers that it is command to set cursor
   xxxxxxx  ===> refers to AC ( Address Counter 7Bits / DDRAM Locations 128Location )
*/
void CLCD_voidSetPosition ( u8 Copy_u8Row , u8 Copy_u8Col ){
    4476:	df 93       	push	r29
    4478:	cf 93       	push	r28
    447a:	cd b7       	in	r28, 0x3d	; 61
    447c:	de b7       	in	r29, 0x3e	; 62
    447e:	61 97       	sbiw	r28, 0x11	; 17
    4480:	0f b6       	in	r0, 0x3f	; 63
    4482:	f8 94       	cli
    4484:	de bf       	out	0x3e, r29	; 62
    4486:	0f be       	out	0x3f, r0	; 63
    4488:	cd bf       	out	0x3d, r28	; 61
    448a:	88 8b       	std	Y+16, r24	; 0x10
    448c:	69 8b       	std	Y+17, r22	; 0x11

	u8 LOC_u8data ;

	/* In These cases will set at (0,0) ==> if the user enter invalid location */
	if(Copy_u8Row>2||Copy_u8Row<1||Copy_u8Col>16||Copy_u8Col<1)  //check
    448e:	88 89       	ldd	r24, Y+16	; 0x10
    4490:	83 30       	cpi	r24, 0x03	; 3
    4492:	48 f4       	brcc	.+18     	; 0x44a6 <CLCD_voidSetPosition+0x30>
    4494:	88 89       	ldd	r24, Y+16	; 0x10
    4496:	88 23       	and	r24, r24
    4498:	31 f0       	breq	.+12     	; 0x44a6 <CLCD_voidSetPosition+0x30>
    449a:	89 89       	ldd	r24, Y+17	; 0x11
    449c:	81 31       	cpi	r24, 0x11	; 17
    449e:	18 f4       	brcc	.+6      	; 0x44a6 <CLCD_voidSetPosition+0x30>
    44a0:	89 89       	ldd	r24, Y+17	; 0x11
    44a2:	88 23       	and	r24, r24
    44a4:	19 f4       	brne	.+6      	; 0x44ac <CLCD_voidSetPosition+0x36>
	{
		LOC_u8data = lcd_SetCursor ;   // first location 
    44a6:	80 e8       	ldi	r24, 0x80	; 128
    44a8:	8f 87       	std	Y+15, r24	; 0x0f
    44aa:	0d c0       	rjmp	.+26     	; 0x44c6 <CLCD_voidSetPosition+0x50>
	}

	else if( Copy_u8Row == CLCD_ROW_1 ){
    44ac:	88 89       	ldd	r24, Y+16	; 0x10
    44ae:	81 30       	cpi	r24, 0x01	; 1
    44b0:	21 f4       	brne	.+8      	; 0x44ba <CLCD_voidSetPosition+0x44>

		LOC_u8data = ( ( lcd_SetCursor ) + ( Copy_u8Col - 1 ) );              //Row1 -> 0x80+col-1
    44b2:	89 89       	ldd	r24, Y+17	; 0x11
    44b4:	81 58       	subi	r24, 0x81	; 129
    44b6:	8f 87       	std	Y+15, r24	; 0x0f
    44b8:	06 c0       	rjmp	.+12     	; 0x44c6 <CLCD_voidSetPosition+0x50>

	}

	else if( Copy_u8Row == CLCD_ROW_2 ){
    44ba:	88 89       	ldd	r24, Y+16	; 0x10
    44bc:	82 30       	cpi	r24, 0x02	; 2
    44be:	19 f4       	brne	.+6      	; 0x44c6 <CLCD_voidSetPosition+0x50>

		LOC_u8data = ( ( lcd_SetCursor ) + (64) + ( Copy_u8Col - 1 ) );       //Row2 -> 0xc0+col-1
    44c0:	89 89       	ldd	r24, Y+17	; 0x11
    44c2:	81 54       	subi	r24, 0x41	; 65
    44c4:	8f 87       	std	Y+15, r24	; 0x0f

	}
	CLCD_voidSendCommand ( LOC_u8data );
    44c6:	8f 85       	ldd	r24, Y+15	; 0x0f
    44c8:	0e 94 37 1d 	call	0x3a6e	; 0x3a6e <CLCD_voidSendCommand>
    44cc:	80 e0       	ldi	r24, 0x00	; 0
    44ce:	90 e0       	ldi	r25, 0x00	; 0
    44d0:	a0 e8       	ldi	r26, 0x80	; 128
    44d2:	bf e3       	ldi	r27, 0x3F	; 63
    44d4:	8b 87       	std	Y+11, r24	; 0x0b
    44d6:	9c 87       	std	Y+12, r25	; 0x0c
    44d8:	ad 87       	std	Y+13, r26	; 0x0d
    44da:	be 87       	std	Y+14, r27	; 0x0e
 */
void
_delay_ms(double __ms)
{
	uint16_t __ticks;
	double __tmp = ((F_CPU) / 4e3) * __ms;
    44dc:	6b 85       	ldd	r22, Y+11	; 0x0b
    44de:	7c 85       	ldd	r23, Y+12	; 0x0c
    44e0:	8d 85       	ldd	r24, Y+13	; 0x0d
    44e2:	9e 85       	ldd	r25, Y+14	; 0x0e
    44e4:	20 e0       	ldi	r18, 0x00	; 0
    44e6:	30 e0       	ldi	r19, 0x00	; 0
    44e8:	4a ef       	ldi	r20, 0xFA	; 250
    44ea:	54 e4       	ldi	r21, 0x44	; 68
    44ec:	0e 94 7b 0f 	call	0x1ef6	; 0x1ef6 <__mulsf3>
    44f0:	dc 01       	movw	r26, r24
    44f2:	cb 01       	movw	r24, r22
    44f4:	8f 83       	std	Y+7, r24	; 0x07
    44f6:	98 87       	std	Y+8, r25	; 0x08
    44f8:	a9 87       	std	Y+9, r26	; 0x09
    44fa:	ba 87       	std	Y+10, r27	; 0x0a
	if (__tmp < 1.0)
    44fc:	6f 81       	ldd	r22, Y+7	; 0x07
    44fe:	78 85       	ldd	r23, Y+8	; 0x08
    4500:	89 85       	ldd	r24, Y+9	; 0x09
    4502:	9a 85       	ldd	r25, Y+10	; 0x0a
    4504:	20 e0       	ldi	r18, 0x00	; 0
    4506:	30 e0       	ldi	r19, 0x00	; 0
    4508:	40 e8       	ldi	r20, 0x80	; 128
    450a:	5f e3       	ldi	r21, 0x3F	; 63
    450c:	0e 94 d5 10 	call	0x21aa	; 0x21aa <__ltsf2>
    4510:	88 23       	and	r24, r24
    4512:	2c f4       	brge	.+10     	; 0x451e <CLCD_voidSetPosition+0xa8>
		__ticks = 1;
    4514:	81 e0       	ldi	r24, 0x01	; 1
    4516:	90 e0       	ldi	r25, 0x00	; 0
    4518:	9e 83       	std	Y+6, r25	; 0x06
    451a:	8d 83       	std	Y+5, r24	; 0x05
    451c:	3f c0       	rjmp	.+126    	; 0x459c <CLCD_voidSetPosition+0x126>
	else if (__tmp > 65535)
    451e:	6f 81       	ldd	r22, Y+7	; 0x07
    4520:	78 85       	ldd	r23, Y+8	; 0x08
    4522:	89 85       	ldd	r24, Y+9	; 0x09
    4524:	9a 85       	ldd	r25, Y+10	; 0x0a
    4526:	20 e0       	ldi	r18, 0x00	; 0
    4528:	3f ef       	ldi	r19, 0xFF	; 255
    452a:	4f e7       	ldi	r20, 0x7F	; 127
    452c:	57 e4       	ldi	r21, 0x47	; 71
    452e:	0e 94 75 10 	call	0x20ea	; 0x20ea <__gtsf2>
    4532:	18 16       	cp	r1, r24
    4534:	4c f5       	brge	.+82     	; 0x4588 <CLCD_voidSetPosition+0x112>
	{
		//	__ticks = requested delay in 1/10 ms
		__ticks = (uint16_t) (__ms * 10.0);
    4536:	6b 85       	ldd	r22, Y+11	; 0x0b
    4538:	7c 85       	ldd	r23, Y+12	; 0x0c
    453a:	8d 85       	ldd	r24, Y+13	; 0x0d
    453c:	9e 85       	ldd	r25, Y+14	; 0x0e
    453e:	20 e0       	ldi	r18, 0x00	; 0
    4540:	30 e0       	ldi	r19, 0x00	; 0
    4542:	40 e2       	ldi	r20, 0x20	; 32
    4544:	51 e4       	ldi	r21, 0x41	; 65
    4546:	0e 94 7b 0f 	call	0x1ef6	; 0x1ef6 <__mulsf3>
    454a:	dc 01       	movw	r26, r24
    454c:	cb 01       	movw	r24, r22
    454e:	bc 01       	movw	r22, r24
    4550:	cd 01       	movw	r24, r26
    4552:	0e 94 c0 00 	call	0x180	; 0x180 <__fixunssfsi>
    4556:	dc 01       	movw	r26, r24
    4558:	cb 01       	movw	r24, r22
    455a:	9e 83       	std	Y+6, r25	; 0x06
    455c:	8d 83       	std	Y+5, r24	; 0x05
    455e:	0f c0       	rjmp	.+30     	; 0x457e <CLCD_voidSetPosition+0x108>
    4560:	88 ec       	ldi	r24, 0xC8	; 200
    4562:	90 e0       	ldi	r25, 0x00	; 0
    4564:	9c 83       	std	Y+4, r25	; 0x04
    4566:	8b 83       	std	Y+3, r24	; 0x03
    4568:	8b 81       	ldd	r24, Y+3	; 0x03
    456a:	9c 81       	ldd	r25, Y+4	; 0x04
    456c:	01 97       	sbiw	r24, 0x01	; 1
    456e:	f1 f7       	brne	.-4      	; 0x456c <CLCD_voidSetPosition+0xf6>
    4570:	9c 83       	std	Y+4, r25	; 0x04
    4572:	8b 83       	std	Y+3, r24	; 0x03
		while(__ticks)
		{
			// wait 1/10 ms
			_delay_loop_2(((F_CPU) / 4e3) / 10);
			__ticks --;
    4574:	8d 81       	ldd	r24, Y+5	; 0x05
    4576:	9e 81       	ldd	r25, Y+6	; 0x06
    4578:	01 97       	sbiw	r24, 0x01	; 1
    457a:	9e 83       	std	Y+6, r25	; 0x06
    457c:	8d 83       	std	Y+5, r24	; 0x05
		__ticks = 1;
	else if (__tmp > 65535)
	{
		//	__ticks = requested delay in 1/10 ms
		__ticks = (uint16_t) (__ms * 10.0);
		while(__ticks)
    457e:	8d 81       	ldd	r24, Y+5	; 0x05
    4580:	9e 81       	ldd	r25, Y+6	; 0x06
    4582:	00 97       	sbiw	r24, 0x00	; 0
    4584:	69 f7       	brne	.-38     	; 0x4560 <CLCD_voidSetPosition+0xea>
    4586:	14 c0       	rjmp	.+40     	; 0x45b0 <CLCD_voidSetPosition+0x13a>
			__ticks --;
		}
		return;
	}
	else
		__ticks = (uint16_t)__tmp;
    4588:	6f 81       	ldd	r22, Y+7	; 0x07
    458a:	78 85       	ldd	r23, Y+8	; 0x08
    458c:	89 85       	ldd	r24, Y+9	; 0x09
    458e:	9a 85       	ldd	r25, Y+10	; 0x0a
    4590:	0e 94 c0 00 	call	0x180	; 0x180 <__fixunssfsi>
    4594:	dc 01       	movw	r26, r24
    4596:	cb 01       	movw	r24, r22
    4598:	9e 83       	std	Y+6, r25	; 0x06
    459a:	8d 83       	std	Y+5, r24	; 0x05
    459c:	8d 81       	ldd	r24, Y+5	; 0x05
    459e:	9e 81       	ldd	r25, Y+6	; 0x06
    45a0:	9a 83       	std	Y+2, r25	; 0x02
    45a2:	89 83       	std	Y+1, r24	; 0x01
    45a4:	89 81       	ldd	r24, Y+1	; 0x01
    45a6:	9a 81       	ldd	r25, Y+2	; 0x02
    45a8:	01 97       	sbiw	r24, 0x01	; 1
    45aa:	f1 f7       	brne	.-4      	; 0x45a8 <CLCD_voidSetPosition+0x132>
    45ac:	9a 83       	std	Y+2, r25	; 0x02
    45ae:	89 83       	std	Y+1, r24	; 0x01
	_delay_ms(1);

}
    45b0:	61 96       	adiw	r28, 0x11	; 17
    45b2:	0f b6       	in	r0, 0x3f	; 63
    45b4:	f8 94       	cli
    45b6:	de bf       	out	0x3e, r29	; 62
    45b8:	0f be       	out	0x3f, r0	; 63
    45ba:	cd bf       	out	0x3d, r28	; 61
    45bc:	cf 91       	pop	r28
    45be:	df 91       	pop	r29
    45c0:	08 95       	ret

000045c2 <CLCD_voidClearScreen>:
* Breif : This Function clear LCD
* Parameters : nothing
* return : nothing
*/
void CLCD_voidClearScreen(void)
{
    45c2:	df 93       	push	r29
    45c4:	cf 93       	push	r28
    45c6:	cd b7       	in	r28, 0x3d	; 61
    45c8:	de b7       	in	r29, 0x3e	; 62
    45ca:	2e 97       	sbiw	r28, 0x0e	; 14
    45cc:	0f b6       	in	r0, 0x3f	; 63
    45ce:	f8 94       	cli
    45d0:	de bf       	out	0x3e, r29	; 62
    45d2:	0f be       	out	0x3f, r0	; 63
    45d4:	cd bf       	out	0x3d, r28	; 61
	CLCD_voidSendCommand(lcd_Clear);
    45d6:	81 e0       	ldi	r24, 0x01	; 1
    45d8:	0e 94 37 1d 	call	0x3a6e	; 0x3a6e <CLCD_voidSendCommand>
    45dc:	80 e0       	ldi	r24, 0x00	; 0
    45de:	90 e0       	ldi	r25, 0x00	; 0
    45e0:	a0 e2       	ldi	r26, 0x20	; 32
    45e2:	b1 e4       	ldi	r27, 0x41	; 65
    45e4:	8b 87       	std	Y+11, r24	; 0x0b
    45e6:	9c 87       	std	Y+12, r25	; 0x0c
    45e8:	ad 87       	std	Y+13, r26	; 0x0d
    45ea:	be 87       	std	Y+14, r27	; 0x0e
 */
void
_delay_ms(double __ms)
{
	uint16_t __ticks;
	double __tmp = ((F_CPU) / 4e3) * __ms;
    45ec:	6b 85       	ldd	r22, Y+11	; 0x0b
    45ee:	7c 85       	ldd	r23, Y+12	; 0x0c
    45f0:	8d 85       	ldd	r24, Y+13	; 0x0d
    45f2:	9e 85       	ldd	r25, Y+14	; 0x0e
    45f4:	20 e0       	ldi	r18, 0x00	; 0
    45f6:	30 e0       	ldi	r19, 0x00	; 0
    45f8:	4a ef       	ldi	r20, 0xFA	; 250
    45fa:	54 e4       	ldi	r21, 0x44	; 68
    45fc:	0e 94 7b 0f 	call	0x1ef6	; 0x1ef6 <__mulsf3>
    4600:	dc 01       	movw	r26, r24
    4602:	cb 01       	movw	r24, r22
    4604:	8f 83       	std	Y+7, r24	; 0x07
    4606:	98 87       	std	Y+8, r25	; 0x08
    4608:	a9 87       	std	Y+9, r26	; 0x09
    460a:	ba 87       	std	Y+10, r27	; 0x0a
	if (__tmp < 1.0)
    460c:	6f 81       	ldd	r22, Y+7	; 0x07
    460e:	78 85       	ldd	r23, Y+8	; 0x08
    4610:	89 85       	ldd	r24, Y+9	; 0x09
    4612:	9a 85       	ldd	r25, Y+10	; 0x0a
    4614:	20 e0       	ldi	r18, 0x00	; 0
    4616:	30 e0       	ldi	r19, 0x00	; 0
    4618:	40 e8       	ldi	r20, 0x80	; 128
    461a:	5f e3       	ldi	r21, 0x3F	; 63
    461c:	0e 94 d5 10 	call	0x21aa	; 0x21aa <__ltsf2>
    4620:	88 23       	and	r24, r24
    4622:	2c f4       	brge	.+10     	; 0x462e <CLCD_voidClearScreen+0x6c>
		__ticks = 1;
    4624:	81 e0       	ldi	r24, 0x01	; 1
    4626:	90 e0       	ldi	r25, 0x00	; 0
    4628:	9e 83       	std	Y+6, r25	; 0x06
    462a:	8d 83       	std	Y+5, r24	; 0x05
    462c:	3f c0       	rjmp	.+126    	; 0x46ac <CLCD_voidClearScreen+0xea>
	else if (__tmp > 65535)
    462e:	6f 81       	ldd	r22, Y+7	; 0x07
    4630:	78 85       	ldd	r23, Y+8	; 0x08
    4632:	89 85       	ldd	r24, Y+9	; 0x09
    4634:	9a 85       	ldd	r25, Y+10	; 0x0a
    4636:	20 e0       	ldi	r18, 0x00	; 0
    4638:	3f ef       	ldi	r19, 0xFF	; 255
    463a:	4f e7       	ldi	r20, 0x7F	; 127
    463c:	57 e4       	ldi	r21, 0x47	; 71
    463e:	0e 94 75 10 	call	0x20ea	; 0x20ea <__gtsf2>
    4642:	18 16       	cp	r1, r24
    4644:	4c f5       	brge	.+82     	; 0x4698 <CLCD_voidClearScreen+0xd6>
	{
		//	__ticks = requested delay in 1/10 ms
		__ticks = (uint16_t) (__ms * 10.0);
    4646:	6b 85       	ldd	r22, Y+11	; 0x0b
    4648:	7c 85       	ldd	r23, Y+12	; 0x0c
    464a:	8d 85       	ldd	r24, Y+13	; 0x0d
    464c:	9e 85       	ldd	r25, Y+14	; 0x0e
    464e:	20 e0       	ldi	r18, 0x00	; 0
    4650:	30 e0       	ldi	r19, 0x00	; 0
    4652:	40 e2       	ldi	r20, 0x20	; 32
    4654:	51 e4       	ldi	r21, 0x41	; 65
    4656:	0e 94 7b 0f 	call	0x1ef6	; 0x1ef6 <__mulsf3>
    465a:	dc 01       	movw	r26, r24
    465c:	cb 01       	movw	r24, r22
    465e:	bc 01       	movw	r22, r24
    4660:	cd 01       	movw	r24, r26
    4662:	0e 94 c0 00 	call	0x180	; 0x180 <__fixunssfsi>
    4666:	dc 01       	movw	r26, r24
    4668:	cb 01       	movw	r24, r22
    466a:	9e 83       	std	Y+6, r25	; 0x06
    466c:	8d 83       	std	Y+5, r24	; 0x05
    466e:	0f c0       	rjmp	.+30     	; 0x468e <CLCD_voidClearScreen+0xcc>
    4670:	88 ec       	ldi	r24, 0xC8	; 200
    4672:	90 e0       	ldi	r25, 0x00	; 0
    4674:	9c 83       	std	Y+4, r25	; 0x04
    4676:	8b 83       	std	Y+3, r24	; 0x03
    4678:	8b 81       	ldd	r24, Y+3	; 0x03
    467a:	9c 81       	ldd	r25, Y+4	; 0x04
    467c:	01 97       	sbiw	r24, 0x01	; 1
    467e:	f1 f7       	brne	.-4      	; 0x467c <CLCD_voidClearScreen+0xba>
    4680:	9c 83       	std	Y+4, r25	; 0x04
    4682:	8b 83       	std	Y+3, r24	; 0x03
		while(__ticks)
		{
			// wait 1/10 ms
			_delay_loop_2(((F_CPU) / 4e3) / 10);
			__ticks --;
    4684:	8d 81       	ldd	r24, Y+5	; 0x05
    4686:	9e 81       	ldd	r25, Y+6	; 0x06
    4688:	01 97       	sbiw	r24, 0x01	; 1
    468a:	9e 83       	std	Y+6, r25	; 0x06
    468c:	8d 83       	std	Y+5, r24	; 0x05
		__ticks = 1;
	else if (__tmp > 65535)
	{
		//	__ticks = requested delay in 1/10 ms
		__ticks = (uint16_t) (__ms * 10.0);
		while(__ticks)
    468e:	8d 81       	ldd	r24, Y+5	; 0x05
    4690:	9e 81       	ldd	r25, Y+6	; 0x06
    4692:	00 97       	sbiw	r24, 0x00	; 0
    4694:	69 f7       	brne	.-38     	; 0x4670 <CLCD_voidClearScreen+0xae>
    4696:	14 c0       	rjmp	.+40     	; 0x46c0 <CLCD_voidClearScreen+0xfe>
			__ticks --;
		}
		return;
	}
	else
		__ticks = (uint16_t)__tmp;
    4698:	6f 81       	ldd	r22, Y+7	; 0x07
    469a:	78 85       	ldd	r23, Y+8	; 0x08
    469c:	89 85       	ldd	r24, Y+9	; 0x09
    469e:	9a 85       	ldd	r25, Y+10	; 0x0a
    46a0:	0e 94 c0 00 	call	0x180	; 0x180 <__fixunssfsi>
    46a4:	dc 01       	movw	r26, r24
    46a6:	cb 01       	movw	r24, r22
    46a8:	9e 83       	std	Y+6, r25	; 0x06
    46aa:	8d 83       	std	Y+5, r24	; 0x05
    46ac:	8d 81       	ldd	r24, Y+5	; 0x05
    46ae:	9e 81       	ldd	r25, Y+6	; 0x06
    46b0:	9a 83       	std	Y+2, r25	; 0x02
    46b2:	89 83       	std	Y+1, r24	; 0x01
    46b4:	89 81       	ldd	r24, Y+1	; 0x01
    46b6:	9a 81       	ldd	r25, Y+2	; 0x02
    46b8:	01 97       	sbiw	r24, 0x01	; 1
    46ba:	f1 f7       	brne	.-4      	; 0x46b8 <CLCD_voidClearScreen+0xf6>
    46bc:	9a 83       	std	Y+2, r25	; 0x02
    46be:	89 83       	std	Y+1, r24	; 0x01
	_delay_ms(10); //wait more than 1.53 ms
}
    46c0:	2e 96       	adiw	r28, 0x0e	; 14
    46c2:	0f b6       	in	r0, 0x3f	; 63
    46c4:	f8 94       	cli
    46c6:	de bf       	out	0x3e, r29	; 62
    46c8:	0f be       	out	0x3f, r0	; 63
    46ca:	cd bf       	out	0x3d, r28	; 61
    46cc:	cf 91       	pop	r28
    46ce:	df 91       	pop	r29
    46d0:	08 95       	ret

000046d2 <CLCD_voidSendFallingEdge>:
*
* Hint : static Function to forbid calling it out this file
*
*/
static void CLCD_voidSendFallingEdge(void)
{
    46d2:	df 93       	push	r29
    46d4:	cf 93       	push	r28
    46d6:	cd b7       	in	r28, 0x3d	; 61
    46d8:	de b7       	in	r29, 0x3e	; 62
    46da:	6c 97       	sbiw	r28, 0x1c	; 28
    46dc:	0f b6       	in	r0, 0x3f	; 63
    46de:	f8 94       	cli
    46e0:	de bf       	out	0x3e, r29	; 62
    46e2:	0f be       	out	0x3f, r0	; 63
    46e4:	cd bf       	out	0x3d, r28	; 61
	DIO_enumSetPinValue  ( CLCD_CONTROL_PORT , CLCD_EN , DIO_PIN_HIGH );
    46e6:	81 e0       	ldi	r24, 0x01	; 1
    46e8:	63 e0       	ldi	r22, 0x03	; 3
    46ea:	41 e0       	ldi	r20, 0x01	; 1
    46ec:	0e 94 0e 14 	call	0x281c	; 0x281c <DIO_enumSetPinValue>
    46f0:	80 e0       	ldi	r24, 0x00	; 0
    46f2:	90 e0       	ldi	r25, 0x00	; 0
    46f4:	a0 e8       	ldi	r26, 0x80	; 128
    46f6:	bf e3       	ldi	r27, 0x3F	; 63
    46f8:	89 8f       	std	Y+25, r24	; 0x19
    46fa:	9a 8f       	std	Y+26, r25	; 0x1a
    46fc:	ab 8f       	std	Y+27, r26	; 0x1b
    46fe:	bc 8f       	std	Y+28, r27	; 0x1c
 */
void
_delay_ms(double __ms)
{
	uint16_t __ticks;
	double __tmp = ((F_CPU) / 4e3) * __ms;
    4700:	69 8d       	ldd	r22, Y+25	; 0x19
    4702:	7a 8d       	ldd	r23, Y+26	; 0x1a
    4704:	8b 8d       	ldd	r24, Y+27	; 0x1b
    4706:	9c 8d       	ldd	r25, Y+28	; 0x1c
    4708:	20 e0       	ldi	r18, 0x00	; 0
    470a:	30 e0       	ldi	r19, 0x00	; 0
    470c:	4a ef       	ldi	r20, 0xFA	; 250
    470e:	54 e4       	ldi	r21, 0x44	; 68
    4710:	0e 94 7b 0f 	call	0x1ef6	; 0x1ef6 <__mulsf3>
    4714:	dc 01       	movw	r26, r24
    4716:	cb 01       	movw	r24, r22
    4718:	8d 8b       	std	Y+21, r24	; 0x15
    471a:	9e 8b       	std	Y+22, r25	; 0x16
    471c:	af 8b       	std	Y+23, r26	; 0x17
    471e:	b8 8f       	std	Y+24, r27	; 0x18
	if (__tmp < 1.0)
    4720:	6d 89       	ldd	r22, Y+21	; 0x15
    4722:	7e 89       	ldd	r23, Y+22	; 0x16
    4724:	8f 89       	ldd	r24, Y+23	; 0x17
    4726:	98 8d       	ldd	r25, Y+24	; 0x18
    4728:	20 e0       	ldi	r18, 0x00	; 0
    472a:	30 e0       	ldi	r19, 0x00	; 0
    472c:	40 e8       	ldi	r20, 0x80	; 128
    472e:	5f e3       	ldi	r21, 0x3F	; 63
    4730:	0e 94 d5 10 	call	0x21aa	; 0x21aa <__ltsf2>
    4734:	88 23       	and	r24, r24
    4736:	2c f4       	brge	.+10     	; 0x4742 <CLCD_voidSendFallingEdge+0x70>
		__ticks = 1;
    4738:	81 e0       	ldi	r24, 0x01	; 1
    473a:	90 e0       	ldi	r25, 0x00	; 0
    473c:	9c 8b       	std	Y+20, r25	; 0x14
    473e:	8b 8b       	std	Y+19, r24	; 0x13
    4740:	3f c0       	rjmp	.+126    	; 0x47c0 <CLCD_voidSendFallingEdge+0xee>
	else if (__tmp > 65535)
    4742:	6d 89       	ldd	r22, Y+21	; 0x15
    4744:	7e 89       	ldd	r23, Y+22	; 0x16
    4746:	8f 89       	ldd	r24, Y+23	; 0x17
    4748:	98 8d       	ldd	r25, Y+24	; 0x18
    474a:	20 e0       	ldi	r18, 0x00	; 0
    474c:	3f ef       	ldi	r19, 0xFF	; 255
    474e:	4f e7       	ldi	r20, 0x7F	; 127
    4750:	57 e4       	ldi	r21, 0x47	; 71
    4752:	0e 94 75 10 	call	0x20ea	; 0x20ea <__gtsf2>
    4756:	18 16       	cp	r1, r24
    4758:	4c f5       	brge	.+82     	; 0x47ac <CLCD_voidSendFallingEdge+0xda>
	{
		//	__ticks = requested delay in 1/10 ms
		__ticks = (uint16_t) (__ms * 10.0);
    475a:	69 8d       	ldd	r22, Y+25	; 0x19
    475c:	7a 8d       	ldd	r23, Y+26	; 0x1a
    475e:	8b 8d       	ldd	r24, Y+27	; 0x1b
    4760:	9c 8d       	ldd	r25, Y+28	; 0x1c
    4762:	20 e0       	ldi	r18, 0x00	; 0
    4764:	30 e0       	ldi	r19, 0x00	; 0
    4766:	40 e2       	ldi	r20, 0x20	; 32
    4768:	51 e4       	ldi	r21, 0x41	; 65
    476a:	0e 94 7b 0f 	call	0x1ef6	; 0x1ef6 <__mulsf3>
    476e:	dc 01       	movw	r26, r24
    4770:	cb 01       	movw	r24, r22
    4772:	bc 01       	movw	r22, r24
    4774:	cd 01       	movw	r24, r26
    4776:	0e 94 c0 00 	call	0x180	; 0x180 <__fixunssfsi>
    477a:	dc 01       	movw	r26, r24
    477c:	cb 01       	movw	r24, r22
    477e:	9c 8b       	std	Y+20, r25	; 0x14
    4780:	8b 8b       	std	Y+19, r24	; 0x13
    4782:	0f c0       	rjmp	.+30     	; 0x47a2 <CLCD_voidSendFallingEdge+0xd0>
    4784:	88 ec       	ldi	r24, 0xC8	; 200
    4786:	90 e0       	ldi	r25, 0x00	; 0
    4788:	9a 8b       	std	Y+18, r25	; 0x12
    478a:	89 8b       	std	Y+17, r24	; 0x11
    478c:	89 89       	ldd	r24, Y+17	; 0x11
    478e:	9a 89       	ldd	r25, Y+18	; 0x12
    4790:	01 97       	sbiw	r24, 0x01	; 1
    4792:	f1 f7       	brne	.-4      	; 0x4790 <CLCD_voidSendFallingEdge+0xbe>
    4794:	9a 8b       	std	Y+18, r25	; 0x12
    4796:	89 8b       	std	Y+17, r24	; 0x11
		while(__ticks)
		{
			// wait 1/10 ms
			_delay_loop_2(((F_CPU) / 4e3) / 10);
			__ticks --;
    4798:	8b 89       	ldd	r24, Y+19	; 0x13
    479a:	9c 89       	ldd	r25, Y+20	; 0x14
    479c:	01 97       	sbiw	r24, 0x01	; 1
    479e:	9c 8b       	std	Y+20, r25	; 0x14
    47a0:	8b 8b       	std	Y+19, r24	; 0x13
		__ticks = 1;
	else if (__tmp > 65535)
	{
		//	__ticks = requested delay in 1/10 ms
		__ticks = (uint16_t) (__ms * 10.0);
		while(__ticks)
    47a2:	8b 89       	ldd	r24, Y+19	; 0x13
    47a4:	9c 89       	ldd	r25, Y+20	; 0x14
    47a6:	00 97       	sbiw	r24, 0x00	; 0
    47a8:	69 f7       	brne	.-38     	; 0x4784 <CLCD_voidSendFallingEdge+0xb2>
    47aa:	14 c0       	rjmp	.+40     	; 0x47d4 <CLCD_voidSendFallingEdge+0x102>
			__ticks --;
		}
		return;
	}
	else
		__ticks = (uint16_t)__tmp;
    47ac:	6d 89       	ldd	r22, Y+21	; 0x15
    47ae:	7e 89       	ldd	r23, Y+22	; 0x16
    47b0:	8f 89       	ldd	r24, Y+23	; 0x17
    47b2:	98 8d       	ldd	r25, Y+24	; 0x18
    47b4:	0e 94 c0 00 	call	0x180	; 0x180 <__fixunssfsi>
    47b8:	dc 01       	movw	r26, r24
    47ba:	cb 01       	movw	r24, r22
    47bc:	9c 8b       	std	Y+20, r25	; 0x14
    47be:	8b 8b       	std	Y+19, r24	; 0x13
    47c0:	8b 89       	ldd	r24, Y+19	; 0x13
    47c2:	9c 89       	ldd	r25, Y+20	; 0x14
    47c4:	98 8b       	std	Y+16, r25	; 0x10
    47c6:	8f 87       	std	Y+15, r24	; 0x0f
    47c8:	8f 85       	ldd	r24, Y+15	; 0x0f
    47ca:	98 89       	ldd	r25, Y+16	; 0x10
    47cc:	01 97       	sbiw	r24, 0x01	; 1
    47ce:	f1 f7       	brne	.-4      	; 0x47cc <CLCD_voidSendFallingEdge+0xfa>
    47d0:	98 8b       	std	Y+16, r25	; 0x10
    47d2:	8f 87       	std	Y+15, r24	; 0x0f
	_delay_ms(1);
	DIO_enumSetPinValue  ( CLCD_CONTROL_PORT , CLCD_EN , DIO_PIN_LOW  );
    47d4:	81 e0       	ldi	r24, 0x01	; 1
    47d6:	63 e0       	ldi	r22, 0x03	; 3
    47d8:	40 e0       	ldi	r20, 0x00	; 0
    47da:	0e 94 0e 14 	call	0x281c	; 0x281c <DIO_enumSetPinValue>
    47de:	80 e0       	ldi	r24, 0x00	; 0
    47e0:	90 e0       	ldi	r25, 0x00	; 0
    47e2:	a0 e8       	ldi	r26, 0x80	; 128
    47e4:	bf e3       	ldi	r27, 0x3F	; 63
    47e6:	8b 87       	std	Y+11, r24	; 0x0b
    47e8:	9c 87       	std	Y+12, r25	; 0x0c
    47ea:	ad 87       	std	Y+13, r26	; 0x0d
    47ec:	be 87       	std	Y+14, r27	; 0x0e
 */
void
_delay_ms(double __ms)
{
	uint16_t __ticks;
	double __tmp = ((F_CPU) / 4e3) * __ms;
    47ee:	6b 85       	ldd	r22, Y+11	; 0x0b
    47f0:	7c 85       	ldd	r23, Y+12	; 0x0c
    47f2:	8d 85       	ldd	r24, Y+13	; 0x0d
    47f4:	9e 85       	ldd	r25, Y+14	; 0x0e
    47f6:	20 e0       	ldi	r18, 0x00	; 0
    47f8:	30 e0       	ldi	r19, 0x00	; 0
    47fa:	4a ef       	ldi	r20, 0xFA	; 250
    47fc:	54 e4       	ldi	r21, 0x44	; 68
    47fe:	0e 94 7b 0f 	call	0x1ef6	; 0x1ef6 <__mulsf3>
    4802:	dc 01       	movw	r26, r24
    4804:	cb 01       	movw	r24, r22
    4806:	8f 83       	std	Y+7, r24	; 0x07
    4808:	98 87       	std	Y+8, r25	; 0x08
    480a:	a9 87       	std	Y+9, r26	; 0x09
    480c:	ba 87       	std	Y+10, r27	; 0x0a
	if (__tmp < 1.0)
    480e:	6f 81       	ldd	r22, Y+7	; 0x07
    4810:	78 85       	ldd	r23, Y+8	; 0x08
    4812:	89 85       	ldd	r24, Y+9	; 0x09
    4814:	9a 85       	ldd	r25, Y+10	; 0x0a
    4816:	20 e0       	ldi	r18, 0x00	; 0
    4818:	30 e0       	ldi	r19, 0x00	; 0
    481a:	40 e8       	ldi	r20, 0x80	; 128
    481c:	5f e3       	ldi	r21, 0x3F	; 63
    481e:	0e 94 d5 10 	call	0x21aa	; 0x21aa <__ltsf2>
    4822:	88 23       	and	r24, r24
    4824:	2c f4       	brge	.+10     	; 0x4830 <CLCD_voidSendFallingEdge+0x15e>
		__ticks = 1;
    4826:	81 e0       	ldi	r24, 0x01	; 1
    4828:	90 e0       	ldi	r25, 0x00	; 0
    482a:	9e 83       	std	Y+6, r25	; 0x06
    482c:	8d 83       	std	Y+5, r24	; 0x05
    482e:	3f c0       	rjmp	.+126    	; 0x48ae <CLCD_voidSendFallingEdge+0x1dc>
	else if (__tmp > 65535)
    4830:	6f 81       	ldd	r22, Y+7	; 0x07
    4832:	78 85       	ldd	r23, Y+8	; 0x08
    4834:	89 85       	ldd	r24, Y+9	; 0x09
    4836:	9a 85       	ldd	r25, Y+10	; 0x0a
    4838:	20 e0       	ldi	r18, 0x00	; 0
    483a:	3f ef       	ldi	r19, 0xFF	; 255
    483c:	4f e7       	ldi	r20, 0x7F	; 127
    483e:	57 e4       	ldi	r21, 0x47	; 71
    4840:	0e 94 75 10 	call	0x20ea	; 0x20ea <__gtsf2>
    4844:	18 16       	cp	r1, r24
    4846:	4c f5       	brge	.+82     	; 0x489a <CLCD_voidSendFallingEdge+0x1c8>
	{
		//	__ticks = requested delay in 1/10 ms
		__ticks = (uint16_t) (__ms * 10.0);
    4848:	6b 85       	ldd	r22, Y+11	; 0x0b
    484a:	7c 85       	ldd	r23, Y+12	; 0x0c
    484c:	8d 85       	ldd	r24, Y+13	; 0x0d
    484e:	9e 85       	ldd	r25, Y+14	; 0x0e
    4850:	20 e0       	ldi	r18, 0x00	; 0
    4852:	30 e0       	ldi	r19, 0x00	; 0
    4854:	40 e2       	ldi	r20, 0x20	; 32
    4856:	51 e4       	ldi	r21, 0x41	; 65
    4858:	0e 94 7b 0f 	call	0x1ef6	; 0x1ef6 <__mulsf3>
    485c:	dc 01       	movw	r26, r24
    485e:	cb 01       	movw	r24, r22
    4860:	bc 01       	movw	r22, r24
    4862:	cd 01       	movw	r24, r26
    4864:	0e 94 c0 00 	call	0x180	; 0x180 <__fixunssfsi>
    4868:	dc 01       	movw	r26, r24
    486a:	cb 01       	movw	r24, r22
    486c:	9e 83       	std	Y+6, r25	; 0x06
    486e:	8d 83       	std	Y+5, r24	; 0x05
    4870:	0f c0       	rjmp	.+30     	; 0x4890 <CLCD_voidSendFallingEdge+0x1be>
    4872:	88 ec       	ldi	r24, 0xC8	; 200
    4874:	90 e0       	ldi	r25, 0x00	; 0
    4876:	9c 83       	std	Y+4, r25	; 0x04
    4878:	8b 83       	std	Y+3, r24	; 0x03
    487a:	8b 81       	ldd	r24, Y+3	; 0x03
    487c:	9c 81       	ldd	r25, Y+4	; 0x04
    487e:	01 97       	sbiw	r24, 0x01	; 1
    4880:	f1 f7       	brne	.-4      	; 0x487e <CLCD_voidSendFallingEdge+0x1ac>
    4882:	9c 83       	std	Y+4, r25	; 0x04
    4884:	8b 83       	std	Y+3, r24	; 0x03
		while(__ticks)
		{
			// wait 1/10 ms
			_delay_loop_2(((F_CPU) / 4e3) / 10);
			__ticks --;
    4886:	8d 81       	ldd	r24, Y+5	; 0x05
    4888:	9e 81       	ldd	r25, Y+6	; 0x06
    488a:	01 97       	sbiw	r24, 0x01	; 1
    488c:	9e 83       	std	Y+6, r25	; 0x06
    488e:	8d 83       	std	Y+5, r24	; 0x05
		__ticks = 1;
	else if (__tmp > 65535)
	{
		//	__ticks = requested delay in 1/10 ms
		__ticks = (uint16_t) (__ms * 10.0);
		while(__ticks)
    4890:	8d 81       	ldd	r24, Y+5	; 0x05
    4892:	9e 81       	ldd	r25, Y+6	; 0x06
    4894:	00 97       	sbiw	r24, 0x00	; 0
    4896:	69 f7       	brne	.-38     	; 0x4872 <CLCD_voidSendFallingEdge+0x1a0>
    4898:	14 c0       	rjmp	.+40     	; 0x48c2 <CLCD_voidSendFallingEdge+0x1f0>
			__ticks --;
		}
		return;
	}
	else
		__ticks = (uint16_t)__tmp;
    489a:	6f 81       	ldd	r22, Y+7	; 0x07
    489c:	78 85       	ldd	r23, Y+8	; 0x08
    489e:	89 85       	ldd	r24, Y+9	; 0x09
    48a0:	9a 85       	ldd	r25, Y+10	; 0x0a
    48a2:	0e 94 c0 00 	call	0x180	; 0x180 <__fixunssfsi>
    48a6:	dc 01       	movw	r26, r24
    48a8:	cb 01       	movw	r24, r22
    48aa:	9e 83       	std	Y+6, r25	; 0x06
    48ac:	8d 83       	std	Y+5, r24	; 0x05
    48ae:	8d 81       	ldd	r24, Y+5	; 0x05
    48b0:	9e 81       	ldd	r25, Y+6	; 0x06
    48b2:	9a 83       	std	Y+2, r25	; 0x02
    48b4:	89 83       	std	Y+1, r24	; 0x01
    48b6:	89 81       	ldd	r24, Y+1	; 0x01
    48b8:	9a 81       	ldd	r25, Y+2	; 0x02
    48ba:	01 97       	sbiw	r24, 0x01	; 1
    48bc:	f1 f7       	brne	.-4      	; 0x48ba <CLCD_voidSendFallingEdge+0x1e8>
    48be:	9a 83       	std	Y+2, r25	; 0x02
    48c0:	89 83       	std	Y+1, r24	; 0x01
	_delay_ms(1);
}
    48c2:	6c 96       	adiw	r28, 0x1c	; 28
    48c4:	0f b6       	in	r0, 0x3f	; 63
    48c6:	f8 94       	cli
    48c8:	de bf       	out	0x3e, r29	; 62
    48ca:	0f be       	out	0x3f, r0	; 63
    48cc:	cd bf       	out	0x3d, r28	; 61
    48ce:	cf 91       	pop	r28
    48d0:	df 91       	pop	r29
    48d2:	08 95       	ret

000048d4 <main>:
 */
#include "../LIB/STD_TYPES.h"
#include "../HAL/LCD/CLCD_interface.h"
#include <avr/io.h>
int main(void)
{
    48d4:	df 93       	push	r29
    48d6:	cf 93       	push	r28
    48d8:	cd b7       	in	r28, 0x3d	; 61
    48da:	de b7       	in	r29, 0x3e	; 62
    CLCD_voidInit();
    48dc:	0e 94 00 1a 	call	0x3400	; 0x3400 <CLCD_voidInit>

    CLCD_voidSendData('A');
    48e0:	81 e4       	ldi	r24, 0x41	; 65
    48e2:	0e 94 97 1c 	call	0x392e	; 0x392e <CLCD_voidSendData>
    48e6:	ff cf       	rjmp	.-2      	; 0x48e6 <main+0x12>

000048e8 <__mulsi3>:
    48e8:	62 9f       	mul	r22, r18
    48ea:	d0 01       	movw	r26, r0
    48ec:	73 9f       	mul	r23, r19
    48ee:	f0 01       	movw	r30, r0
    48f0:	82 9f       	mul	r24, r18
    48f2:	e0 0d       	add	r30, r0
    48f4:	f1 1d       	adc	r31, r1
    48f6:	64 9f       	mul	r22, r20
    48f8:	e0 0d       	add	r30, r0
    48fa:	f1 1d       	adc	r31, r1
    48fc:	92 9f       	mul	r25, r18
    48fe:	f0 0d       	add	r31, r0
    4900:	83 9f       	mul	r24, r19
    4902:	f0 0d       	add	r31, r0
    4904:	74 9f       	mul	r23, r20
    4906:	f0 0d       	add	r31, r0
    4908:	65 9f       	mul	r22, r21
    490a:	f0 0d       	add	r31, r0
    490c:	99 27       	eor	r25, r25
    490e:	72 9f       	mul	r23, r18
    4910:	b0 0d       	add	r27, r0
    4912:	e1 1d       	adc	r30, r1
    4914:	f9 1f       	adc	r31, r25
    4916:	63 9f       	mul	r22, r19
    4918:	b0 0d       	add	r27, r0
    491a:	e1 1d       	adc	r30, r1
    491c:	f9 1f       	adc	r31, r25
    491e:	bd 01       	movw	r22, r26
    4920:	cf 01       	movw	r24, r30
    4922:	11 24       	eor	r1, r1
    4924:	08 95       	ret

00004926 <__udivmodsi4>:
    4926:	a1 e2       	ldi	r26, 0x21	; 33
    4928:	1a 2e       	mov	r1, r26
    492a:	aa 1b       	sub	r26, r26
    492c:	bb 1b       	sub	r27, r27
    492e:	fd 01       	movw	r30, r26
    4930:	0d c0       	rjmp	.+26     	; 0x494c <__udivmodsi4_ep>

00004932 <__udivmodsi4_loop>:
    4932:	aa 1f       	adc	r26, r26
    4934:	bb 1f       	adc	r27, r27
    4936:	ee 1f       	adc	r30, r30
    4938:	ff 1f       	adc	r31, r31
    493a:	a2 17       	cp	r26, r18
    493c:	b3 07       	cpc	r27, r19
    493e:	e4 07       	cpc	r30, r20
    4940:	f5 07       	cpc	r31, r21
    4942:	20 f0       	brcs	.+8      	; 0x494c <__udivmodsi4_ep>
    4944:	a2 1b       	sub	r26, r18
    4946:	b3 0b       	sbc	r27, r19
    4948:	e4 0b       	sbc	r30, r20
    494a:	f5 0b       	sbc	r31, r21

0000494c <__udivmodsi4_ep>:
    494c:	66 1f       	adc	r22, r22
    494e:	77 1f       	adc	r23, r23
    4950:	88 1f       	adc	r24, r24
    4952:	99 1f       	adc	r25, r25
    4954:	1a 94       	dec	r1
    4956:	69 f7       	brne	.-38     	; 0x4932 <__udivmodsi4_loop>
    4958:	60 95       	com	r22
    495a:	70 95       	com	r23
    495c:	80 95       	com	r24
    495e:	90 95       	com	r25
    4960:	9b 01       	movw	r18, r22
    4962:	ac 01       	movw	r20, r24
    4964:	bd 01       	movw	r22, r26
    4966:	cf 01       	movw	r24, r30
    4968:	08 95       	ret

0000496a <__prologue_saves__>:
    496a:	2f 92       	push	r2
    496c:	3f 92       	push	r3
    496e:	4f 92       	push	r4
    4970:	5f 92       	push	r5
    4972:	6f 92       	push	r6
    4974:	7f 92       	push	r7
    4976:	8f 92       	push	r8
    4978:	9f 92       	push	r9
    497a:	af 92       	push	r10
    497c:	bf 92       	push	r11
    497e:	cf 92       	push	r12
    4980:	df 92       	push	r13
    4982:	ef 92       	push	r14
    4984:	ff 92       	push	r15
    4986:	0f 93       	push	r16
    4988:	1f 93       	push	r17
    498a:	cf 93       	push	r28
    498c:	df 93       	push	r29
    498e:	cd b7       	in	r28, 0x3d	; 61
    4990:	de b7       	in	r29, 0x3e	; 62
    4992:	ca 1b       	sub	r28, r26
    4994:	db 0b       	sbc	r29, r27
    4996:	0f b6       	in	r0, 0x3f	; 63
    4998:	f8 94       	cli
    499a:	de bf       	out	0x3e, r29	; 62
    499c:	0f be       	out	0x3f, r0	; 63
    499e:	cd bf       	out	0x3d, r28	; 61
    49a0:	09 94       	ijmp

000049a2 <__epilogue_restores__>:
    49a2:	2a 88       	ldd	r2, Y+18	; 0x12
    49a4:	39 88       	ldd	r3, Y+17	; 0x11
    49a6:	48 88       	ldd	r4, Y+16	; 0x10
    49a8:	5f 84       	ldd	r5, Y+15	; 0x0f
    49aa:	6e 84       	ldd	r6, Y+14	; 0x0e
    49ac:	7d 84       	ldd	r7, Y+13	; 0x0d
    49ae:	8c 84       	ldd	r8, Y+12	; 0x0c
    49b0:	9b 84       	ldd	r9, Y+11	; 0x0b
    49b2:	aa 84       	ldd	r10, Y+10	; 0x0a
    49b4:	b9 84       	ldd	r11, Y+9	; 0x09
    49b6:	c8 84       	ldd	r12, Y+8	; 0x08
    49b8:	df 80       	ldd	r13, Y+7	; 0x07
    49ba:	ee 80       	ldd	r14, Y+6	; 0x06
    49bc:	fd 80       	ldd	r15, Y+5	; 0x05
    49be:	0c 81       	ldd	r16, Y+4	; 0x04
    49c0:	1b 81       	ldd	r17, Y+3	; 0x03
    49c2:	aa 81       	ldd	r26, Y+2	; 0x02
    49c4:	b9 81       	ldd	r27, Y+1	; 0x01
    49c6:	ce 0f       	add	r28, r30
    49c8:	d1 1d       	adc	r29, r1
    49ca:	0f b6       	in	r0, 0x3f	; 63
    49cc:	f8 94       	cli
    49ce:	de bf       	out	0x3e, r29	; 62
    49d0:	0f be       	out	0x3f, r0	; 63
    49d2:	cd bf       	out	0x3d, r28	; 61
    49d4:	ed 01       	movw	r28, r26
    49d6:	08 95       	ret

000049d8 <_exit>:
    49d8:	f8 94       	cli

000049da <__stop_program>:
    49da:	ff cf       	rjmp	.-2      	; 0x49da <__stop_program>
