
Battery_charger.elf:     file format elf32-avr

Sections:
Idx Name          Size      VMA       LMA       File off  Algn
  0 .text         000038de  00000000  00000000  00000094  2**1
                  CONTENTS, ALLOC, LOAD, READONLY, CODE
  1 .data         0000016a  00800060  000038de  00003972  2**0
                  CONTENTS, ALLOC, LOAD, DATA
  2 .bss          00000016  008001ca  008001ca  00003adc  2**0
                  ALLOC
  3 .stab         00002ebc  00000000  00000000  00003adc  2**2
                  CONTENTS, READONLY, DEBUGGING
  4 .stabstr      000011a7  00000000  00000000  00006998  2**0
                  CONTENTS, READONLY, DEBUGGING
  5 .debug_aranges 00000140  00000000  00000000  00007b3f  2**0
                  CONTENTS, READONLY, DEBUGGING
  6 .debug_pubnames 00000170  00000000  00000000  00007c7f  2**0
                  CONTENTS, READONLY, DEBUGGING
  7 .debug_info   00001c49  00000000  00000000  00007def  2**0
                  CONTENTS, READONLY, DEBUGGING
  8 .debug_abbrev 00000eeb  00000000  00000000  00009a38  2**0
                  CONTENTS, READONLY, DEBUGGING
  9 .debug_line   00000dad  00000000  00000000  0000a923  2**0
                  CONTENTS, READONLY, DEBUGGING
 10 .debug_frame  00000160  00000000  00000000  0000b6d0  2**2
                  CONTENTS, READONLY, DEBUGGING
 11 .debug_str    0000028d  00000000  00000000  0000b830  2**0
                  CONTENTS, READONLY, DEBUGGING
 12 .debug_loc    000007ce  00000000  00000000  0000babd  2**0
                  CONTENTS, READONLY, DEBUGGING
 13 .debug_ranges 00000050  00000000  00000000  0000c28b  2**0
                  CONTENTS, READONLY, DEBUGGING

Disassembly of section .text:

00000000 <__vectors>:
       0:	0c 94 2a 00 	jmp	0x54	; 0x54 <__ctors_end>
       4:	0c 94 80 09 	jmp	0x1300	; 0x1300 <__vector_1>
       8:	0c 94 b3 09 	jmp	0x1366	; 0x1366 <__vector_2>
       c:	0c 94 e6 09 	jmp	0x13cc	; 0x13cc <__vector_3>
      10:	0c 94 47 00 	jmp	0x8e	; 0x8e <__bad_interrupt>
      14:	0c 94 47 00 	jmp	0x8e	; 0x8e <__bad_interrupt>
      18:	0c 94 47 00 	jmp	0x8e	; 0x8e <__bad_interrupt>
      1c:	0c 94 47 00 	jmp	0x8e	; 0x8e <__bad_interrupt>
      20:	0c 94 47 00 	jmp	0x8e	; 0x8e <__bad_interrupt>
      24:	0c 94 47 00 	jmp	0x8e	; 0x8e <__bad_interrupt>
      28:	0c 94 9e 07 	jmp	0xf3c	; 0xf3c <__vector_10>
      2c:	0c 94 25 07 	jmp	0xe4a	; 0xe4a <__vector_11>
      30:	0c 94 47 00 	jmp	0x8e	; 0x8e <__bad_interrupt>
      34:	0c 94 47 00 	jmp	0x8e	; 0x8e <__bad_interrupt>
      38:	0c 94 47 00 	jmp	0x8e	; 0x8e <__bad_interrupt>
      3c:	0c 94 47 00 	jmp	0x8e	; 0x8e <__bad_interrupt>
      40:	0c 94 47 00 	jmp	0x8e	; 0x8e <__bad_interrupt>
      44:	0c 94 47 00 	jmp	0x8e	; 0x8e <__bad_interrupt>
      48:	0c 94 47 00 	jmp	0x8e	; 0x8e <__bad_interrupt>
      4c:	0c 94 47 00 	jmp	0x8e	; 0x8e <__bad_interrupt>
      50:	0c 94 47 00 	jmp	0x8e	; 0x8e <__bad_interrupt>

00000054 <__ctors_end>:
      54:	11 24       	eor	r1, r1
      56:	1f be       	out	0x3f, r1	; 63
      58:	cf e5       	ldi	r28, 0x5F	; 95
      5a:	d8 e0       	ldi	r29, 0x08	; 8
      5c:	de bf       	out	0x3e, r29	; 62
      5e:	cd bf       	out	0x3d, r28	; 61

00000060 <__do_copy_data>:
      60:	11 e0       	ldi	r17, 0x01	; 1
      62:	a0 e6       	ldi	r26, 0x60	; 96
      64:	b0 e0       	ldi	r27, 0x00	; 0
      66:	ee ed       	ldi	r30, 0xDE	; 222
      68:	f8 e3       	ldi	r31, 0x38	; 56
      6a:	02 c0       	rjmp	.+4      	; 0x70 <.do_copy_data_start>

0000006c <.do_copy_data_loop>:
      6c:	05 90       	lpm	r0, Z+
      6e:	0d 92       	st	X+, r0

00000070 <.do_copy_data_start>:
      70:	aa 3c       	cpi	r26, 0xCA	; 202
      72:	b1 07       	cpc	r27, r17
      74:	d9 f7       	brne	.-10     	; 0x6c <.do_copy_data_loop>

00000076 <__do_clear_bss>:
      76:	11 e0       	ldi	r17, 0x01	; 1
      78:	aa ec       	ldi	r26, 0xCA	; 202
      7a:	b1 e0       	ldi	r27, 0x01	; 1
      7c:	01 c0       	rjmp	.+2      	; 0x80 <.do_clear_bss_start>

0000007e <.do_clear_bss_loop>:
      7e:	1d 92       	st	X+, r1

00000080 <.do_clear_bss_start>:
      80:	a0 3e       	cpi	r26, 0xE0	; 224
      82:	b1 07       	cpc	r27, r17
      84:	e1 f7       	brne	.-8      	; 0x7e <.do_clear_bss_loop>
      86:	0e 94 7e 15 	call	0x2afc	; 0x2afc <main>
      8a:	0c 94 6d 1c 	jmp	0x38da	; 0x38da <_exit>

0000008e <__bad_interrupt>:
      8e:	0c 94 00 00 	jmp	0	; 0x0 <__vectors>

00000092 <__fixunssfsi>:
      92:	ef 92       	push	r14
      94:	ff 92       	push	r15
      96:	0f 93       	push	r16
      98:	1f 93       	push	r17
      9a:	7b 01       	movw	r14, r22
      9c:	8c 01       	movw	r16, r24
      9e:	20 e0       	ldi	r18, 0x00	; 0
      a0:	30 e0       	ldi	r19, 0x00	; 0
      a2:	40 e0       	ldi	r20, 0x00	; 0
      a4:	5f e4       	ldi	r21, 0x4F	; 79
      a6:	0e 94 49 03 	call	0x692	; 0x692 <__gesf2>
      aa:	88 23       	and	r24, r24
      ac:	8c f0       	brlt	.+34     	; 0xd0 <__fixunssfsi+0x3e>
      ae:	c8 01       	movw	r24, r16
      b0:	b7 01       	movw	r22, r14
      b2:	20 e0       	ldi	r18, 0x00	; 0
      b4:	30 e0       	ldi	r19, 0x00	; 0
      b6:	40 e0       	ldi	r20, 0x00	; 0
      b8:	5f e4       	ldi	r21, 0x4F	; 79
      ba:	0e 94 c1 01 	call	0x382	; 0x382 <__subsf3>
      be:	0e 94 a9 03 	call	0x752	; 0x752 <__fixsfsi>
      c2:	9b 01       	movw	r18, r22
      c4:	ac 01       	movw	r20, r24
      c6:	20 50       	subi	r18, 0x00	; 0
      c8:	30 40       	sbci	r19, 0x00	; 0
      ca:	40 40       	sbci	r20, 0x00	; 0
      cc:	50 48       	sbci	r21, 0x80	; 128
      ce:	06 c0       	rjmp	.+12     	; 0xdc <__fixunssfsi+0x4a>
      d0:	c8 01       	movw	r24, r16
      d2:	b7 01       	movw	r22, r14
      d4:	0e 94 a9 03 	call	0x752	; 0x752 <__fixsfsi>
      d8:	9b 01       	movw	r18, r22
      da:	ac 01       	movw	r20, r24
      dc:	b9 01       	movw	r22, r18
      de:	ca 01       	movw	r24, r20
      e0:	1f 91       	pop	r17
      e2:	0f 91       	pop	r16
      e4:	ff 90       	pop	r15
      e6:	ef 90       	pop	r14
      e8:	08 95       	ret

000000ea <_fpadd_parts>:
      ea:	a0 e0       	ldi	r26, 0x00	; 0
      ec:	b0 e0       	ldi	r27, 0x00	; 0
      ee:	eb e7       	ldi	r30, 0x7B	; 123
      f0:	f0 e0       	ldi	r31, 0x00	; 0
      f2:	0c 94 95 19 	jmp	0x332a	; 0x332a <__prologue_saves__>
      f6:	dc 01       	movw	r26, r24
      f8:	2b 01       	movw	r4, r22
      fa:	fa 01       	movw	r30, r20
      fc:	9c 91       	ld	r25, X
      fe:	92 30       	cpi	r25, 0x02	; 2
     100:	08 f4       	brcc	.+2      	; 0x104 <_fpadd_parts+0x1a>
     102:	39 c1       	rjmp	.+626    	; 0x376 <_fpadd_parts+0x28c>
     104:	eb 01       	movw	r28, r22
     106:	88 81       	ld	r24, Y
     108:	82 30       	cpi	r24, 0x02	; 2
     10a:	08 f4       	brcc	.+2      	; 0x10e <_fpadd_parts+0x24>
     10c:	33 c1       	rjmp	.+614    	; 0x374 <_fpadd_parts+0x28a>
     10e:	94 30       	cpi	r25, 0x04	; 4
     110:	69 f4       	brne	.+26     	; 0x12c <_fpadd_parts+0x42>
     112:	84 30       	cpi	r24, 0x04	; 4
     114:	09 f0       	breq	.+2      	; 0x118 <_fpadd_parts+0x2e>
     116:	2f c1       	rjmp	.+606    	; 0x376 <_fpadd_parts+0x28c>
     118:	11 96       	adiw	r26, 0x01	; 1
     11a:	9c 91       	ld	r25, X
     11c:	11 97       	sbiw	r26, 0x01	; 1
     11e:	89 81       	ldd	r24, Y+1	; 0x01
     120:	98 17       	cp	r25, r24
     122:	09 f4       	brne	.+2      	; 0x126 <_fpadd_parts+0x3c>
     124:	28 c1       	rjmp	.+592    	; 0x376 <_fpadd_parts+0x28c>
     126:	a2 eb       	ldi	r26, 0xB2	; 178
     128:	b1 e0       	ldi	r27, 0x01	; 1
     12a:	25 c1       	rjmp	.+586    	; 0x376 <_fpadd_parts+0x28c>
     12c:	84 30       	cpi	r24, 0x04	; 4
     12e:	09 f4       	brne	.+2      	; 0x132 <_fpadd_parts+0x48>
     130:	21 c1       	rjmp	.+578    	; 0x374 <_fpadd_parts+0x28a>
     132:	82 30       	cpi	r24, 0x02	; 2
     134:	a9 f4       	brne	.+42     	; 0x160 <_fpadd_parts+0x76>
     136:	92 30       	cpi	r25, 0x02	; 2
     138:	09 f0       	breq	.+2      	; 0x13c <_fpadd_parts+0x52>
     13a:	1d c1       	rjmp	.+570    	; 0x376 <_fpadd_parts+0x28c>
     13c:	9a 01       	movw	r18, r20
     13e:	ad 01       	movw	r20, r26
     140:	88 e0       	ldi	r24, 0x08	; 8
     142:	ea 01       	movw	r28, r20
     144:	09 90       	ld	r0, Y+
     146:	ae 01       	movw	r20, r28
     148:	e9 01       	movw	r28, r18
     14a:	09 92       	st	Y+, r0
     14c:	9e 01       	movw	r18, r28
     14e:	81 50       	subi	r24, 0x01	; 1
     150:	c1 f7       	brne	.-16     	; 0x142 <_fpadd_parts+0x58>
     152:	e2 01       	movw	r28, r4
     154:	89 81       	ldd	r24, Y+1	; 0x01
     156:	11 96       	adiw	r26, 0x01	; 1
     158:	9c 91       	ld	r25, X
     15a:	89 23       	and	r24, r25
     15c:	81 83       	std	Z+1, r24	; 0x01
     15e:	08 c1       	rjmp	.+528    	; 0x370 <_fpadd_parts+0x286>
     160:	92 30       	cpi	r25, 0x02	; 2
     162:	09 f4       	brne	.+2      	; 0x166 <_fpadd_parts+0x7c>
     164:	07 c1       	rjmp	.+526    	; 0x374 <_fpadd_parts+0x28a>
     166:	12 96       	adiw	r26, 0x02	; 2
     168:	2d 90       	ld	r2, X+
     16a:	3c 90       	ld	r3, X
     16c:	13 97       	sbiw	r26, 0x03	; 3
     16e:	eb 01       	movw	r28, r22
     170:	8a 81       	ldd	r24, Y+2	; 0x02
     172:	9b 81       	ldd	r25, Y+3	; 0x03
     174:	14 96       	adiw	r26, 0x04	; 4
     176:	ad 90       	ld	r10, X+
     178:	bd 90       	ld	r11, X+
     17a:	cd 90       	ld	r12, X+
     17c:	dc 90       	ld	r13, X
     17e:	17 97       	sbiw	r26, 0x07	; 7
     180:	ec 80       	ldd	r14, Y+4	; 0x04
     182:	fd 80       	ldd	r15, Y+5	; 0x05
     184:	0e 81       	ldd	r16, Y+6	; 0x06
     186:	1f 81       	ldd	r17, Y+7	; 0x07
     188:	91 01       	movw	r18, r2
     18a:	28 1b       	sub	r18, r24
     18c:	39 0b       	sbc	r19, r25
     18e:	b9 01       	movw	r22, r18
     190:	37 ff       	sbrs	r19, 7
     192:	04 c0       	rjmp	.+8      	; 0x19c <_fpadd_parts+0xb2>
     194:	66 27       	eor	r22, r22
     196:	77 27       	eor	r23, r23
     198:	62 1b       	sub	r22, r18
     19a:	73 0b       	sbc	r23, r19
     19c:	60 32       	cpi	r22, 0x20	; 32
     19e:	71 05       	cpc	r23, r1
     1a0:	0c f0       	brlt	.+2      	; 0x1a4 <_fpadd_parts+0xba>
     1a2:	61 c0       	rjmp	.+194    	; 0x266 <_fpadd_parts+0x17c>
     1a4:	12 16       	cp	r1, r18
     1a6:	13 06       	cpc	r1, r19
     1a8:	6c f5       	brge	.+90     	; 0x204 <_fpadd_parts+0x11a>
     1aa:	37 01       	movw	r6, r14
     1ac:	48 01       	movw	r8, r16
     1ae:	06 2e       	mov	r0, r22
     1b0:	04 c0       	rjmp	.+8      	; 0x1ba <_fpadd_parts+0xd0>
     1b2:	96 94       	lsr	r9
     1b4:	87 94       	ror	r8
     1b6:	77 94       	ror	r7
     1b8:	67 94       	ror	r6
     1ba:	0a 94       	dec	r0
     1bc:	d2 f7       	brpl	.-12     	; 0x1b2 <_fpadd_parts+0xc8>
     1be:	21 e0       	ldi	r18, 0x01	; 1
     1c0:	30 e0       	ldi	r19, 0x00	; 0
     1c2:	40 e0       	ldi	r20, 0x00	; 0
     1c4:	50 e0       	ldi	r21, 0x00	; 0
     1c6:	04 c0       	rjmp	.+8      	; 0x1d0 <_fpadd_parts+0xe6>
     1c8:	22 0f       	add	r18, r18
     1ca:	33 1f       	adc	r19, r19
     1cc:	44 1f       	adc	r20, r20
     1ce:	55 1f       	adc	r21, r21
     1d0:	6a 95       	dec	r22
     1d2:	d2 f7       	brpl	.-12     	; 0x1c8 <_fpadd_parts+0xde>
     1d4:	21 50       	subi	r18, 0x01	; 1
     1d6:	30 40       	sbci	r19, 0x00	; 0
     1d8:	40 40       	sbci	r20, 0x00	; 0
     1da:	50 40       	sbci	r21, 0x00	; 0
     1dc:	2e 21       	and	r18, r14
     1de:	3f 21       	and	r19, r15
     1e0:	40 23       	and	r20, r16
     1e2:	51 23       	and	r21, r17
     1e4:	21 15       	cp	r18, r1
     1e6:	31 05       	cpc	r19, r1
     1e8:	41 05       	cpc	r20, r1
     1ea:	51 05       	cpc	r21, r1
     1ec:	21 f0       	breq	.+8      	; 0x1f6 <_fpadd_parts+0x10c>
     1ee:	21 e0       	ldi	r18, 0x01	; 1
     1f0:	30 e0       	ldi	r19, 0x00	; 0
     1f2:	40 e0       	ldi	r20, 0x00	; 0
     1f4:	50 e0       	ldi	r21, 0x00	; 0
     1f6:	79 01       	movw	r14, r18
     1f8:	8a 01       	movw	r16, r20
     1fa:	e6 28       	or	r14, r6
     1fc:	f7 28       	or	r15, r7
     1fe:	08 29       	or	r16, r8
     200:	19 29       	or	r17, r9
     202:	3c c0       	rjmp	.+120    	; 0x27c <_fpadd_parts+0x192>
     204:	23 2b       	or	r18, r19
     206:	d1 f1       	breq	.+116    	; 0x27c <_fpadd_parts+0x192>
     208:	26 0e       	add	r2, r22
     20a:	37 1e       	adc	r3, r23
     20c:	35 01       	movw	r6, r10
     20e:	46 01       	movw	r8, r12
     210:	06 2e       	mov	r0, r22
     212:	04 c0       	rjmp	.+8      	; 0x21c <_fpadd_parts+0x132>
     214:	96 94       	lsr	r9
     216:	87 94       	ror	r8
     218:	77 94       	ror	r7
     21a:	67 94       	ror	r6
     21c:	0a 94       	dec	r0
     21e:	d2 f7       	brpl	.-12     	; 0x214 <_fpadd_parts+0x12a>
     220:	21 e0       	ldi	r18, 0x01	; 1
     222:	30 e0       	ldi	r19, 0x00	; 0
     224:	40 e0       	ldi	r20, 0x00	; 0
     226:	50 e0       	ldi	r21, 0x00	; 0
     228:	04 c0       	rjmp	.+8      	; 0x232 <_fpadd_parts+0x148>
     22a:	22 0f       	add	r18, r18
     22c:	33 1f       	adc	r19, r19
     22e:	44 1f       	adc	r20, r20
     230:	55 1f       	adc	r21, r21
     232:	6a 95       	dec	r22
     234:	d2 f7       	brpl	.-12     	; 0x22a <_fpadd_parts+0x140>
     236:	21 50       	subi	r18, 0x01	; 1
     238:	30 40       	sbci	r19, 0x00	; 0
     23a:	40 40       	sbci	r20, 0x00	; 0
     23c:	50 40       	sbci	r21, 0x00	; 0
     23e:	2a 21       	and	r18, r10
     240:	3b 21       	and	r19, r11
     242:	4c 21       	and	r20, r12
     244:	5d 21       	and	r21, r13
     246:	21 15       	cp	r18, r1
     248:	31 05       	cpc	r19, r1
     24a:	41 05       	cpc	r20, r1
     24c:	51 05       	cpc	r21, r1
     24e:	21 f0       	breq	.+8      	; 0x258 <_fpadd_parts+0x16e>
     250:	21 e0       	ldi	r18, 0x01	; 1
     252:	30 e0       	ldi	r19, 0x00	; 0
     254:	40 e0       	ldi	r20, 0x00	; 0
     256:	50 e0       	ldi	r21, 0x00	; 0
     258:	59 01       	movw	r10, r18
     25a:	6a 01       	movw	r12, r20
     25c:	a6 28       	or	r10, r6
     25e:	b7 28       	or	r11, r7
     260:	c8 28       	or	r12, r8
     262:	d9 28       	or	r13, r9
     264:	0b c0       	rjmp	.+22     	; 0x27c <_fpadd_parts+0x192>
     266:	82 15       	cp	r24, r2
     268:	93 05       	cpc	r25, r3
     26a:	2c f0       	brlt	.+10     	; 0x276 <_fpadd_parts+0x18c>
     26c:	1c 01       	movw	r2, r24
     26e:	aa 24       	eor	r10, r10
     270:	bb 24       	eor	r11, r11
     272:	65 01       	movw	r12, r10
     274:	03 c0       	rjmp	.+6      	; 0x27c <_fpadd_parts+0x192>
     276:	ee 24       	eor	r14, r14
     278:	ff 24       	eor	r15, r15
     27a:	87 01       	movw	r16, r14
     27c:	11 96       	adiw	r26, 0x01	; 1
     27e:	9c 91       	ld	r25, X
     280:	d2 01       	movw	r26, r4
     282:	11 96       	adiw	r26, 0x01	; 1
     284:	8c 91       	ld	r24, X
     286:	98 17       	cp	r25, r24
     288:	09 f4       	brne	.+2      	; 0x28c <_fpadd_parts+0x1a2>
     28a:	45 c0       	rjmp	.+138    	; 0x316 <_fpadd_parts+0x22c>
     28c:	99 23       	and	r25, r25
     28e:	39 f0       	breq	.+14     	; 0x29e <_fpadd_parts+0x1b4>
     290:	a8 01       	movw	r20, r16
     292:	97 01       	movw	r18, r14
     294:	2a 19       	sub	r18, r10
     296:	3b 09       	sbc	r19, r11
     298:	4c 09       	sbc	r20, r12
     29a:	5d 09       	sbc	r21, r13
     29c:	06 c0       	rjmp	.+12     	; 0x2aa <_fpadd_parts+0x1c0>
     29e:	a6 01       	movw	r20, r12
     2a0:	95 01       	movw	r18, r10
     2a2:	2e 19       	sub	r18, r14
     2a4:	3f 09       	sbc	r19, r15
     2a6:	40 0b       	sbc	r20, r16
     2a8:	51 0b       	sbc	r21, r17
     2aa:	57 fd       	sbrc	r21, 7
     2ac:	08 c0       	rjmp	.+16     	; 0x2be <_fpadd_parts+0x1d4>
     2ae:	11 82       	std	Z+1, r1	; 0x01
     2b0:	33 82       	std	Z+3, r3	; 0x03
     2b2:	22 82       	std	Z+2, r2	; 0x02
     2b4:	24 83       	std	Z+4, r18	; 0x04
     2b6:	35 83       	std	Z+5, r19	; 0x05
     2b8:	46 83       	std	Z+6, r20	; 0x06
     2ba:	57 83       	std	Z+7, r21	; 0x07
     2bc:	1d c0       	rjmp	.+58     	; 0x2f8 <_fpadd_parts+0x20e>
     2be:	81 e0       	ldi	r24, 0x01	; 1
     2c0:	81 83       	std	Z+1, r24	; 0x01
     2c2:	33 82       	std	Z+3, r3	; 0x03
     2c4:	22 82       	std	Z+2, r2	; 0x02
     2c6:	88 27       	eor	r24, r24
     2c8:	99 27       	eor	r25, r25
     2ca:	dc 01       	movw	r26, r24
     2cc:	82 1b       	sub	r24, r18
     2ce:	93 0b       	sbc	r25, r19
     2d0:	a4 0b       	sbc	r26, r20
     2d2:	b5 0b       	sbc	r27, r21
     2d4:	84 83       	std	Z+4, r24	; 0x04
     2d6:	95 83       	std	Z+5, r25	; 0x05
     2d8:	a6 83       	std	Z+6, r26	; 0x06
     2da:	b7 83       	std	Z+7, r27	; 0x07
     2dc:	0d c0       	rjmp	.+26     	; 0x2f8 <_fpadd_parts+0x20e>
     2de:	22 0f       	add	r18, r18
     2e0:	33 1f       	adc	r19, r19
     2e2:	44 1f       	adc	r20, r20
     2e4:	55 1f       	adc	r21, r21
     2e6:	24 83       	std	Z+4, r18	; 0x04
     2e8:	35 83       	std	Z+5, r19	; 0x05
     2ea:	46 83       	std	Z+6, r20	; 0x06
     2ec:	57 83       	std	Z+7, r21	; 0x07
     2ee:	82 81       	ldd	r24, Z+2	; 0x02
     2f0:	93 81       	ldd	r25, Z+3	; 0x03
     2f2:	01 97       	sbiw	r24, 0x01	; 1
     2f4:	93 83       	std	Z+3, r25	; 0x03
     2f6:	82 83       	std	Z+2, r24	; 0x02
     2f8:	24 81       	ldd	r18, Z+4	; 0x04
     2fa:	35 81       	ldd	r19, Z+5	; 0x05
     2fc:	46 81       	ldd	r20, Z+6	; 0x06
     2fe:	57 81       	ldd	r21, Z+7	; 0x07
     300:	da 01       	movw	r26, r20
     302:	c9 01       	movw	r24, r18
     304:	01 97       	sbiw	r24, 0x01	; 1
     306:	a1 09       	sbc	r26, r1
     308:	b1 09       	sbc	r27, r1
     30a:	8f 5f       	subi	r24, 0xFF	; 255
     30c:	9f 4f       	sbci	r25, 0xFF	; 255
     30e:	af 4f       	sbci	r26, 0xFF	; 255
     310:	bf 43       	sbci	r27, 0x3F	; 63
     312:	28 f3       	brcs	.-54     	; 0x2de <_fpadd_parts+0x1f4>
     314:	0b c0       	rjmp	.+22     	; 0x32c <_fpadd_parts+0x242>
     316:	91 83       	std	Z+1, r25	; 0x01
     318:	33 82       	std	Z+3, r3	; 0x03
     31a:	22 82       	std	Z+2, r2	; 0x02
     31c:	ea 0c       	add	r14, r10
     31e:	fb 1c       	adc	r15, r11
     320:	0c 1d       	adc	r16, r12
     322:	1d 1d       	adc	r17, r13
     324:	e4 82       	std	Z+4, r14	; 0x04
     326:	f5 82       	std	Z+5, r15	; 0x05
     328:	06 83       	std	Z+6, r16	; 0x06
     32a:	17 83       	std	Z+7, r17	; 0x07
     32c:	83 e0       	ldi	r24, 0x03	; 3
     32e:	80 83       	st	Z, r24
     330:	24 81       	ldd	r18, Z+4	; 0x04
     332:	35 81       	ldd	r19, Z+5	; 0x05
     334:	46 81       	ldd	r20, Z+6	; 0x06
     336:	57 81       	ldd	r21, Z+7	; 0x07
     338:	57 ff       	sbrs	r21, 7
     33a:	1a c0       	rjmp	.+52     	; 0x370 <_fpadd_parts+0x286>
     33c:	c9 01       	movw	r24, r18
     33e:	aa 27       	eor	r26, r26
     340:	97 fd       	sbrc	r25, 7
     342:	a0 95       	com	r26
     344:	ba 2f       	mov	r27, r26
     346:	81 70       	andi	r24, 0x01	; 1
     348:	90 70       	andi	r25, 0x00	; 0
     34a:	a0 70       	andi	r26, 0x00	; 0
     34c:	b0 70       	andi	r27, 0x00	; 0
     34e:	56 95       	lsr	r21
     350:	47 95       	ror	r20
     352:	37 95       	ror	r19
     354:	27 95       	ror	r18
     356:	82 2b       	or	r24, r18
     358:	93 2b       	or	r25, r19
     35a:	a4 2b       	or	r26, r20
     35c:	b5 2b       	or	r27, r21
     35e:	84 83       	std	Z+4, r24	; 0x04
     360:	95 83       	std	Z+5, r25	; 0x05
     362:	a6 83       	std	Z+6, r26	; 0x06
     364:	b7 83       	std	Z+7, r27	; 0x07
     366:	82 81       	ldd	r24, Z+2	; 0x02
     368:	93 81       	ldd	r25, Z+3	; 0x03
     36a:	01 96       	adiw	r24, 0x01	; 1
     36c:	93 83       	std	Z+3, r25	; 0x03
     36e:	82 83       	std	Z+2, r24	; 0x02
     370:	df 01       	movw	r26, r30
     372:	01 c0       	rjmp	.+2      	; 0x376 <_fpadd_parts+0x28c>
     374:	d2 01       	movw	r26, r4
     376:	cd 01       	movw	r24, r26
     378:	cd b7       	in	r28, 0x3d	; 61
     37a:	de b7       	in	r29, 0x3e	; 62
     37c:	e2 e1       	ldi	r30, 0x12	; 18
     37e:	0c 94 b1 19 	jmp	0x3362	; 0x3362 <__epilogue_restores__>

00000382 <__subsf3>:
     382:	a0 e2       	ldi	r26, 0x20	; 32
     384:	b0 e0       	ldi	r27, 0x00	; 0
     386:	e7 ec       	ldi	r30, 0xC7	; 199
     388:	f1 e0       	ldi	r31, 0x01	; 1
     38a:	0c 94 a1 19 	jmp	0x3342	; 0x3342 <__prologue_saves__+0x18>
     38e:	69 83       	std	Y+1, r22	; 0x01
     390:	7a 83       	std	Y+2, r23	; 0x02
     392:	8b 83       	std	Y+3, r24	; 0x03
     394:	9c 83       	std	Y+4, r25	; 0x04
     396:	2d 83       	std	Y+5, r18	; 0x05
     398:	3e 83       	std	Y+6, r19	; 0x06
     39a:	4f 83       	std	Y+7, r20	; 0x07
     39c:	58 87       	std	Y+8, r21	; 0x08
     39e:	e9 e0       	ldi	r30, 0x09	; 9
     3a0:	ee 2e       	mov	r14, r30
     3a2:	f1 2c       	mov	r15, r1
     3a4:	ec 0e       	add	r14, r28
     3a6:	fd 1e       	adc	r15, r29
     3a8:	ce 01       	movw	r24, r28
     3aa:	01 96       	adiw	r24, 0x01	; 1
     3ac:	b7 01       	movw	r22, r14
     3ae:	0e 94 d2 04 	call	0x9a4	; 0x9a4 <__unpack_f>
     3b2:	8e 01       	movw	r16, r28
     3b4:	0f 5e       	subi	r16, 0xEF	; 239
     3b6:	1f 4f       	sbci	r17, 0xFF	; 255
     3b8:	ce 01       	movw	r24, r28
     3ba:	05 96       	adiw	r24, 0x05	; 5
     3bc:	b8 01       	movw	r22, r16
     3be:	0e 94 d2 04 	call	0x9a4	; 0x9a4 <__unpack_f>
     3c2:	8a 89       	ldd	r24, Y+18	; 0x12
     3c4:	91 e0       	ldi	r25, 0x01	; 1
     3c6:	89 27       	eor	r24, r25
     3c8:	8a 8b       	std	Y+18, r24	; 0x12
     3ca:	c7 01       	movw	r24, r14
     3cc:	b8 01       	movw	r22, r16
     3ce:	ae 01       	movw	r20, r28
     3d0:	47 5e       	subi	r20, 0xE7	; 231
     3d2:	5f 4f       	sbci	r21, 0xFF	; 255
     3d4:	0e 94 75 00 	call	0xea	; 0xea <_fpadd_parts>
     3d8:	0e 94 fd 03 	call	0x7fa	; 0x7fa <__pack_f>
     3dc:	a0 96       	adiw	r28, 0x20	; 32
     3de:	e6 e0       	ldi	r30, 0x06	; 6
     3e0:	0c 94 bd 19 	jmp	0x337a	; 0x337a <__epilogue_restores__+0x18>

000003e4 <__addsf3>:
     3e4:	a0 e2       	ldi	r26, 0x20	; 32
     3e6:	b0 e0       	ldi	r27, 0x00	; 0
     3e8:	e8 ef       	ldi	r30, 0xF8	; 248
     3ea:	f1 e0       	ldi	r31, 0x01	; 1
     3ec:	0c 94 a1 19 	jmp	0x3342	; 0x3342 <__prologue_saves__+0x18>
     3f0:	69 83       	std	Y+1, r22	; 0x01
     3f2:	7a 83       	std	Y+2, r23	; 0x02
     3f4:	8b 83       	std	Y+3, r24	; 0x03
     3f6:	9c 83       	std	Y+4, r25	; 0x04
     3f8:	2d 83       	std	Y+5, r18	; 0x05
     3fa:	3e 83       	std	Y+6, r19	; 0x06
     3fc:	4f 83       	std	Y+7, r20	; 0x07
     3fe:	58 87       	std	Y+8, r21	; 0x08
     400:	f9 e0       	ldi	r31, 0x09	; 9
     402:	ef 2e       	mov	r14, r31
     404:	f1 2c       	mov	r15, r1
     406:	ec 0e       	add	r14, r28
     408:	fd 1e       	adc	r15, r29
     40a:	ce 01       	movw	r24, r28
     40c:	01 96       	adiw	r24, 0x01	; 1
     40e:	b7 01       	movw	r22, r14
     410:	0e 94 d2 04 	call	0x9a4	; 0x9a4 <__unpack_f>
     414:	8e 01       	movw	r16, r28
     416:	0f 5e       	subi	r16, 0xEF	; 239
     418:	1f 4f       	sbci	r17, 0xFF	; 255
     41a:	ce 01       	movw	r24, r28
     41c:	05 96       	adiw	r24, 0x05	; 5
     41e:	b8 01       	movw	r22, r16
     420:	0e 94 d2 04 	call	0x9a4	; 0x9a4 <__unpack_f>
     424:	c7 01       	movw	r24, r14
     426:	b8 01       	movw	r22, r16
     428:	ae 01       	movw	r20, r28
     42a:	47 5e       	subi	r20, 0xE7	; 231
     42c:	5f 4f       	sbci	r21, 0xFF	; 255
     42e:	0e 94 75 00 	call	0xea	; 0xea <_fpadd_parts>
     432:	0e 94 fd 03 	call	0x7fa	; 0x7fa <__pack_f>
     436:	a0 96       	adiw	r28, 0x20	; 32
     438:	e6 e0       	ldi	r30, 0x06	; 6
     43a:	0c 94 bd 19 	jmp	0x337a	; 0x337a <__epilogue_restores__+0x18>

0000043e <__mulsf3>:
     43e:	a0 e2       	ldi	r26, 0x20	; 32
     440:	b0 e0       	ldi	r27, 0x00	; 0
     442:	e5 e2       	ldi	r30, 0x25	; 37
     444:	f2 e0       	ldi	r31, 0x02	; 2
     446:	0c 94 95 19 	jmp	0x332a	; 0x332a <__prologue_saves__>
     44a:	69 83       	std	Y+1, r22	; 0x01
     44c:	7a 83       	std	Y+2, r23	; 0x02
     44e:	8b 83       	std	Y+3, r24	; 0x03
     450:	9c 83       	std	Y+4, r25	; 0x04
     452:	2d 83       	std	Y+5, r18	; 0x05
     454:	3e 83       	std	Y+6, r19	; 0x06
     456:	4f 83       	std	Y+7, r20	; 0x07
     458:	58 87       	std	Y+8, r21	; 0x08
     45a:	ce 01       	movw	r24, r28
     45c:	01 96       	adiw	r24, 0x01	; 1
     45e:	be 01       	movw	r22, r28
     460:	67 5f       	subi	r22, 0xF7	; 247
     462:	7f 4f       	sbci	r23, 0xFF	; 255
     464:	0e 94 d2 04 	call	0x9a4	; 0x9a4 <__unpack_f>
     468:	ce 01       	movw	r24, r28
     46a:	05 96       	adiw	r24, 0x05	; 5
     46c:	be 01       	movw	r22, r28
     46e:	6f 5e       	subi	r22, 0xEF	; 239
     470:	7f 4f       	sbci	r23, 0xFF	; 255
     472:	0e 94 d2 04 	call	0x9a4	; 0x9a4 <__unpack_f>
     476:	99 85       	ldd	r25, Y+9	; 0x09
     478:	92 30       	cpi	r25, 0x02	; 2
     47a:	88 f0       	brcs	.+34     	; 0x49e <__mulsf3+0x60>
     47c:	89 89       	ldd	r24, Y+17	; 0x11
     47e:	82 30       	cpi	r24, 0x02	; 2
     480:	c8 f0       	brcs	.+50     	; 0x4b4 <__mulsf3+0x76>
     482:	94 30       	cpi	r25, 0x04	; 4
     484:	19 f4       	brne	.+6      	; 0x48c <__mulsf3+0x4e>
     486:	82 30       	cpi	r24, 0x02	; 2
     488:	51 f4       	brne	.+20     	; 0x49e <__mulsf3+0x60>
     48a:	04 c0       	rjmp	.+8      	; 0x494 <__mulsf3+0x56>
     48c:	84 30       	cpi	r24, 0x04	; 4
     48e:	29 f4       	brne	.+10     	; 0x49a <__mulsf3+0x5c>
     490:	92 30       	cpi	r25, 0x02	; 2
     492:	81 f4       	brne	.+32     	; 0x4b4 <__mulsf3+0x76>
     494:	82 eb       	ldi	r24, 0xB2	; 178
     496:	91 e0       	ldi	r25, 0x01	; 1
     498:	c6 c0       	rjmp	.+396    	; 0x626 <__mulsf3+0x1e8>
     49a:	92 30       	cpi	r25, 0x02	; 2
     49c:	49 f4       	brne	.+18     	; 0x4b0 <__mulsf3+0x72>
     49e:	20 e0       	ldi	r18, 0x00	; 0
     4a0:	9a 85       	ldd	r25, Y+10	; 0x0a
     4a2:	8a 89       	ldd	r24, Y+18	; 0x12
     4a4:	98 13       	cpse	r25, r24
     4a6:	21 e0       	ldi	r18, 0x01	; 1
     4a8:	2a 87       	std	Y+10, r18	; 0x0a
     4aa:	ce 01       	movw	r24, r28
     4ac:	09 96       	adiw	r24, 0x09	; 9
     4ae:	bb c0       	rjmp	.+374    	; 0x626 <__mulsf3+0x1e8>
     4b0:	82 30       	cpi	r24, 0x02	; 2
     4b2:	49 f4       	brne	.+18     	; 0x4c6 <__mulsf3+0x88>
     4b4:	20 e0       	ldi	r18, 0x00	; 0
     4b6:	9a 85       	ldd	r25, Y+10	; 0x0a
     4b8:	8a 89       	ldd	r24, Y+18	; 0x12
     4ba:	98 13       	cpse	r25, r24
     4bc:	21 e0       	ldi	r18, 0x01	; 1
     4be:	2a 8b       	std	Y+18, r18	; 0x12
     4c0:	ce 01       	movw	r24, r28
     4c2:	41 96       	adiw	r24, 0x11	; 17
     4c4:	b0 c0       	rjmp	.+352    	; 0x626 <__mulsf3+0x1e8>
     4c6:	2d 84       	ldd	r2, Y+13	; 0x0d
     4c8:	3e 84       	ldd	r3, Y+14	; 0x0e
     4ca:	4f 84       	ldd	r4, Y+15	; 0x0f
     4cc:	58 88       	ldd	r5, Y+16	; 0x10
     4ce:	6d 88       	ldd	r6, Y+21	; 0x15
     4d0:	7e 88       	ldd	r7, Y+22	; 0x16
     4d2:	8f 88       	ldd	r8, Y+23	; 0x17
     4d4:	98 8c       	ldd	r9, Y+24	; 0x18
     4d6:	ee 24       	eor	r14, r14
     4d8:	ff 24       	eor	r15, r15
     4da:	87 01       	movw	r16, r14
     4dc:	aa 24       	eor	r10, r10
     4de:	bb 24       	eor	r11, r11
     4e0:	65 01       	movw	r12, r10
     4e2:	40 e0       	ldi	r20, 0x00	; 0
     4e4:	50 e0       	ldi	r21, 0x00	; 0
     4e6:	60 e0       	ldi	r22, 0x00	; 0
     4e8:	70 e0       	ldi	r23, 0x00	; 0
     4ea:	e0 e0       	ldi	r30, 0x00	; 0
     4ec:	f0 e0       	ldi	r31, 0x00	; 0
     4ee:	c1 01       	movw	r24, r2
     4f0:	81 70       	andi	r24, 0x01	; 1
     4f2:	90 70       	andi	r25, 0x00	; 0
     4f4:	89 2b       	or	r24, r25
     4f6:	e9 f0       	breq	.+58     	; 0x532 <__mulsf3+0xf4>
     4f8:	e6 0c       	add	r14, r6
     4fa:	f7 1c       	adc	r15, r7
     4fc:	08 1d       	adc	r16, r8
     4fe:	19 1d       	adc	r17, r9
     500:	9a 01       	movw	r18, r20
     502:	ab 01       	movw	r20, r22
     504:	2a 0d       	add	r18, r10
     506:	3b 1d       	adc	r19, r11
     508:	4c 1d       	adc	r20, r12
     50a:	5d 1d       	adc	r21, r13
     50c:	80 e0       	ldi	r24, 0x00	; 0
     50e:	90 e0       	ldi	r25, 0x00	; 0
     510:	a0 e0       	ldi	r26, 0x00	; 0
     512:	b0 e0       	ldi	r27, 0x00	; 0
     514:	e6 14       	cp	r14, r6
     516:	f7 04       	cpc	r15, r7
     518:	08 05       	cpc	r16, r8
     51a:	19 05       	cpc	r17, r9
     51c:	20 f4       	brcc	.+8      	; 0x526 <__mulsf3+0xe8>
     51e:	81 e0       	ldi	r24, 0x01	; 1
     520:	90 e0       	ldi	r25, 0x00	; 0
     522:	a0 e0       	ldi	r26, 0x00	; 0
     524:	b0 e0       	ldi	r27, 0x00	; 0
     526:	ba 01       	movw	r22, r20
     528:	a9 01       	movw	r20, r18
     52a:	48 0f       	add	r20, r24
     52c:	59 1f       	adc	r21, r25
     52e:	6a 1f       	adc	r22, r26
     530:	7b 1f       	adc	r23, r27
     532:	aa 0c       	add	r10, r10
     534:	bb 1c       	adc	r11, r11
     536:	cc 1c       	adc	r12, r12
     538:	dd 1c       	adc	r13, r13
     53a:	97 fe       	sbrs	r9, 7
     53c:	08 c0       	rjmp	.+16     	; 0x54e <__mulsf3+0x110>
     53e:	81 e0       	ldi	r24, 0x01	; 1
     540:	90 e0       	ldi	r25, 0x00	; 0
     542:	a0 e0       	ldi	r26, 0x00	; 0
     544:	b0 e0       	ldi	r27, 0x00	; 0
     546:	a8 2a       	or	r10, r24
     548:	b9 2a       	or	r11, r25
     54a:	ca 2a       	or	r12, r26
     54c:	db 2a       	or	r13, r27
     54e:	31 96       	adiw	r30, 0x01	; 1
     550:	e0 32       	cpi	r30, 0x20	; 32
     552:	f1 05       	cpc	r31, r1
     554:	49 f0       	breq	.+18     	; 0x568 <__mulsf3+0x12a>
     556:	66 0c       	add	r6, r6
     558:	77 1c       	adc	r7, r7
     55a:	88 1c       	adc	r8, r8
     55c:	99 1c       	adc	r9, r9
     55e:	56 94       	lsr	r5
     560:	47 94       	ror	r4
     562:	37 94       	ror	r3
     564:	27 94       	ror	r2
     566:	c3 cf       	rjmp	.-122    	; 0x4ee <__mulsf3+0xb0>
     568:	fa 85       	ldd	r31, Y+10	; 0x0a
     56a:	ea 89       	ldd	r30, Y+18	; 0x12
     56c:	2b 89       	ldd	r18, Y+19	; 0x13
     56e:	3c 89       	ldd	r19, Y+20	; 0x14
     570:	8b 85       	ldd	r24, Y+11	; 0x0b
     572:	9c 85       	ldd	r25, Y+12	; 0x0c
     574:	28 0f       	add	r18, r24
     576:	39 1f       	adc	r19, r25
     578:	2e 5f       	subi	r18, 0xFE	; 254
     57a:	3f 4f       	sbci	r19, 0xFF	; 255
     57c:	17 c0       	rjmp	.+46     	; 0x5ac <__mulsf3+0x16e>
     57e:	ca 01       	movw	r24, r20
     580:	81 70       	andi	r24, 0x01	; 1
     582:	90 70       	andi	r25, 0x00	; 0
     584:	89 2b       	or	r24, r25
     586:	61 f0       	breq	.+24     	; 0x5a0 <__mulsf3+0x162>
     588:	16 95       	lsr	r17
     58a:	07 95       	ror	r16
     58c:	f7 94       	ror	r15
     58e:	e7 94       	ror	r14
     590:	80 e0       	ldi	r24, 0x00	; 0
     592:	90 e0       	ldi	r25, 0x00	; 0
     594:	a0 e0       	ldi	r26, 0x00	; 0
     596:	b0 e8       	ldi	r27, 0x80	; 128
     598:	e8 2a       	or	r14, r24
     59a:	f9 2a       	or	r15, r25
     59c:	0a 2b       	or	r16, r26
     59e:	1b 2b       	or	r17, r27
     5a0:	76 95       	lsr	r23
     5a2:	67 95       	ror	r22
     5a4:	57 95       	ror	r21
     5a6:	47 95       	ror	r20
     5a8:	2f 5f       	subi	r18, 0xFF	; 255
     5aa:	3f 4f       	sbci	r19, 0xFF	; 255
     5ac:	77 fd       	sbrc	r23, 7
     5ae:	e7 cf       	rjmp	.-50     	; 0x57e <__mulsf3+0x140>
     5b0:	0c c0       	rjmp	.+24     	; 0x5ca <__mulsf3+0x18c>
     5b2:	44 0f       	add	r20, r20
     5b4:	55 1f       	adc	r21, r21
     5b6:	66 1f       	adc	r22, r22
     5b8:	77 1f       	adc	r23, r23
     5ba:	17 fd       	sbrc	r17, 7
     5bc:	41 60       	ori	r20, 0x01	; 1
     5be:	ee 0c       	add	r14, r14
     5c0:	ff 1c       	adc	r15, r15
     5c2:	00 1f       	adc	r16, r16
     5c4:	11 1f       	adc	r17, r17
     5c6:	21 50       	subi	r18, 0x01	; 1
     5c8:	30 40       	sbci	r19, 0x00	; 0
     5ca:	40 30       	cpi	r20, 0x00	; 0
     5cc:	90 e0       	ldi	r25, 0x00	; 0
     5ce:	59 07       	cpc	r21, r25
     5d0:	90 e0       	ldi	r25, 0x00	; 0
     5d2:	69 07       	cpc	r22, r25
     5d4:	90 e4       	ldi	r25, 0x40	; 64
     5d6:	79 07       	cpc	r23, r25
     5d8:	60 f3       	brcs	.-40     	; 0x5b2 <__mulsf3+0x174>
     5da:	2b 8f       	std	Y+27, r18	; 0x1b
     5dc:	3c 8f       	std	Y+28, r19	; 0x1c
     5de:	db 01       	movw	r26, r22
     5e0:	ca 01       	movw	r24, r20
     5e2:	8f 77       	andi	r24, 0x7F	; 127
     5e4:	90 70       	andi	r25, 0x00	; 0
     5e6:	a0 70       	andi	r26, 0x00	; 0
     5e8:	b0 70       	andi	r27, 0x00	; 0
     5ea:	80 34       	cpi	r24, 0x40	; 64
     5ec:	91 05       	cpc	r25, r1
     5ee:	a1 05       	cpc	r26, r1
     5f0:	b1 05       	cpc	r27, r1
     5f2:	61 f4       	brne	.+24     	; 0x60c <__mulsf3+0x1ce>
     5f4:	47 fd       	sbrc	r20, 7
     5f6:	0a c0       	rjmp	.+20     	; 0x60c <__mulsf3+0x1ce>
     5f8:	e1 14       	cp	r14, r1
     5fa:	f1 04       	cpc	r15, r1
     5fc:	01 05       	cpc	r16, r1
     5fe:	11 05       	cpc	r17, r1
     600:	29 f0       	breq	.+10     	; 0x60c <__mulsf3+0x1ce>
     602:	40 5c       	subi	r20, 0xC0	; 192
     604:	5f 4f       	sbci	r21, 0xFF	; 255
     606:	6f 4f       	sbci	r22, 0xFF	; 255
     608:	7f 4f       	sbci	r23, 0xFF	; 255
     60a:	40 78       	andi	r20, 0x80	; 128
     60c:	1a 8e       	std	Y+26, r1	; 0x1a
     60e:	fe 17       	cp	r31, r30
     610:	11 f0       	breq	.+4      	; 0x616 <__mulsf3+0x1d8>
     612:	81 e0       	ldi	r24, 0x01	; 1
     614:	8a 8f       	std	Y+26, r24	; 0x1a
     616:	4d 8f       	std	Y+29, r20	; 0x1d
     618:	5e 8f       	std	Y+30, r21	; 0x1e
     61a:	6f 8f       	std	Y+31, r22	; 0x1f
     61c:	78 a3       	std	Y+32, r23	; 0x20
     61e:	83 e0       	ldi	r24, 0x03	; 3
     620:	89 8f       	std	Y+25, r24	; 0x19
     622:	ce 01       	movw	r24, r28
     624:	49 96       	adiw	r24, 0x19	; 25
     626:	0e 94 fd 03 	call	0x7fa	; 0x7fa <__pack_f>
     62a:	a0 96       	adiw	r28, 0x20	; 32
     62c:	e2 e1       	ldi	r30, 0x12	; 18
     62e:	0c 94 b1 19 	jmp	0x3362	; 0x3362 <__epilogue_restores__>

00000632 <__gtsf2>:
     632:	a8 e1       	ldi	r26, 0x18	; 24
     634:	b0 e0       	ldi	r27, 0x00	; 0
     636:	ef e1       	ldi	r30, 0x1F	; 31
     638:	f3 e0       	ldi	r31, 0x03	; 3
     63a:	0c 94 a1 19 	jmp	0x3342	; 0x3342 <__prologue_saves__+0x18>
     63e:	69 83       	std	Y+1, r22	; 0x01
     640:	7a 83       	std	Y+2, r23	; 0x02
     642:	8b 83       	std	Y+3, r24	; 0x03
     644:	9c 83       	std	Y+4, r25	; 0x04
     646:	2d 83       	std	Y+5, r18	; 0x05
     648:	3e 83       	std	Y+6, r19	; 0x06
     64a:	4f 83       	std	Y+7, r20	; 0x07
     64c:	58 87       	std	Y+8, r21	; 0x08
     64e:	89 e0       	ldi	r24, 0x09	; 9
     650:	e8 2e       	mov	r14, r24
     652:	f1 2c       	mov	r15, r1
     654:	ec 0e       	add	r14, r28
     656:	fd 1e       	adc	r15, r29
     658:	ce 01       	movw	r24, r28
     65a:	01 96       	adiw	r24, 0x01	; 1
     65c:	b7 01       	movw	r22, r14
     65e:	0e 94 d2 04 	call	0x9a4	; 0x9a4 <__unpack_f>
     662:	8e 01       	movw	r16, r28
     664:	0f 5e       	subi	r16, 0xEF	; 239
     666:	1f 4f       	sbci	r17, 0xFF	; 255
     668:	ce 01       	movw	r24, r28
     66a:	05 96       	adiw	r24, 0x05	; 5
     66c:	b8 01       	movw	r22, r16
     66e:	0e 94 d2 04 	call	0x9a4	; 0x9a4 <__unpack_f>
     672:	89 85       	ldd	r24, Y+9	; 0x09
     674:	82 30       	cpi	r24, 0x02	; 2
     676:	40 f0       	brcs	.+16     	; 0x688 <__gtsf2+0x56>
     678:	89 89       	ldd	r24, Y+17	; 0x11
     67a:	82 30       	cpi	r24, 0x02	; 2
     67c:	28 f0       	brcs	.+10     	; 0x688 <__gtsf2+0x56>
     67e:	c7 01       	movw	r24, r14
     680:	b8 01       	movw	r22, r16
     682:	0e 94 4a 05 	call	0xa94	; 0xa94 <__fpcmp_parts_f>
     686:	01 c0       	rjmp	.+2      	; 0x68a <__gtsf2+0x58>
     688:	8f ef       	ldi	r24, 0xFF	; 255
     68a:	68 96       	adiw	r28, 0x18	; 24
     68c:	e6 e0       	ldi	r30, 0x06	; 6
     68e:	0c 94 bd 19 	jmp	0x337a	; 0x337a <__epilogue_restores__+0x18>

00000692 <__gesf2>:
     692:	a8 e1       	ldi	r26, 0x18	; 24
     694:	b0 e0       	ldi	r27, 0x00	; 0
     696:	ef e4       	ldi	r30, 0x4F	; 79
     698:	f3 e0       	ldi	r31, 0x03	; 3
     69a:	0c 94 a1 19 	jmp	0x3342	; 0x3342 <__prologue_saves__+0x18>
     69e:	69 83       	std	Y+1, r22	; 0x01
     6a0:	7a 83       	std	Y+2, r23	; 0x02
     6a2:	8b 83       	std	Y+3, r24	; 0x03
     6a4:	9c 83       	std	Y+4, r25	; 0x04
     6a6:	2d 83       	std	Y+5, r18	; 0x05
     6a8:	3e 83       	std	Y+6, r19	; 0x06
     6aa:	4f 83       	std	Y+7, r20	; 0x07
     6ac:	58 87       	std	Y+8, r21	; 0x08
     6ae:	89 e0       	ldi	r24, 0x09	; 9
     6b0:	e8 2e       	mov	r14, r24
     6b2:	f1 2c       	mov	r15, r1
     6b4:	ec 0e       	add	r14, r28
     6b6:	fd 1e       	adc	r15, r29
     6b8:	ce 01       	movw	r24, r28
     6ba:	01 96       	adiw	r24, 0x01	; 1
     6bc:	b7 01       	movw	r22, r14
     6be:	0e 94 d2 04 	call	0x9a4	; 0x9a4 <__unpack_f>
     6c2:	8e 01       	movw	r16, r28
     6c4:	0f 5e       	subi	r16, 0xEF	; 239
     6c6:	1f 4f       	sbci	r17, 0xFF	; 255
     6c8:	ce 01       	movw	r24, r28
     6ca:	05 96       	adiw	r24, 0x05	; 5
     6cc:	b8 01       	movw	r22, r16
     6ce:	0e 94 d2 04 	call	0x9a4	; 0x9a4 <__unpack_f>
     6d2:	89 85       	ldd	r24, Y+9	; 0x09
     6d4:	82 30       	cpi	r24, 0x02	; 2
     6d6:	40 f0       	brcs	.+16     	; 0x6e8 <__gesf2+0x56>
     6d8:	89 89       	ldd	r24, Y+17	; 0x11
     6da:	82 30       	cpi	r24, 0x02	; 2
     6dc:	28 f0       	brcs	.+10     	; 0x6e8 <__gesf2+0x56>
     6de:	c7 01       	movw	r24, r14
     6e0:	b8 01       	movw	r22, r16
     6e2:	0e 94 4a 05 	call	0xa94	; 0xa94 <__fpcmp_parts_f>
     6e6:	01 c0       	rjmp	.+2      	; 0x6ea <__gesf2+0x58>
     6e8:	8f ef       	ldi	r24, 0xFF	; 255
     6ea:	68 96       	adiw	r28, 0x18	; 24
     6ec:	e6 e0       	ldi	r30, 0x06	; 6
     6ee:	0c 94 bd 19 	jmp	0x337a	; 0x337a <__epilogue_restores__+0x18>

000006f2 <__ltsf2>:
     6f2:	a8 e1       	ldi	r26, 0x18	; 24
     6f4:	b0 e0       	ldi	r27, 0x00	; 0
     6f6:	ef e7       	ldi	r30, 0x7F	; 127
     6f8:	f3 e0       	ldi	r31, 0x03	; 3
     6fa:	0c 94 a1 19 	jmp	0x3342	; 0x3342 <__prologue_saves__+0x18>
     6fe:	69 83       	std	Y+1, r22	; 0x01
     700:	7a 83       	std	Y+2, r23	; 0x02
     702:	8b 83       	std	Y+3, r24	; 0x03
     704:	9c 83       	std	Y+4, r25	; 0x04
     706:	2d 83       	std	Y+5, r18	; 0x05
     708:	3e 83       	std	Y+6, r19	; 0x06
     70a:	4f 83       	std	Y+7, r20	; 0x07
     70c:	58 87       	std	Y+8, r21	; 0x08
     70e:	89 e0       	ldi	r24, 0x09	; 9
     710:	e8 2e       	mov	r14, r24
     712:	f1 2c       	mov	r15, r1
     714:	ec 0e       	add	r14, r28
     716:	fd 1e       	adc	r15, r29
     718:	ce 01       	movw	r24, r28
     71a:	01 96       	adiw	r24, 0x01	; 1
     71c:	b7 01       	movw	r22, r14
     71e:	0e 94 d2 04 	call	0x9a4	; 0x9a4 <__unpack_f>
     722:	8e 01       	movw	r16, r28
     724:	0f 5e       	subi	r16, 0xEF	; 239
     726:	1f 4f       	sbci	r17, 0xFF	; 255
     728:	ce 01       	movw	r24, r28
     72a:	05 96       	adiw	r24, 0x05	; 5
     72c:	b8 01       	movw	r22, r16
     72e:	0e 94 d2 04 	call	0x9a4	; 0x9a4 <__unpack_f>
     732:	89 85       	ldd	r24, Y+9	; 0x09
     734:	82 30       	cpi	r24, 0x02	; 2
     736:	40 f0       	brcs	.+16     	; 0x748 <__ltsf2+0x56>
     738:	89 89       	ldd	r24, Y+17	; 0x11
     73a:	82 30       	cpi	r24, 0x02	; 2
     73c:	28 f0       	brcs	.+10     	; 0x748 <__ltsf2+0x56>
     73e:	c7 01       	movw	r24, r14
     740:	b8 01       	movw	r22, r16
     742:	0e 94 4a 05 	call	0xa94	; 0xa94 <__fpcmp_parts_f>
     746:	01 c0       	rjmp	.+2      	; 0x74a <__ltsf2+0x58>
     748:	81 e0       	ldi	r24, 0x01	; 1
     74a:	68 96       	adiw	r28, 0x18	; 24
     74c:	e6 e0       	ldi	r30, 0x06	; 6
     74e:	0c 94 bd 19 	jmp	0x337a	; 0x337a <__epilogue_restores__+0x18>

00000752 <__fixsfsi>:
     752:	ac e0       	ldi	r26, 0x0C	; 12
     754:	b0 e0       	ldi	r27, 0x00	; 0
     756:	ef ea       	ldi	r30, 0xAF	; 175
     758:	f3 e0       	ldi	r31, 0x03	; 3
     75a:	0c 94 a5 19 	jmp	0x334a	; 0x334a <__prologue_saves__+0x20>
     75e:	69 83       	std	Y+1, r22	; 0x01
     760:	7a 83       	std	Y+2, r23	; 0x02
     762:	8b 83       	std	Y+3, r24	; 0x03
     764:	9c 83       	std	Y+4, r25	; 0x04
     766:	ce 01       	movw	r24, r28
     768:	01 96       	adiw	r24, 0x01	; 1
     76a:	be 01       	movw	r22, r28
     76c:	6b 5f       	subi	r22, 0xFB	; 251
     76e:	7f 4f       	sbci	r23, 0xFF	; 255
     770:	0e 94 d2 04 	call	0x9a4	; 0x9a4 <__unpack_f>
     774:	8d 81       	ldd	r24, Y+5	; 0x05
     776:	82 30       	cpi	r24, 0x02	; 2
     778:	61 f1       	breq	.+88     	; 0x7d2 <__fixsfsi+0x80>
     77a:	82 30       	cpi	r24, 0x02	; 2
     77c:	50 f1       	brcs	.+84     	; 0x7d2 <__fixsfsi+0x80>
     77e:	84 30       	cpi	r24, 0x04	; 4
     780:	21 f4       	brne	.+8      	; 0x78a <__fixsfsi+0x38>
     782:	8e 81       	ldd	r24, Y+6	; 0x06
     784:	88 23       	and	r24, r24
     786:	51 f1       	breq	.+84     	; 0x7dc <__fixsfsi+0x8a>
     788:	2e c0       	rjmp	.+92     	; 0x7e6 <__fixsfsi+0x94>
     78a:	2f 81       	ldd	r18, Y+7	; 0x07
     78c:	38 85       	ldd	r19, Y+8	; 0x08
     78e:	37 fd       	sbrc	r19, 7
     790:	20 c0       	rjmp	.+64     	; 0x7d2 <__fixsfsi+0x80>
     792:	6e 81       	ldd	r22, Y+6	; 0x06
     794:	2f 31       	cpi	r18, 0x1F	; 31
     796:	31 05       	cpc	r19, r1
     798:	1c f0       	brlt	.+6      	; 0x7a0 <__fixsfsi+0x4e>
     79a:	66 23       	and	r22, r22
     79c:	f9 f0       	breq	.+62     	; 0x7dc <__fixsfsi+0x8a>
     79e:	23 c0       	rjmp	.+70     	; 0x7e6 <__fixsfsi+0x94>
     7a0:	8e e1       	ldi	r24, 0x1E	; 30
     7a2:	90 e0       	ldi	r25, 0x00	; 0
     7a4:	82 1b       	sub	r24, r18
     7a6:	93 0b       	sbc	r25, r19
     7a8:	29 85       	ldd	r18, Y+9	; 0x09
     7aa:	3a 85       	ldd	r19, Y+10	; 0x0a
     7ac:	4b 85       	ldd	r20, Y+11	; 0x0b
     7ae:	5c 85       	ldd	r21, Y+12	; 0x0c
     7b0:	04 c0       	rjmp	.+8      	; 0x7ba <__fixsfsi+0x68>
     7b2:	56 95       	lsr	r21
     7b4:	47 95       	ror	r20
     7b6:	37 95       	ror	r19
     7b8:	27 95       	ror	r18
     7ba:	8a 95       	dec	r24
     7bc:	d2 f7       	brpl	.-12     	; 0x7b2 <__fixsfsi+0x60>
     7be:	66 23       	and	r22, r22
     7c0:	b1 f0       	breq	.+44     	; 0x7ee <__fixsfsi+0x9c>
     7c2:	50 95       	com	r21
     7c4:	40 95       	com	r20
     7c6:	30 95       	com	r19
     7c8:	21 95       	neg	r18
     7ca:	3f 4f       	sbci	r19, 0xFF	; 255
     7cc:	4f 4f       	sbci	r20, 0xFF	; 255
     7ce:	5f 4f       	sbci	r21, 0xFF	; 255
     7d0:	0e c0       	rjmp	.+28     	; 0x7ee <__fixsfsi+0x9c>
     7d2:	20 e0       	ldi	r18, 0x00	; 0
     7d4:	30 e0       	ldi	r19, 0x00	; 0
     7d6:	40 e0       	ldi	r20, 0x00	; 0
     7d8:	50 e0       	ldi	r21, 0x00	; 0
     7da:	09 c0       	rjmp	.+18     	; 0x7ee <__fixsfsi+0x9c>
     7dc:	2f ef       	ldi	r18, 0xFF	; 255
     7de:	3f ef       	ldi	r19, 0xFF	; 255
     7e0:	4f ef       	ldi	r20, 0xFF	; 255
     7e2:	5f e7       	ldi	r21, 0x7F	; 127
     7e4:	04 c0       	rjmp	.+8      	; 0x7ee <__fixsfsi+0x9c>
     7e6:	20 e0       	ldi	r18, 0x00	; 0
     7e8:	30 e0       	ldi	r19, 0x00	; 0
     7ea:	40 e0       	ldi	r20, 0x00	; 0
     7ec:	50 e8       	ldi	r21, 0x80	; 128
     7ee:	b9 01       	movw	r22, r18
     7f0:	ca 01       	movw	r24, r20
     7f2:	2c 96       	adiw	r28, 0x0c	; 12
     7f4:	e2 e0       	ldi	r30, 0x02	; 2
     7f6:	0c 94 c1 19 	jmp	0x3382	; 0x3382 <__epilogue_restores__+0x20>

000007fa <__pack_f>:
     7fa:	df 92       	push	r13
     7fc:	ef 92       	push	r14
     7fe:	ff 92       	push	r15
     800:	0f 93       	push	r16
     802:	1f 93       	push	r17
     804:	fc 01       	movw	r30, r24
     806:	e4 80       	ldd	r14, Z+4	; 0x04
     808:	f5 80       	ldd	r15, Z+5	; 0x05
     80a:	06 81       	ldd	r16, Z+6	; 0x06
     80c:	17 81       	ldd	r17, Z+7	; 0x07
     80e:	d1 80       	ldd	r13, Z+1	; 0x01
     810:	80 81       	ld	r24, Z
     812:	82 30       	cpi	r24, 0x02	; 2
     814:	48 f4       	brcc	.+18     	; 0x828 <__pack_f+0x2e>
     816:	80 e0       	ldi	r24, 0x00	; 0
     818:	90 e0       	ldi	r25, 0x00	; 0
     81a:	a0 e1       	ldi	r26, 0x10	; 16
     81c:	b0 e0       	ldi	r27, 0x00	; 0
     81e:	e8 2a       	or	r14, r24
     820:	f9 2a       	or	r15, r25
     822:	0a 2b       	or	r16, r26
     824:	1b 2b       	or	r17, r27
     826:	a5 c0       	rjmp	.+330    	; 0x972 <__stack+0x113>
     828:	84 30       	cpi	r24, 0x04	; 4
     82a:	09 f4       	brne	.+2      	; 0x82e <__pack_f+0x34>
     82c:	9f c0       	rjmp	.+318    	; 0x96c <__stack+0x10d>
     82e:	82 30       	cpi	r24, 0x02	; 2
     830:	21 f4       	brne	.+8      	; 0x83a <__pack_f+0x40>
     832:	ee 24       	eor	r14, r14
     834:	ff 24       	eor	r15, r15
     836:	87 01       	movw	r16, r14
     838:	05 c0       	rjmp	.+10     	; 0x844 <__pack_f+0x4a>
     83a:	e1 14       	cp	r14, r1
     83c:	f1 04       	cpc	r15, r1
     83e:	01 05       	cpc	r16, r1
     840:	11 05       	cpc	r17, r1
     842:	19 f4       	brne	.+6      	; 0x84a <__pack_f+0x50>
     844:	e0 e0       	ldi	r30, 0x00	; 0
     846:	f0 e0       	ldi	r31, 0x00	; 0
     848:	96 c0       	rjmp	.+300    	; 0x976 <__stack+0x117>
     84a:	62 81       	ldd	r22, Z+2	; 0x02
     84c:	73 81       	ldd	r23, Z+3	; 0x03
     84e:	9f ef       	ldi	r25, 0xFF	; 255
     850:	62 38       	cpi	r22, 0x82	; 130
     852:	79 07       	cpc	r23, r25
     854:	0c f0       	brlt	.+2      	; 0x858 <__pack_f+0x5e>
     856:	5b c0       	rjmp	.+182    	; 0x90e <__stack+0xaf>
     858:	22 e8       	ldi	r18, 0x82	; 130
     85a:	3f ef       	ldi	r19, 0xFF	; 255
     85c:	26 1b       	sub	r18, r22
     85e:	37 0b       	sbc	r19, r23
     860:	2a 31       	cpi	r18, 0x1A	; 26
     862:	31 05       	cpc	r19, r1
     864:	2c f0       	brlt	.+10     	; 0x870 <__stack+0x11>
     866:	20 e0       	ldi	r18, 0x00	; 0
     868:	30 e0       	ldi	r19, 0x00	; 0
     86a:	40 e0       	ldi	r20, 0x00	; 0
     86c:	50 e0       	ldi	r21, 0x00	; 0
     86e:	2a c0       	rjmp	.+84     	; 0x8c4 <__stack+0x65>
     870:	b8 01       	movw	r22, r16
     872:	a7 01       	movw	r20, r14
     874:	02 2e       	mov	r0, r18
     876:	04 c0       	rjmp	.+8      	; 0x880 <__stack+0x21>
     878:	76 95       	lsr	r23
     87a:	67 95       	ror	r22
     87c:	57 95       	ror	r21
     87e:	47 95       	ror	r20
     880:	0a 94       	dec	r0
     882:	d2 f7       	brpl	.-12     	; 0x878 <__stack+0x19>
     884:	81 e0       	ldi	r24, 0x01	; 1
     886:	90 e0       	ldi	r25, 0x00	; 0
     888:	a0 e0       	ldi	r26, 0x00	; 0
     88a:	b0 e0       	ldi	r27, 0x00	; 0
     88c:	04 c0       	rjmp	.+8      	; 0x896 <__stack+0x37>
     88e:	88 0f       	add	r24, r24
     890:	99 1f       	adc	r25, r25
     892:	aa 1f       	adc	r26, r26
     894:	bb 1f       	adc	r27, r27
     896:	2a 95       	dec	r18
     898:	d2 f7       	brpl	.-12     	; 0x88e <__stack+0x2f>
     89a:	01 97       	sbiw	r24, 0x01	; 1
     89c:	a1 09       	sbc	r26, r1
     89e:	b1 09       	sbc	r27, r1
     8a0:	8e 21       	and	r24, r14
     8a2:	9f 21       	and	r25, r15
     8a4:	a0 23       	and	r26, r16
     8a6:	b1 23       	and	r27, r17
     8a8:	00 97       	sbiw	r24, 0x00	; 0
     8aa:	a1 05       	cpc	r26, r1
     8ac:	b1 05       	cpc	r27, r1
     8ae:	21 f0       	breq	.+8      	; 0x8b8 <__stack+0x59>
     8b0:	81 e0       	ldi	r24, 0x01	; 1
     8b2:	90 e0       	ldi	r25, 0x00	; 0
     8b4:	a0 e0       	ldi	r26, 0x00	; 0
     8b6:	b0 e0       	ldi	r27, 0x00	; 0
     8b8:	9a 01       	movw	r18, r20
     8ba:	ab 01       	movw	r20, r22
     8bc:	28 2b       	or	r18, r24
     8be:	39 2b       	or	r19, r25
     8c0:	4a 2b       	or	r20, r26
     8c2:	5b 2b       	or	r21, r27
     8c4:	da 01       	movw	r26, r20
     8c6:	c9 01       	movw	r24, r18
     8c8:	8f 77       	andi	r24, 0x7F	; 127
     8ca:	90 70       	andi	r25, 0x00	; 0
     8cc:	a0 70       	andi	r26, 0x00	; 0
     8ce:	b0 70       	andi	r27, 0x00	; 0
     8d0:	80 34       	cpi	r24, 0x40	; 64
     8d2:	91 05       	cpc	r25, r1
     8d4:	a1 05       	cpc	r26, r1
     8d6:	b1 05       	cpc	r27, r1
     8d8:	39 f4       	brne	.+14     	; 0x8e8 <__stack+0x89>
     8da:	27 ff       	sbrs	r18, 7
     8dc:	09 c0       	rjmp	.+18     	; 0x8f0 <__stack+0x91>
     8de:	20 5c       	subi	r18, 0xC0	; 192
     8e0:	3f 4f       	sbci	r19, 0xFF	; 255
     8e2:	4f 4f       	sbci	r20, 0xFF	; 255
     8e4:	5f 4f       	sbci	r21, 0xFF	; 255
     8e6:	04 c0       	rjmp	.+8      	; 0x8f0 <__stack+0x91>
     8e8:	21 5c       	subi	r18, 0xC1	; 193
     8ea:	3f 4f       	sbci	r19, 0xFF	; 255
     8ec:	4f 4f       	sbci	r20, 0xFF	; 255
     8ee:	5f 4f       	sbci	r21, 0xFF	; 255
     8f0:	e0 e0       	ldi	r30, 0x00	; 0
     8f2:	f0 e0       	ldi	r31, 0x00	; 0
     8f4:	20 30       	cpi	r18, 0x00	; 0
     8f6:	a0 e0       	ldi	r26, 0x00	; 0
     8f8:	3a 07       	cpc	r19, r26
     8fa:	a0 e0       	ldi	r26, 0x00	; 0
     8fc:	4a 07       	cpc	r20, r26
     8fe:	a0 e4       	ldi	r26, 0x40	; 64
     900:	5a 07       	cpc	r21, r26
     902:	10 f0       	brcs	.+4      	; 0x908 <__stack+0xa9>
     904:	e1 e0       	ldi	r30, 0x01	; 1
     906:	f0 e0       	ldi	r31, 0x00	; 0
     908:	79 01       	movw	r14, r18
     90a:	8a 01       	movw	r16, r20
     90c:	27 c0       	rjmp	.+78     	; 0x95c <__stack+0xfd>
     90e:	60 38       	cpi	r22, 0x80	; 128
     910:	71 05       	cpc	r23, r1
     912:	64 f5       	brge	.+88     	; 0x96c <__stack+0x10d>
     914:	fb 01       	movw	r30, r22
     916:	e1 58       	subi	r30, 0x81	; 129
     918:	ff 4f       	sbci	r31, 0xFF	; 255
     91a:	d8 01       	movw	r26, r16
     91c:	c7 01       	movw	r24, r14
     91e:	8f 77       	andi	r24, 0x7F	; 127
     920:	90 70       	andi	r25, 0x00	; 0
     922:	a0 70       	andi	r26, 0x00	; 0
     924:	b0 70       	andi	r27, 0x00	; 0
     926:	80 34       	cpi	r24, 0x40	; 64
     928:	91 05       	cpc	r25, r1
     92a:	a1 05       	cpc	r26, r1
     92c:	b1 05       	cpc	r27, r1
     92e:	39 f4       	brne	.+14     	; 0x93e <__stack+0xdf>
     930:	e7 fe       	sbrs	r14, 7
     932:	0d c0       	rjmp	.+26     	; 0x94e <__stack+0xef>
     934:	80 e4       	ldi	r24, 0x40	; 64
     936:	90 e0       	ldi	r25, 0x00	; 0
     938:	a0 e0       	ldi	r26, 0x00	; 0
     93a:	b0 e0       	ldi	r27, 0x00	; 0
     93c:	04 c0       	rjmp	.+8      	; 0x946 <__stack+0xe7>
     93e:	8f e3       	ldi	r24, 0x3F	; 63
     940:	90 e0       	ldi	r25, 0x00	; 0
     942:	a0 e0       	ldi	r26, 0x00	; 0
     944:	b0 e0       	ldi	r27, 0x00	; 0
     946:	e8 0e       	add	r14, r24
     948:	f9 1e       	adc	r15, r25
     94a:	0a 1f       	adc	r16, r26
     94c:	1b 1f       	adc	r17, r27
     94e:	17 ff       	sbrs	r17, 7
     950:	05 c0       	rjmp	.+10     	; 0x95c <__stack+0xfd>
     952:	16 95       	lsr	r17
     954:	07 95       	ror	r16
     956:	f7 94       	ror	r15
     958:	e7 94       	ror	r14
     95a:	31 96       	adiw	r30, 0x01	; 1
     95c:	87 e0       	ldi	r24, 0x07	; 7
     95e:	16 95       	lsr	r17
     960:	07 95       	ror	r16
     962:	f7 94       	ror	r15
     964:	e7 94       	ror	r14
     966:	8a 95       	dec	r24
     968:	d1 f7       	brne	.-12     	; 0x95e <__stack+0xff>
     96a:	05 c0       	rjmp	.+10     	; 0x976 <__stack+0x117>
     96c:	ee 24       	eor	r14, r14
     96e:	ff 24       	eor	r15, r15
     970:	87 01       	movw	r16, r14
     972:	ef ef       	ldi	r30, 0xFF	; 255
     974:	f0 e0       	ldi	r31, 0x00	; 0
     976:	6e 2f       	mov	r22, r30
     978:	67 95       	ror	r22
     97a:	66 27       	eor	r22, r22
     97c:	67 95       	ror	r22
     97e:	90 2f       	mov	r25, r16
     980:	9f 77       	andi	r25, 0x7F	; 127
     982:	d7 94       	ror	r13
     984:	dd 24       	eor	r13, r13
     986:	d7 94       	ror	r13
     988:	8e 2f       	mov	r24, r30
     98a:	86 95       	lsr	r24
     98c:	49 2f       	mov	r20, r25
     98e:	46 2b       	or	r20, r22
     990:	58 2f       	mov	r21, r24
     992:	5d 29       	or	r21, r13
     994:	b7 01       	movw	r22, r14
     996:	ca 01       	movw	r24, r20
     998:	1f 91       	pop	r17
     99a:	0f 91       	pop	r16
     99c:	ff 90       	pop	r15
     99e:	ef 90       	pop	r14
     9a0:	df 90       	pop	r13
     9a2:	08 95       	ret

000009a4 <__unpack_f>:
     9a4:	fc 01       	movw	r30, r24
     9a6:	db 01       	movw	r26, r22
     9a8:	40 81       	ld	r20, Z
     9aa:	51 81       	ldd	r21, Z+1	; 0x01
     9ac:	22 81       	ldd	r18, Z+2	; 0x02
     9ae:	62 2f       	mov	r22, r18
     9b0:	6f 77       	andi	r22, 0x7F	; 127
     9b2:	70 e0       	ldi	r23, 0x00	; 0
     9b4:	22 1f       	adc	r18, r18
     9b6:	22 27       	eor	r18, r18
     9b8:	22 1f       	adc	r18, r18
     9ba:	93 81       	ldd	r25, Z+3	; 0x03
     9bc:	89 2f       	mov	r24, r25
     9be:	88 0f       	add	r24, r24
     9c0:	82 2b       	or	r24, r18
     9c2:	28 2f       	mov	r18, r24
     9c4:	30 e0       	ldi	r19, 0x00	; 0
     9c6:	99 1f       	adc	r25, r25
     9c8:	99 27       	eor	r25, r25
     9ca:	99 1f       	adc	r25, r25
     9cc:	11 96       	adiw	r26, 0x01	; 1
     9ce:	9c 93       	st	X, r25
     9d0:	11 97       	sbiw	r26, 0x01	; 1
     9d2:	21 15       	cp	r18, r1
     9d4:	31 05       	cpc	r19, r1
     9d6:	a9 f5       	brne	.+106    	; 0xa42 <__unpack_f+0x9e>
     9d8:	41 15       	cp	r20, r1
     9da:	51 05       	cpc	r21, r1
     9dc:	61 05       	cpc	r22, r1
     9de:	71 05       	cpc	r23, r1
     9e0:	11 f4       	brne	.+4      	; 0x9e6 <__unpack_f+0x42>
     9e2:	82 e0       	ldi	r24, 0x02	; 2
     9e4:	37 c0       	rjmp	.+110    	; 0xa54 <__unpack_f+0xb0>
     9e6:	82 e8       	ldi	r24, 0x82	; 130
     9e8:	9f ef       	ldi	r25, 0xFF	; 255
     9ea:	13 96       	adiw	r26, 0x03	; 3
     9ec:	9c 93       	st	X, r25
     9ee:	8e 93       	st	-X, r24
     9f0:	12 97       	sbiw	r26, 0x02	; 2
     9f2:	9a 01       	movw	r18, r20
     9f4:	ab 01       	movw	r20, r22
     9f6:	67 e0       	ldi	r22, 0x07	; 7
     9f8:	22 0f       	add	r18, r18
     9fa:	33 1f       	adc	r19, r19
     9fc:	44 1f       	adc	r20, r20
     9fe:	55 1f       	adc	r21, r21
     a00:	6a 95       	dec	r22
     a02:	d1 f7       	brne	.-12     	; 0x9f8 <__unpack_f+0x54>
     a04:	83 e0       	ldi	r24, 0x03	; 3
     a06:	8c 93       	st	X, r24
     a08:	0d c0       	rjmp	.+26     	; 0xa24 <__unpack_f+0x80>
     a0a:	22 0f       	add	r18, r18
     a0c:	33 1f       	adc	r19, r19
     a0e:	44 1f       	adc	r20, r20
     a10:	55 1f       	adc	r21, r21
     a12:	12 96       	adiw	r26, 0x02	; 2
     a14:	8d 91       	ld	r24, X+
     a16:	9c 91       	ld	r25, X
     a18:	13 97       	sbiw	r26, 0x03	; 3
     a1a:	01 97       	sbiw	r24, 0x01	; 1
     a1c:	13 96       	adiw	r26, 0x03	; 3
     a1e:	9c 93       	st	X, r25
     a20:	8e 93       	st	-X, r24
     a22:	12 97       	sbiw	r26, 0x02	; 2
     a24:	20 30       	cpi	r18, 0x00	; 0
     a26:	80 e0       	ldi	r24, 0x00	; 0
     a28:	38 07       	cpc	r19, r24
     a2a:	80 e0       	ldi	r24, 0x00	; 0
     a2c:	48 07       	cpc	r20, r24
     a2e:	80 e4       	ldi	r24, 0x40	; 64
     a30:	58 07       	cpc	r21, r24
     a32:	58 f3       	brcs	.-42     	; 0xa0a <__unpack_f+0x66>
     a34:	14 96       	adiw	r26, 0x04	; 4
     a36:	2d 93       	st	X+, r18
     a38:	3d 93       	st	X+, r19
     a3a:	4d 93       	st	X+, r20
     a3c:	5c 93       	st	X, r21
     a3e:	17 97       	sbiw	r26, 0x07	; 7
     a40:	08 95       	ret
     a42:	2f 3f       	cpi	r18, 0xFF	; 255
     a44:	31 05       	cpc	r19, r1
     a46:	79 f4       	brne	.+30     	; 0xa66 <__unpack_f+0xc2>
     a48:	41 15       	cp	r20, r1
     a4a:	51 05       	cpc	r21, r1
     a4c:	61 05       	cpc	r22, r1
     a4e:	71 05       	cpc	r23, r1
     a50:	19 f4       	brne	.+6      	; 0xa58 <__unpack_f+0xb4>
     a52:	84 e0       	ldi	r24, 0x04	; 4
     a54:	8c 93       	st	X, r24
     a56:	08 95       	ret
     a58:	64 ff       	sbrs	r22, 4
     a5a:	03 c0       	rjmp	.+6      	; 0xa62 <__unpack_f+0xbe>
     a5c:	81 e0       	ldi	r24, 0x01	; 1
     a5e:	8c 93       	st	X, r24
     a60:	12 c0       	rjmp	.+36     	; 0xa86 <__unpack_f+0xe2>
     a62:	1c 92       	st	X, r1
     a64:	10 c0       	rjmp	.+32     	; 0xa86 <__unpack_f+0xe2>
     a66:	2f 57       	subi	r18, 0x7F	; 127
     a68:	30 40       	sbci	r19, 0x00	; 0
     a6a:	13 96       	adiw	r26, 0x03	; 3
     a6c:	3c 93       	st	X, r19
     a6e:	2e 93       	st	-X, r18
     a70:	12 97       	sbiw	r26, 0x02	; 2
     a72:	83 e0       	ldi	r24, 0x03	; 3
     a74:	8c 93       	st	X, r24
     a76:	87 e0       	ldi	r24, 0x07	; 7
     a78:	44 0f       	add	r20, r20
     a7a:	55 1f       	adc	r21, r21
     a7c:	66 1f       	adc	r22, r22
     a7e:	77 1f       	adc	r23, r23
     a80:	8a 95       	dec	r24
     a82:	d1 f7       	brne	.-12     	; 0xa78 <__unpack_f+0xd4>
     a84:	70 64       	ori	r23, 0x40	; 64
     a86:	14 96       	adiw	r26, 0x04	; 4
     a88:	4d 93       	st	X+, r20
     a8a:	5d 93       	st	X+, r21
     a8c:	6d 93       	st	X+, r22
     a8e:	7c 93       	st	X, r23
     a90:	17 97       	sbiw	r26, 0x07	; 7
     a92:	08 95       	ret

00000a94 <__fpcmp_parts_f>:
     a94:	1f 93       	push	r17
     a96:	dc 01       	movw	r26, r24
     a98:	fb 01       	movw	r30, r22
     a9a:	9c 91       	ld	r25, X
     a9c:	92 30       	cpi	r25, 0x02	; 2
     a9e:	08 f4       	brcc	.+2      	; 0xaa2 <__fpcmp_parts_f+0xe>
     aa0:	47 c0       	rjmp	.+142    	; 0xb30 <__fpcmp_parts_f+0x9c>
     aa2:	80 81       	ld	r24, Z
     aa4:	82 30       	cpi	r24, 0x02	; 2
     aa6:	08 f4       	brcc	.+2      	; 0xaaa <__fpcmp_parts_f+0x16>
     aa8:	43 c0       	rjmp	.+134    	; 0xb30 <__fpcmp_parts_f+0x9c>
     aaa:	94 30       	cpi	r25, 0x04	; 4
     aac:	51 f4       	brne	.+20     	; 0xac2 <__fpcmp_parts_f+0x2e>
     aae:	11 96       	adiw	r26, 0x01	; 1
     ab0:	1c 91       	ld	r17, X
     ab2:	84 30       	cpi	r24, 0x04	; 4
     ab4:	99 f5       	brne	.+102    	; 0xb1c <__fpcmp_parts_f+0x88>
     ab6:	81 81       	ldd	r24, Z+1	; 0x01
     ab8:	68 2f       	mov	r22, r24
     aba:	70 e0       	ldi	r23, 0x00	; 0
     abc:	61 1b       	sub	r22, r17
     abe:	71 09       	sbc	r23, r1
     ac0:	3f c0       	rjmp	.+126    	; 0xb40 <__fpcmp_parts_f+0xac>
     ac2:	84 30       	cpi	r24, 0x04	; 4
     ac4:	21 f0       	breq	.+8      	; 0xace <__fpcmp_parts_f+0x3a>
     ac6:	92 30       	cpi	r25, 0x02	; 2
     ac8:	31 f4       	brne	.+12     	; 0xad6 <__fpcmp_parts_f+0x42>
     aca:	82 30       	cpi	r24, 0x02	; 2
     acc:	b9 f1       	breq	.+110    	; 0xb3c <__fpcmp_parts_f+0xa8>
     ace:	81 81       	ldd	r24, Z+1	; 0x01
     ad0:	88 23       	and	r24, r24
     ad2:	89 f1       	breq	.+98     	; 0xb36 <__fpcmp_parts_f+0xa2>
     ad4:	2d c0       	rjmp	.+90     	; 0xb30 <__fpcmp_parts_f+0x9c>
     ad6:	11 96       	adiw	r26, 0x01	; 1
     ad8:	1c 91       	ld	r17, X
     ada:	11 97       	sbiw	r26, 0x01	; 1
     adc:	82 30       	cpi	r24, 0x02	; 2
     ade:	f1 f0       	breq	.+60     	; 0xb1c <__fpcmp_parts_f+0x88>
     ae0:	81 81       	ldd	r24, Z+1	; 0x01
     ae2:	18 17       	cp	r17, r24
     ae4:	d9 f4       	brne	.+54     	; 0xb1c <__fpcmp_parts_f+0x88>
     ae6:	12 96       	adiw	r26, 0x02	; 2
     ae8:	2d 91       	ld	r18, X+
     aea:	3c 91       	ld	r19, X
     aec:	13 97       	sbiw	r26, 0x03	; 3
     aee:	82 81       	ldd	r24, Z+2	; 0x02
     af0:	93 81       	ldd	r25, Z+3	; 0x03
     af2:	82 17       	cp	r24, r18
     af4:	93 07       	cpc	r25, r19
     af6:	94 f0       	brlt	.+36     	; 0xb1c <__fpcmp_parts_f+0x88>
     af8:	28 17       	cp	r18, r24
     afa:	39 07       	cpc	r19, r25
     afc:	bc f0       	brlt	.+46     	; 0xb2c <__fpcmp_parts_f+0x98>
     afe:	14 96       	adiw	r26, 0x04	; 4
     b00:	8d 91       	ld	r24, X+
     b02:	9d 91       	ld	r25, X+
     b04:	0d 90       	ld	r0, X+
     b06:	bc 91       	ld	r27, X
     b08:	a0 2d       	mov	r26, r0
     b0a:	24 81       	ldd	r18, Z+4	; 0x04
     b0c:	35 81       	ldd	r19, Z+5	; 0x05
     b0e:	46 81       	ldd	r20, Z+6	; 0x06
     b10:	57 81       	ldd	r21, Z+7	; 0x07
     b12:	28 17       	cp	r18, r24
     b14:	39 07       	cpc	r19, r25
     b16:	4a 07       	cpc	r20, r26
     b18:	5b 07       	cpc	r21, r27
     b1a:	18 f4       	brcc	.+6      	; 0xb22 <__fpcmp_parts_f+0x8e>
     b1c:	11 23       	and	r17, r17
     b1e:	41 f0       	breq	.+16     	; 0xb30 <__fpcmp_parts_f+0x9c>
     b20:	0a c0       	rjmp	.+20     	; 0xb36 <__fpcmp_parts_f+0xa2>
     b22:	82 17       	cp	r24, r18
     b24:	93 07       	cpc	r25, r19
     b26:	a4 07       	cpc	r26, r20
     b28:	b5 07       	cpc	r27, r21
     b2a:	40 f4       	brcc	.+16     	; 0xb3c <__fpcmp_parts_f+0xa8>
     b2c:	11 23       	and	r17, r17
     b2e:	19 f0       	breq	.+6      	; 0xb36 <__fpcmp_parts_f+0xa2>
     b30:	61 e0       	ldi	r22, 0x01	; 1
     b32:	70 e0       	ldi	r23, 0x00	; 0
     b34:	05 c0       	rjmp	.+10     	; 0xb40 <__fpcmp_parts_f+0xac>
     b36:	6f ef       	ldi	r22, 0xFF	; 255
     b38:	7f ef       	ldi	r23, 0xFF	; 255
     b3a:	02 c0       	rjmp	.+4      	; 0xb40 <__fpcmp_parts_f+0xac>
     b3c:	60 e0       	ldi	r22, 0x00	; 0
     b3e:	70 e0       	ldi	r23, 0x00	; 0
     b40:	cb 01       	movw	r24, r22
     b42:	1f 91       	pop	r17
     b44:	08 95       	ret

00000b46 <TIM0_voidInit>:
pf FunctionAddress2 = 0;
u8 TIM0_MODE;
u8 TIM0_PRESCALER;
u8 TIM0_PWM_MODE;
void TIM0_voidInit(void)
{
     b46:	df 93       	push	r29
     b48:	cf 93       	push	r28
     b4a:	cd b7       	in	r28, 0x3d	; 61
     b4c:	de b7       	in	r29, 0x3e	; 62
	CLR_BIT(TIMSK, 0);
     b4e:	a9 e5       	ldi	r26, 0x59	; 89
     b50:	b0 e0       	ldi	r27, 0x00	; 0
     b52:	e9 e5       	ldi	r30, 0x59	; 89
     b54:	f0 e0       	ldi	r31, 0x00	; 0
     b56:	80 81       	ld	r24, Z
     b58:	8e 7f       	andi	r24, 0xFE	; 254
     b5a:	8c 93       	st	X, r24
	CLR_BIT(TIMSK, 1);
     b5c:	a9 e5       	ldi	r26, 0x59	; 89
     b5e:	b0 e0       	ldi	r27, 0x00	; 0
     b60:	e9 e5       	ldi	r30, 0x59	; 89
     b62:	f0 e0       	ldi	r31, 0x00	; 0
     b64:	80 81       	ld	r24, Z
     b66:	8d 7f       	andi	r24, 0xFD	; 253
     b68:	8c 93       	st	X, r24

	SET_BIT(TIFR, 0);
     b6a:	a8 e5       	ldi	r26, 0x58	; 88
     b6c:	b0 e0       	ldi	r27, 0x00	; 0
     b6e:	e8 e5       	ldi	r30, 0x58	; 88
     b70:	f0 e0       	ldi	r31, 0x00	; 0
     b72:	80 81       	ld	r24, Z
     b74:	81 60       	ori	r24, 0x01	; 1
     b76:	8c 93       	st	X, r24
	SET_BIT(TIFR, 1);
     b78:	a8 e5       	ldi	r26, 0x58	; 88
     b7a:	b0 e0       	ldi	r27, 0x00	; 0
     b7c:	e8 e5       	ldi	r30, 0x58	; 88
     b7e:	f0 e0       	ldi	r31, 0x00	; 0
     b80:	80 81       	ld	r24, Z
     b82:	82 60       	ori	r24, 0x02	; 2
     b84:	8c 93       	st	X, r24

	TCNT0 = 0;
     b86:	e2 e5       	ldi	r30, 0x52	; 82
     b88:	f0 e0       	ldi	r31, 0x00	; 0
     b8a:	10 82       	st	Z, r1
	OCR0  = 0;
     b8c:	ec e5       	ldi	r30, 0x5C	; 92
     b8e:	f0 e0       	ldi	r31, 0x00	; 0
     b90:	10 82       	st	Z, r1

	if (TIM0_MODE == NORMAL_MODE)
     b92:	80 91 de 01 	lds	r24, 0x01DE
     b96:	81 30       	cpi	r24, 0x01	; 1
     b98:	e1 f4       	brne	.+56     	; 0xbd2 <TIM0_voidInit+0x8c>
	{
		CLR_BIT(TCCR0, 6);
     b9a:	a3 e5       	ldi	r26, 0x53	; 83
     b9c:	b0 e0       	ldi	r27, 0x00	; 0
     b9e:	e3 e5       	ldi	r30, 0x53	; 83
     ba0:	f0 e0       	ldi	r31, 0x00	; 0
     ba2:	80 81       	ld	r24, Z
     ba4:	8f 7b       	andi	r24, 0xBF	; 191
     ba6:	8c 93       	st	X, r24
		CLR_BIT(TCCR0, 3);
     ba8:	a3 e5       	ldi	r26, 0x53	; 83
     baa:	b0 e0       	ldi	r27, 0x00	; 0
     bac:	e3 e5       	ldi	r30, 0x53	; 83
     bae:	f0 e0       	ldi	r31, 0x00	; 0
     bb0:	80 81       	ld	r24, Z
     bb2:	87 7f       	andi	r24, 0xF7	; 247
     bb4:	8c 93       	st	X, r24
		CLR_BIT(TCCR0, 4);
     bb6:	a3 e5       	ldi	r26, 0x53	; 83
     bb8:	b0 e0       	ldi	r27, 0x00	; 0
     bba:	e3 e5       	ldi	r30, 0x53	; 83
     bbc:	f0 e0       	ldi	r31, 0x00	; 0
     bbe:	80 81       	ld	r24, Z
     bc0:	8f 7e       	andi	r24, 0xEF	; 239
     bc2:	8c 93       	st	X, r24
		CLR_BIT(TCCR0, 5);
     bc4:	a3 e5       	ldi	r26, 0x53	; 83
     bc6:	b0 e0       	ldi	r27, 0x00	; 0
     bc8:	e3 e5       	ldi	r30, 0x53	; 83
     bca:	f0 e0       	ldi	r31, 0x00	; 0
     bcc:	80 81       	ld	r24, Z
     bce:	8f 7d       	andi	r24, 0xDF	; 223
     bd0:	8c 93       	st	X, r24
	}

	if (TIM0_MODE == CTC_MODE)
     bd2:	80 91 de 01 	lds	r24, 0x01DE
     bd6:	82 30       	cpi	r24, 0x02	; 2
     bd8:	e1 f4       	brne	.+56     	; 0xc12 <TIM0_voidInit+0xcc>
	{
		CLR_BIT(TCCR0, 6);
     bda:	a3 e5       	ldi	r26, 0x53	; 83
     bdc:	b0 e0       	ldi	r27, 0x00	; 0
     bde:	e3 e5       	ldi	r30, 0x53	; 83
     be0:	f0 e0       	ldi	r31, 0x00	; 0
     be2:	80 81       	ld	r24, Z
     be4:	8f 7b       	andi	r24, 0xBF	; 191
     be6:	8c 93       	st	X, r24
		SET_BIT(TCCR0, 3);
     be8:	a3 e5       	ldi	r26, 0x53	; 83
     bea:	b0 e0       	ldi	r27, 0x00	; 0
     bec:	e3 e5       	ldi	r30, 0x53	; 83
     bee:	f0 e0       	ldi	r31, 0x00	; 0
     bf0:	80 81       	ld	r24, Z
     bf2:	88 60       	ori	r24, 0x08	; 8
     bf4:	8c 93       	st	X, r24
		CLR_BIT(TCCR0, 4);
     bf6:	a3 e5       	ldi	r26, 0x53	; 83
     bf8:	b0 e0       	ldi	r27, 0x00	; 0
     bfa:	e3 e5       	ldi	r30, 0x53	; 83
     bfc:	f0 e0       	ldi	r31, 0x00	; 0
     bfe:	80 81       	ld	r24, Z
     c00:	8f 7e       	andi	r24, 0xEF	; 239
     c02:	8c 93       	st	X, r24
		CLR_BIT(TCCR0, 5);
     c04:	a3 e5       	ldi	r26, 0x53	; 83
     c06:	b0 e0       	ldi	r27, 0x00	; 0
     c08:	e3 e5       	ldi	r30, 0x53	; 83
     c0a:	f0 e0       	ldi	r31, 0x00	; 0
     c0c:	80 81       	ld	r24, Z
     c0e:	8f 7d       	andi	r24, 0xDF	; 223
     c10:	8c 93       	st	X, r24
	}

	if (TIM0_MODE == FAST_PWM_MODE)
     c12:	80 91 de 01 	lds	r24, 0x01DE
     c16:	83 30       	cpi	r24, 0x03	; 3
     c18:	c9 f5       	brne	.+114    	; 0xc8c <TIM0_voidInit+0x146>
	{
		SET_BIT(TCCR0, 6);
     c1a:	a3 e5       	ldi	r26, 0x53	; 83
     c1c:	b0 e0       	ldi	r27, 0x00	; 0
     c1e:	e3 e5       	ldi	r30, 0x53	; 83
     c20:	f0 e0       	ldi	r31, 0x00	; 0
     c22:	80 81       	ld	r24, Z
     c24:	80 64       	ori	r24, 0x40	; 64
     c26:	8c 93       	st	X, r24
		SET_BIT(TCCR0, 3);
     c28:	a3 e5       	ldi	r26, 0x53	; 83
     c2a:	b0 e0       	ldi	r27, 0x00	; 0
     c2c:	e3 e5       	ldi	r30, 0x53	; 83
     c2e:	f0 e0       	ldi	r31, 0x00	; 0
     c30:	80 81       	ld	r24, Z
     c32:	88 60       	ori	r24, 0x08	; 8
     c34:	8c 93       	st	X, r24

		SET_BIT(DDRB, 3);
     c36:	a7 e3       	ldi	r26, 0x37	; 55
     c38:	b0 e0       	ldi	r27, 0x00	; 0
     c3a:	e7 e3       	ldi	r30, 0x37	; 55
     c3c:	f0 e0       	ldi	r31, 0x00	; 0
     c3e:	80 81       	ld	r24, Z
     c40:	88 60       	ori	r24, 0x08	; 8
     c42:	8c 93       	st	X, r24
		if (TIM0_PWM_MODE == PWM_NON_INVERTING)
     c44:	80 91 df 01 	lds	r24, 0x01DF
     c48:	81 30       	cpi	r24, 0x01	; 1
     c4a:	71 f4       	brne	.+28     	; 0xc68 <TIM0_voidInit+0x122>
			{
				CLR_BIT(TCCR0, 4);
     c4c:	a3 e5       	ldi	r26, 0x53	; 83
     c4e:	b0 e0       	ldi	r27, 0x00	; 0
     c50:	e3 e5       	ldi	r30, 0x53	; 83
     c52:	f0 e0       	ldi	r31, 0x00	; 0
     c54:	80 81       	ld	r24, Z
     c56:	8f 7e       	andi	r24, 0xEF	; 239
     c58:	8c 93       	st	X, r24
				SET_BIT(TCCR0, 5);
     c5a:	a3 e5       	ldi	r26, 0x53	; 83
     c5c:	b0 e0       	ldi	r27, 0x00	; 0
     c5e:	e3 e5       	ldi	r30, 0x53	; 83
     c60:	f0 e0       	ldi	r31, 0x00	; 0
     c62:	80 81       	ld	r24, Z
     c64:	80 62       	ori	r24, 0x20	; 32
     c66:	8c 93       	st	X, r24
			}

			if (TIM0_PWM_MODE == PWM_INVERTING)
     c68:	80 91 df 01 	lds	r24, 0x01DF
     c6c:	82 30       	cpi	r24, 0x02	; 2
     c6e:	71 f4       	brne	.+28     	; 0xc8c <TIM0_voidInit+0x146>
			{
				SET_BIT(TCCR0, 4);
     c70:	a3 e5       	ldi	r26, 0x53	; 83
     c72:	b0 e0       	ldi	r27, 0x00	; 0
     c74:	e3 e5       	ldi	r30, 0x53	; 83
     c76:	f0 e0       	ldi	r31, 0x00	; 0
     c78:	80 81       	ld	r24, Z
     c7a:	80 61       	ori	r24, 0x10	; 16
     c7c:	8c 93       	st	X, r24
				SET_BIT(TCCR0, 5);
     c7e:	a3 e5       	ldi	r26, 0x53	; 83
     c80:	b0 e0       	ldi	r27, 0x00	; 0
     c82:	e3 e5       	ldi	r30, 0x53	; 83
     c84:	f0 e0       	ldi	r31, 0x00	; 0
     c86:	80 81       	ld	r24, Z
     c88:	80 62       	ori	r24, 0x20	; 32
     c8a:	8c 93       	st	X, r24
			}
	}

	if (TIM0_PRESCALER == NO_CLOCK)
     c8c:	80 91 dd 01 	lds	r24, 0x01DD
     c90:	88 23       	and	r24, r24
     c92:	a9 f4       	brne	.+42     	; 0xcbe <TIM0_voidInit+0x178>
	{
		CLR_BIT(TCCR0, 0);
     c94:	a3 e5       	ldi	r26, 0x53	; 83
     c96:	b0 e0       	ldi	r27, 0x00	; 0
     c98:	e3 e5       	ldi	r30, 0x53	; 83
     c9a:	f0 e0       	ldi	r31, 0x00	; 0
     c9c:	80 81       	ld	r24, Z
     c9e:	8e 7f       	andi	r24, 0xFE	; 254
     ca0:	8c 93       	st	X, r24
		CLR_BIT(TCCR0, 1);
     ca2:	a3 e5       	ldi	r26, 0x53	; 83
     ca4:	b0 e0       	ldi	r27, 0x00	; 0
     ca6:	e3 e5       	ldi	r30, 0x53	; 83
     ca8:	f0 e0       	ldi	r31, 0x00	; 0
     caa:	80 81       	ld	r24, Z
     cac:	8d 7f       	andi	r24, 0xFD	; 253
     cae:	8c 93       	st	X, r24
		CLR_BIT(TCCR0, 2);
     cb0:	a3 e5       	ldi	r26, 0x53	; 83
     cb2:	b0 e0       	ldi	r27, 0x00	; 0
     cb4:	e3 e5       	ldi	r30, 0x53	; 83
     cb6:	f0 e0       	ldi	r31, 0x00	; 0
     cb8:	80 81       	ld	r24, Z
     cba:	8b 7f       	andi	r24, 0xFB	; 251
     cbc:	8c 93       	st	X, r24
	}

	if (TIM0_PRESCALER == PRESCALER_1)
     cbe:	80 91 dd 01 	lds	r24, 0x01DD
     cc2:	81 30       	cpi	r24, 0x01	; 1
     cc4:	a9 f4       	brne	.+42     	; 0xcf0 <TIM0_voidInit+0x1aa>
	{
		SET_BIT(TCCR0, 0);
     cc6:	a3 e5       	ldi	r26, 0x53	; 83
     cc8:	b0 e0       	ldi	r27, 0x00	; 0
     cca:	e3 e5       	ldi	r30, 0x53	; 83
     ccc:	f0 e0       	ldi	r31, 0x00	; 0
     cce:	80 81       	ld	r24, Z
     cd0:	81 60       	ori	r24, 0x01	; 1
     cd2:	8c 93       	st	X, r24
		CLR_BIT(TCCR0, 1);
     cd4:	a3 e5       	ldi	r26, 0x53	; 83
     cd6:	b0 e0       	ldi	r27, 0x00	; 0
     cd8:	e3 e5       	ldi	r30, 0x53	; 83
     cda:	f0 e0       	ldi	r31, 0x00	; 0
     cdc:	80 81       	ld	r24, Z
     cde:	8d 7f       	andi	r24, 0xFD	; 253
     ce0:	8c 93       	st	X, r24
		CLR_BIT(TCCR0, 2);
     ce2:	a3 e5       	ldi	r26, 0x53	; 83
     ce4:	b0 e0       	ldi	r27, 0x00	; 0
     ce6:	e3 e5       	ldi	r30, 0x53	; 83
     ce8:	f0 e0       	ldi	r31, 0x00	; 0
     cea:	80 81       	ld	r24, Z
     cec:	8b 7f       	andi	r24, 0xFB	; 251
     cee:	8c 93       	st	X, r24
	}

	if (TIM0_PRESCALER == PRESCALER_8)
     cf0:	80 91 dd 01 	lds	r24, 0x01DD
     cf4:	82 30       	cpi	r24, 0x02	; 2
     cf6:	a9 f4       	brne	.+42     	; 0xd22 <TIM0_voidInit+0x1dc>
	{
		CLR_BIT(TCCR0, 0);
     cf8:	a3 e5       	ldi	r26, 0x53	; 83
     cfa:	b0 e0       	ldi	r27, 0x00	; 0
     cfc:	e3 e5       	ldi	r30, 0x53	; 83
     cfe:	f0 e0       	ldi	r31, 0x00	; 0
     d00:	80 81       	ld	r24, Z
     d02:	8e 7f       	andi	r24, 0xFE	; 254
     d04:	8c 93       	st	X, r24
		SET_BIT(TCCR0, 1);
     d06:	a3 e5       	ldi	r26, 0x53	; 83
     d08:	b0 e0       	ldi	r27, 0x00	; 0
     d0a:	e3 e5       	ldi	r30, 0x53	; 83
     d0c:	f0 e0       	ldi	r31, 0x00	; 0
     d0e:	80 81       	ld	r24, Z
     d10:	82 60       	ori	r24, 0x02	; 2
     d12:	8c 93       	st	X, r24
		CLR_BIT(TCCR0, 2);
     d14:	a3 e5       	ldi	r26, 0x53	; 83
     d16:	b0 e0       	ldi	r27, 0x00	; 0
     d18:	e3 e5       	ldi	r30, 0x53	; 83
     d1a:	f0 e0       	ldi	r31, 0x00	; 0
     d1c:	80 81       	ld	r24, Z
     d1e:	8b 7f       	andi	r24, 0xFB	; 251
     d20:	8c 93       	st	X, r24
	}

	if (TIM0_PRESCALER == PRESCALER_64)
     d22:	80 91 dd 01 	lds	r24, 0x01DD
     d26:	83 30       	cpi	r24, 0x03	; 3
     d28:	a9 f4       	brne	.+42     	; 0xd54 <TIM0_voidInit+0x20e>
	{
		SET_BIT(TCCR0, 0);
     d2a:	a3 e5       	ldi	r26, 0x53	; 83
     d2c:	b0 e0       	ldi	r27, 0x00	; 0
     d2e:	e3 e5       	ldi	r30, 0x53	; 83
     d30:	f0 e0       	ldi	r31, 0x00	; 0
     d32:	80 81       	ld	r24, Z
     d34:	81 60       	ori	r24, 0x01	; 1
     d36:	8c 93       	st	X, r24
		SET_BIT(TCCR0, 1);
     d38:	a3 e5       	ldi	r26, 0x53	; 83
     d3a:	b0 e0       	ldi	r27, 0x00	; 0
     d3c:	e3 e5       	ldi	r30, 0x53	; 83
     d3e:	f0 e0       	ldi	r31, 0x00	; 0
     d40:	80 81       	ld	r24, Z
     d42:	82 60       	ori	r24, 0x02	; 2
     d44:	8c 93       	st	X, r24
		CLR_BIT(TCCR0, 2);
     d46:	a3 e5       	ldi	r26, 0x53	; 83
     d48:	b0 e0       	ldi	r27, 0x00	; 0
     d4a:	e3 e5       	ldi	r30, 0x53	; 83
     d4c:	f0 e0       	ldi	r31, 0x00	; 0
     d4e:	80 81       	ld	r24, Z
     d50:	8b 7f       	andi	r24, 0xFB	; 251
     d52:	8c 93       	st	X, r24
	}

	if (TIM0_PRESCALER == PRESCALER_256)
     d54:	80 91 dd 01 	lds	r24, 0x01DD
     d58:	84 30       	cpi	r24, 0x04	; 4
     d5a:	a9 f4       	brne	.+42     	; 0xd86 <TIM0_voidInit+0x240>
	{
		CLR_BIT(TCCR0, 0);
     d5c:	a3 e5       	ldi	r26, 0x53	; 83
     d5e:	b0 e0       	ldi	r27, 0x00	; 0
     d60:	e3 e5       	ldi	r30, 0x53	; 83
     d62:	f0 e0       	ldi	r31, 0x00	; 0
     d64:	80 81       	ld	r24, Z
     d66:	8e 7f       	andi	r24, 0xFE	; 254
     d68:	8c 93       	st	X, r24
		CLR_BIT(TCCR0, 1);
     d6a:	a3 e5       	ldi	r26, 0x53	; 83
     d6c:	b0 e0       	ldi	r27, 0x00	; 0
     d6e:	e3 e5       	ldi	r30, 0x53	; 83
     d70:	f0 e0       	ldi	r31, 0x00	; 0
     d72:	80 81       	ld	r24, Z
     d74:	8d 7f       	andi	r24, 0xFD	; 253
     d76:	8c 93       	st	X, r24
		SET_BIT(TCCR0, 2);
     d78:	a3 e5       	ldi	r26, 0x53	; 83
     d7a:	b0 e0       	ldi	r27, 0x00	; 0
     d7c:	e3 e5       	ldi	r30, 0x53	; 83
     d7e:	f0 e0       	ldi	r31, 0x00	; 0
     d80:	80 81       	ld	r24, Z
     d82:	84 60       	ori	r24, 0x04	; 4
     d84:	8c 93       	st	X, r24
	}

	if (TIM0_PRESCALER == PRESCALER_1024)
     d86:	80 91 dd 01 	lds	r24, 0x01DD
     d8a:	85 30       	cpi	r24, 0x05	; 5
     d8c:	a9 f4       	brne	.+42     	; 0xdb8 <TIM0_voidInit+0x272>
	{
		SET_BIT(TCCR0, 0);
     d8e:	a3 e5       	ldi	r26, 0x53	; 83
     d90:	b0 e0       	ldi	r27, 0x00	; 0
     d92:	e3 e5       	ldi	r30, 0x53	; 83
     d94:	f0 e0       	ldi	r31, 0x00	; 0
     d96:	80 81       	ld	r24, Z
     d98:	81 60       	ori	r24, 0x01	; 1
     d9a:	8c 93       	st	X, r24
		CLR_BIT(TCCR0, 1);
     d9c:	a3 e5       	ldi	r26, 0x53	; 83
     d9e:	b0 e0       	ldi	r27, 0x00	; 0
     da0:	e3 e5       	ldi	r30, 0x53	; 83
     da2:	f0 e0       	ldi	r31, 0x00	; 0
     da4:	80 81       	ld	r24, Z
     da6:	8d 7f       	andi	r24, 0xFD	; 253
     da8:	8c 93       	st	X, r24
		SET_BIT(TCCR0, 2);
     daa:	a3 e5       	ldi	r26, 0x53	; 83
     dac:	b0 e0       	ldi	r27, 0x00	; 0
     dae:	e3 e5       	ldi	r30, 0x53	; 83
     db0:	f0 e0       	ldi	r31, 0x00	; 0
     db2:	80 81       	ld	r24, Z
     db4:	84 60       	ori	r24, 0x04	; 4
     db6:	8c 93       	st	X, r24
	}
}
     db8:	cf 91       	pop	r28
     dba:	df 91       	pop	r29
     dbc:	08 95       	ret

00000dbe <TIM0_voidEnableOVInterrupt>:

void TIM0_voidEnableOVInterrupt(void)
{
     dbe:	df 93       	push	r29
     dc0:	cf 93       	push	r28
     dc2:	cd b7       	in	r28, 0x3d	; 61
     dc4:	de b7       	in	r29, 0x3e	; 62
	SET_BIT(TIMSK, 0);
     dc6:	a9 e5       	ldi	r26, 0x59	; 89
     dc8:	b0 e0       	ldi	r27, 0x00	; 0
     dca:	e9 e5       	ldi	r30, 0x59	; 89
     dcc:	f0 e0       	ldi	r31, 0x00	; 0
     dce:	80 81       	ld	r24, Z
     dd0:	81 60       	ori	r24, 0x01	; 1
     dd2:	8c 93       	st	X, r24
}
     dd4:	cf 91       	pop	r28
     dd6:	df 91       	pop	r29
     dd8:	08 95       	ret

00000dda <TIM0_voidDisableOVInterrupt>:

void TIM0_voidDisableOVInterrupt(void)
{
     dda:	df 93       	push	r29
     ddc:	cf 93       	push	r28
     dde:	cd b7       	in	r28, 0x3d	; 61
     de0:	de b7       	in	r29, 0x3e	; 62
	CLR_BIT(TIMSK, 0);
     de2:	a9 e5       	ldi	r26, 0x59	; 89
     de4:	b0 e0       	ldi	r27, 0x00	; 0
     de6:	e9 e5       	ldi	r30, 0x59	; 89
     de8:	f0 e0       	ldi	r31, 0x00	; 0
     dea:	80 81       	ld	r24, Z
     dec:	8e 7f       	andi	r24, 0xFE	; 254
     dee:	8c 93       	st	X, r24
}
     df0:	cf 91       	pop	r28
     df2:	df 91       	pop	r29
     df4:	08 95       	ret

00000df6 <TIM0_voidSetOVReg>:

void TIM0_voidSetOVReg(u8 u8OVRegValue)
{
     df6:	df 93       	push	r29
     df8:	cf 93       	push	r28
     dfa:	0f 92       	push	r0
     dfc:	cd b7       	in	r28, 0x3d	; 61
     dfe:	de b7       	in	r29, 0x3e	; 62
     e00:	89 83       	std	Y+1, r24	; 0x01
	TCNT0 = u8OVRegValue;
     e02:	e2 e5       	ldi	r30, 0x52	; 82
     e04:	f0 e0       	ldi	r31, 0x00	; 0
     e06:	89 81       	ldd	r24, Y+1	; 0x01
     e08:	80 83       	st	Z, r24
}
     e0a:	0f 90       	pop	r0
     e0c:	cf 91       	pop	r28
     e0e:	df 91       	pop	r29
     e10:	08 95       	ret

00000e12 <TIM0_u8ReadOVReg>:

u8 TIM0_u8ReadOVReg(void)
{
     e12:	df 93       	push	r29
     e14:	cf 93       	push	r28
     e16:	cd b7       	in	r28, 0x3d	; 61
     e18:	de b7       	in	r29, 0x3e	; 62
	return TCNT0;
     e1a:	e2 e5       	ldi	r30, 0x52	; 82
     e1c:	f0 e0       	ldi	r31, 0x00	; 0
     e1e:	80 81       	ld	r24, Z
}
     e20:	cf 91       	pop	r28
     e22:	df 91       	pop	r29
     e24:	08 95       	ret

00000e26 <TIM0_voidOVSetCallBack>:

void TIM0_voidOVSetCallBack(pf OVFunctionAddress)
{
     e26:	df 93       	push	r29
     e28:	cf 93       	push	r28
     e2a:	00 d0       	rcall	.+0      	; 0xe2c <TIM0_voidOVSetCallBack+0x6>
     e2c:	cd b7       	in	r28, 0x3d	; 61
     e2e:	de b7       	in	r29, 0x3e	; 62
     e30:	9a 83       	std	Y+2, r25	; 0x02
     e32:	89 83       	std	Y+1, r24	; 0x01
	FunctionAddress1 = OVFunctionAddress;
     e34:	89 81       	ldd	r24, Y+1	; 0x01
     e36:	9a 81       	ldd	r25, Y+2	; 0x02
     e38:	90 93 cb 01 	sts	0x01CB, r25
     e3c:	80 93 ca 01 	sts	0x01CA, r24
}
     e40:	0f 90       	pop	r0
     e42:	0f 90       	pop	r0
     e44:	cf 91       	pop	r28
     e46:	df 91       	pop	r29
     e48:	08 95       	ret

00000e4a <__vector_11>:

void __vector_11(void) __attribute__((signal, used));
void __vector_11(void)
{
     e4a:	1f 92       	push	r1
     e4c:	0f 92       	push	r0
     e4e:	0f b6       	in	r0, 0x3f	; 63
     e50:	0f 92       	push	r0
     e52:	11 24       	eor	r1, r1
     e54:	2f 93       	push	r18
     e56:	3f 93       	push	r19
     e58:	4f 93       	push	r20
     e5a:	5f 93       	push	r21
     e5c:	6f 93       	push	r22
     e5e:	7f 93       	push	r23
     e60:	8f 93       	push	r24
     e62:	9f 93       	push	r25
     e64:	af 93       	push	r26
     e66:	bf 93       	push	r27
     e68:	ef 93       	push	r30
     e6a:	ff 93       	push	r31
     e6c:	df 93       	push	r29
     e6e:	cf 93       	push	r28
     e70:	cd b7       	in	r28, 0x3d	; 61
     e72:	de b7       	in	r29, 0x3e	; 62
	if (FunctionAddress1 != 0)
     e74:	80 91 ca 01 	lds	r24, 0x01CA
     e78:	90 91 cb 01 	lds	r25, 0x01CB
     e7c:	00 97       	sbiw	r24, 0x00	; 0
     e7e:	29 f0       	breq	.+10     	; 0xe8a <__vector_11+0x40>
	{
		FunctionAddress1();
     e80:	e0 91 ca 01 	lds	r30, 0x01CA
     e84:	f0 91 cb 01 	lds	r31, 0x01CB
     e88:	09 95       	icall
	}
}
     e8a:	cf 91       	pop	r28
     e8c:	df 91       	pop	r29
     e8e:	ff 91       	pop	r31
     e90:	ef 91       	pop	r30
     e92:	bf 91       	pop	r27
     e94:	af 91       	pop	r26
     e96:	9f 91       	pop	r25
     e98:	8f 91       	pop	r24
     e9a:	7f 91       	pop	r23
     e9c:	6f 91       	pop	r22
     e9e:	5f 91       	pop	r21
     ea0:	4f 91       	pop	r20
     ea2:	3f 91       	pop	r19
     ea4:	2f 91       	pop	r18
     ea6:	0f 90       	pop	r0
     ea8:	0f be       	out	0x3f, r0	; 63
     eaa:	0f 90       	pop	r0
     eac:	1f 90       	pop	r1
     eae:	18 95       	reti

00000eb0 <TIM0_voidEnableCTCInterrupt>:

void TIM0_voidEnableCTCInterrupt(void)
{
     eb0:	df 93       	push	r29
     eb2:	cf 93       	push	r28
     eb4:	cd b7       	in	r28, 0x3d	; 61
     eb6:	de b7       	in	r29, 0x3e	; 62
	SET_BIT(TIMSK, 1);
     eb8:	a9 e5       	ldi	r26, 0x59	; 89
     eba:	b0 e0       	ldi	r27, 0x00	; 0
     ebc:	e9 e5       	ldi	r30, 0x59	; 89
     ebe:	f0 e0       	ldi	r31, 0x00	; 0
     ec0:	80 81       	ld	r24, Z
     ec2:	82 60       	ori	r24, 0x02	; 2
     ec4:	8c 93       	st	X, r24
}
     ec6:	cf 91       	pop	r28
     ec8:	df 91       	pop	r29
     eca:	08 95       	ret

00000ecc <TIM0_voidDisableCTCInterrupt>:

void TIM0_voidDisableCTCInterrupt(void)
{
     ecc:	df 93       	push	r29
     ece:	cf 93       	push	r28
     ed0:	cd b7       	in	r28, 0x3d	; 61
     ed2:	de b7       	in	r29, 0x3e	; 62
	CLR_BIT(TIMSK, 1);
     ed4:	a9 e5       	ldi	r26, 0x59	; 89
     ed6:	b0 e0       	ldi	r27, 0x00	; 0
     ed8:	e9 e5       	ldi	r30, 0x59	; 89
     eda:	f0 e0       	ldi	r31, 0x00	; 0
     edc:	80 81       	ld	r24, Z
     ede:	8d 7f       	andi	r24, 0xFD	; 253
     ee0:	8c 93       	st	X, r24
}
     ee2:	cf 91       	pop	r28
     ee4:	df 91       	pop	r29
     ee6:	08 95       	ret

00000ee8 <TIM0_voidSetCTCReg>:

void TIM0_voidSetCTCReg(u8 u8CTCRegValue)
{
     ee8:	df 93       	push	r29
     eea:	cf 93       	push	r28
     eec:	0f 92       	push	r0
     eee:	cd b7       	in	r28, 0x3d	; 61
     ef0:	de b7       	in	r29, 0x3e	; 62
     ef2:	89 83       	std	Y+1, r24	; 0x01
	OCR0 = u8CTCRegValue;
     ef4:	ec e5       	ldi	r30, 0x5C	; 92
     ef6:	f0 e0       	ldi	r31, 0x00	; 0
     ef8:	89 81       	ldd	r24, Y+1	; 0x01
     efa:	80 83       	st	Z, r24
}
     efc:	0f 90       	pop	r0
     efe:	cf 91       	pop	r28
     f00:	df 91       	pop	r29
     f02:	08 95       	ret

00000f04 <TIM0_u8ReadCTCReg>:

u8 TIM0_u8ReadCTCReg(void)
{
     f04:	df 93       	push	r29
     f06:	cf 93       	push	r28
     f08:	cd b7       	in	r28, 0x3d	; 61
     f0a:	de b7       	in	r29, 0x3e	; 62
	return OCR0;
     f0c:	ec e5       	ldi	r30, 0x5C	; 92
     f0e:	f0 e0       	ldi	r31, 0x00	; 0
     f10:	80 81       	ld	r24, Z
}
     f12:	cf 91       	pop	r28
     f14:	df 91       	pop	r29
     f16:	08 95       	ret

00000f18 <TIM0_voidCTCSetCallBack>:

void TIM0_voidCTCSetCallBack(pf CTCFunctionAddress)
{
     f18:	df 93       	push	r29
     f1a:	cf 93       	push	r28
     f1c:	00 d0       	rcall	.+0      	; 0xf1e <TIM0_voidCTCSetCallBack+0x6>
     f1e:	cd b7       	in	r28, 0x3d	; 61
     f20:	de b7       	in	r29, 0x3e	; 62
     f22:	9a 83       	std	Y+2, r25	; 0x02
     f24:	89 83       	std	Y+1, r24	; 0x01
	FunctionAddress2 = CTCFunctionAddress;
     f26:	89 81       	ldd	r24, Y+1	; 0x01
     f28:	9a 81       	ldd	r25, Y+2	; 0x02
     f2a:	90 93 cd 01 	sts	0x01CD, r25
     f2e:	80 93 cc 01 	sts	0x01CC, r24
}
     f32:	0f 90       	pop	r0
     f34:	0f 90       	pop	r0
     f36:	cf 91       	pop	r28
     f38:	df 91       	pop	r29
     f3a:	08 95       	ret

00000f3c <__vector_10>:

void __vector_10(void) __attribute__((signal, used));
void __vector_10(void)
{
     f3c:	1f 92       	push	r1
     f3e:	0f 92       	push	r0
     f40:	0f b6       	in	r0, 0x3f	; 63
     f42:	0f 92       	push	r0
     f44:	11 24       	eor	r1, r1
     f46:	2f 93       	push	r18
     f48:	3f 93       	push	r19
     f4a:	4f 93       	push	r20
     f4c:	5f 93       	push	r21
     f4e:	6f 93       	push	r22
     f50:	7f 93       	push	r23
     f52:	8f 93       	push	r24
     f54:	9f 93       	push	r25
     f56:	af 93       	push	r26
     f58:	bf 93       	push	r27
     f5a:	ef 93       	push	r30
     f5c:	ff 93       	push	r31
     f5e:	df 93       	push	r29
     f60:	cf 93       	push	r28
     f62:	cd b7       	in	r28, 0x3d	; 61
     f64:	de b7       	in	r29, 0x3e	; 62
	if (FunctionAddress2 != 0)
     f66:	80 91 cc 01 	lds	r24, 0x01CC
     f6a:	90 91 cd 01 	lds	r25, 0x01CD
     f6e:	00 97       	sbiw	r24, 0x00	; 0
     f70:	29 f0       	breq	.+10     	; 0xf7c <__vector_10+0x40>
	{
		FunctionAddress2();
     f72:	e0 91 cc 01 	lds	r30, 0x01CC
     f76:	f0 91 cd 01 	lds	r31, 0x01CD
     f7a:	09 95       	icall
	}
}
     f7c:	cf 91       	pop	r28
     f7e:	df 91       	pop	r29
     f80:	ff 91       	pop	r31
     f82:	ef 91       	pop	r30
     f84:	bf 91       	pop	r27
     f86:	af 91       	pop	r26
     f88:	9f 91       	pop	r25
     f8a:	8f 91       	pop	r24
     f8c:	7f 91       	pop	r23
     f8e:	6f 91       	pop	r22
     f90:	5f 91       	pop	r21
     f92:	4f 91       	pop	r20
     f94:	3f 91       	pop	r19
     f96:	2f 91       	pop	r18
     f98:	0f 90       	pop	r0
     f9a:	0f be       	out	0x3f, r0	; 63
     f9c:	0f 90       	pop	r0
     f9e:	1f 90       	pop	r1
     fa0:	18 95       	reti

00000fa2 <GIE_VoidEnable>:
#include "GIE_int.h"
#include "GIE_register.h"


void GIE_VoidEnable (void)
{
     fa2:	df 93       	push	r29
     fa4:	cf 93       	push	r28
     fa6:	cd b7       	in	r28, 0x3d	; 61
     fa8:	de b7       	in	r29, 0x3e	; 62
	SET_BIT(SREG , SREG_I);
     faa:	af e5       	ldi	r26, 0x5F	; 95
     fac:	b0 e0       	ldi	r27, 0x00	; 0
     fae:	ef e5       	ldi	r30, 0x5F	; 95
     fb0:	f0 e0       	ldi	r31, 0x00	; 0
     fb2:	80 81       	ld	r24, Z
     fb4:	80 68       	ori	r24, 0x80	; 128
     fb6:	8c 93       	st	X, r24
}
     fb8:	cf 91       	pop	r28
     fba:	df 91       	pop	r29
     fbc:	08 95       	ret

00000fbe <GIE_VoidDisable>:

void GIE_VoidDisable (void)
{
     fbe:	df 93       	push	r29
     fc0:	cf 93       	push	r28
     fc2:	cd b7       	in	r28, 0x3d	; 61
     fc4:	de b7       	in	r29, 0x3e	; 62
	CLR_BIT(SREG , SREG_I);
     fc6:	af e5       	ldi	r26, 0x5F	; 95
     fc8:	b0 e0       	ldi	r27, 0x00	; 0
     fca:	ef e5       	ldi	r30, 0x5F	; 95
     fcc:	f0 e0       	ldi	r31, 0x00	; 0
     fce:	80 81       	ld	r24, Z
     fd0:	8f 77       	andi	r24, 0x7F	; 127
     fd2:	8c 93       	st	X, r24
     fd4:	cf 91       	pop	r28
     fd6:	df 91       	pop	r29
     fd8:	08 95       	ret

00000fda <EXTI_voidInit>:
static void (*INT0_Callback)(void) = NULL;
static void (*INT1_Callback)(void) = NULL;
static void (*INT2_Callback)(void) = NULL;


void EXTI_voidInit(u8 IntID, u8 SenseControl) {
     fda:	df 93       	push	r29
     fdc:	cf 93       	push	r28
     fde:	cd b7       	in	r28, 0x3d	; 61
     fe0:	de b7       	in	r29, 0x3e	; 62
     fe2:	28 97       	sbiw	r28, 0x08	; 8
     fe4:	0f b6       	in	r0, 0x3f	; 63
     fe6:	f8 94       	cli
     fe8:	de bf       	out	0x3e, r29	; 62
     fea:	0f be       	out	0x3f, r0	; 63
     fec:	cd bf       	out	0x3d, r28	; 61
     fee:	89 83       	std	Y+1, r24	; 0x01
     ff0:	6a 83       	std	Y+2, r22	; 0x02
    if (IntID == EXTI_INT0) {
     ff2:	89 81       	ldd	r24, Y+1	; 0x01
     ff4:	88 23       	and	r24, r24
     ff6:	09 f0       	breq	.+2      	; 0xffa <EXTI_voidInit+0x20>
     ff8:	5b c0       	rjmp	.+182    	; 0x10b0 <EXTI_voidInit+0xd6>
        switch(SenseControl) {
     ffa:	8a 81       	ldd	r24, Y+2	; 0x02
     ffc:	28 2f       	mov	r18, r24
     ffe:	30 e0       	ldi	r19, 0x00	; 0
    1000:	38 87       	std	Y+8, r19	; 0x08
    1002:	2f 83       	std	Y+7, r18	; 0x07
    1004:	8f 81       	ldd	r24, Y+7	; 0x07
    1006:	98 85       	ldd	r25, Y+8	; 0x08
    1008:	81 30       	cpi	r24, 0x01	; 1
    100a:	91 05       	cpc	r25, r1
    100c:	21 f1       	breq	.+72     	; 0x1056 <EXTI_voidInit+0x7c>
    100e:	2f 81       	ldd	r18, Y+7	; 0x07
    1010:	38 85       	ldd	r19, Y+8	; 0x08
    1012:	22 30       	cpi	r18, 0x02	; 2
    1014:	31 05       	cpc	r19, r1
    1016:	2c f4       	brge	.+10     	; 0x1022 <EXTI_voidInit+0x48>
    1018:	8f 81       	ldd	r24, Y+7	; 0x07
    101a:	98 85       	ldd	r25, Y+8	; 0x08
    101c:	00 97       	sbiw	r24, 0x00	; 0
    101e:	61 f0       	breq	.+24     	; 0x1038 <EXTI_voidInit+0x5e>
    1020:	c8 c0       	rjmp	.+400    	; 0x11b2 <EXTI_voidInit+0x1d8>
    1022:	2f 81       	ldd	r18, Y+7	; 0x07
    1024:	38 85       	ldd	r19, Y+8	; 0x08
    1026:	22 30       	cpi	r18, 0x02	; 2
    1028:	31 05       	cpc	r19, r1
    102a:	21 f1       	breq	.+72     	; 0x1074 <EXTI_voidInit+0x9a>
    102c:	8f 81       	ldd	r24, Y+7	; 0x07
    102e:	98 85       	ldd	r25, Y+8	; 0x08
    1030:	83 30       	cpi	r24, 0x03	; 3
    1032:	91 05       	cpc	r25, r1
    1034:	71 f1       	breq	.+92     	; 0x1092 <EXTI_voidInit+0xb8>
    1036:	bd c0       	rjmp	.+378    	; 0x11b2 <EXTI_voidInit+0x1d8>
            case EXTI_LOW_LEVEL:    CLR_BIT(MCUCR, 0); CLR_BIT(MCUCR, 1); break;
    1038:	a5 e5       	ldi	r26, 0x55	; 85
    103a:	b0 e0       	ldi	r27, 0x00	; 0
    103c:	e5 e5       	ldi	r30, 0x55	; 85
    103e:	f0 e0       	ldi	r31, 0x00	; 0
    1040:	80 81       	ld	r24, Z
    1042:	8e 7f       	andi	r24, 0xFE	; 254
    1044:	8c 93       	st	X, r24
    1046:	a5 e5       	ldi	r26, 0x55	; 85
    1048:	b0 e0       	ldi	r27, 0x00	; 0
    104a:	e5 e5       	ldi	r30, 0x55	; 85
    104c:	f0 e0       	ldi	r31, 0x00	; 0
    104e:	80 81       	ld	r24, Z
    1050:	8d 7f       	andi	r24, 0xFD	; 253
    1052:	8c 93       	st	X, r24
    1054:	ae c0       	rjmp	.+348    	; 0x11b2 <EXTI_voidInit+0x1d8>
            case EXTI_ON_CHANGE:    SET_BIT(MCUCR, 0); CLR_BIT(MCUCR, 1); break;
    1056:	a5 e5       	ldi	r26, 0x55	; 85
    1058:	b0 e0       	ldi	r27, 0x00	; 0
    105a:	e5 e5       	ldi	r30, 0x55	; 85
    105c:	f0 e0       	ldi	r31, 0x00	; 0
    105e:	80 81       	ld	r24, Z
    1060:	81 60       	ori	r24, 0x01	; 1
    1062:	8c 93       	st	X, r24
    1064:	a5 e5       	ldi	r26, 0x55	; 85
    1066:	b0 e0       	ldi	r27, 0x00	; 0
    1068:	e5 e5       	ldi	r30, 0x55	; 85
    106a:	f0 e0       	ldi	r31, 0x00	; 0
    106c:	80 81       	ld	r24, Z
    106e:	8d 7f       	andi	r24, 0xFD	; 253
    1070:	8c 93       	st	X, r24
    1072:	9f c0       	rjmp	.+318    	; 0x11b2 <EXTI_voidInit+0x1d8>
            case EXTI_FALLING_EDGE: CLR_BIT(MCUCR, 0); SET_BIT(MCUCR, 1); break;
    1074:	a5 e5       	ldi	r26, 0x55	; 85
    1076:	b0 e0       	ldi	r27, 0x00	; 0
    1078:	e5 e5       	ldi	r30, 0x55	; 85
    107a:	f0 e0       	ldi	r31, 0x00	; 0
    107c:	80 81       	ld	r24, Z
    107e:	8e 7f       	andi	r24, 0xFE	; 254
    1080:	8c 93       	st	X, r24
    1082:	a5 e5       	ldi	r26, 0x55	; 85
    1084:	b0 e0       	ldi	r27, 0x00	; 0
    1086:	e5 e5       	ldi	r30, 0x55	; 85
    1088:	f0 e0       	ldi	r31, 0x00	; 0
    108a:	80 81       	ld	r24, Z
    108c:	82 60       	ori	r24, 0x02	; 2
    108e:	8c 93       	st	X, r24
    1090:	90 c0       	rjmp	.+288    	; 0x11b2 <EXTI_voidInit+0x1d8>
            case EXTI_RISING_EDGE:  SET_BIT(MCUCR, 0); SET_BIT(MCUCR, 1); break;
    1092:	a5 e5       	ldi	r26, 0x55	; 85
    1094:	b0 e0       	ldi	r27, 0x00	; 0
    1096:	e5 e5       	ldi	r30, 0x55	; 85
    1098:	f0 e0       	ldi	r31, 0x00	; 0
    109a:	80 81       	ld	r24, Z
    109c:	81 60       	ori	r24, 0x01	; 1
    109e:	8c 93       	st	X, r24
    10a0:	a5 e5       	ldi	r26, 0x55	; 85
    10a2:	b0 e0       	ldi	r27, 0x00	; 0
    10a4:	e5 e5       	ldi	r30, 0x55	; 85
    10a6:	f0 e0       	ldi	r31, 0x00	; 0
    10a8:	80 81       	ld	r24, Z
    10aa:	82 60       	ori	r24, 0x02	; 2
    10ac:	8c 93       	st	X, r24
    10ae:	81 c0       	rjmp	.+258    	; 0x11b2 <EXTI_voidInit+0x1d8>
        }
    } 
    else if (IntID == EXTI_INT1) {
    10b0:	89 81       	ldd	r24, Y+1	; 0x01
    10b2:	81 30       	cpi	r24, 0x01	; 1
    10b4:	09 f0       	breq	.+2      	; 0x10b8 <EXTI_voidInit+0xde>
    10b6:	5b c0       	rjmp	.+182    	; 0x116e <EXTI_voidInit+0x194>
        switch(SenseControl) {
    10b8:	8a 81       	ldd	r24, Y+2	; 0x02
    10ba:	28 2f       	mov	r18, r24
    10bc:	30 e0       	ldi	r19, 0x00	; 0
    10be:	3e 83       	std	Y+6, r19	; 0x06
    10c0:	2d 83       	std	Y+5, r18	; 0x05
    10c2:	8d 81       	ldd	r24, Y+5	; 0x05
    10c4:	9e 81       	ldd	r25, Y+6	; 0x06
    10c6:	81 30       	cpi	r24, 0x01	; 1
    10c8:	91 05       	cpc	r25, r1
    10ca:	21 f1       	breq	.+72     	; 0x1114 <EXTI_voidInit+0x13a>
    10cc:	2d 81       	ldd	r18, Y+5	; 0x05
    10ce:	3e 81       	ldd	r19, Y+6	; 0x06
    10d0:	22 30       	cpi	r18, 0x02	; 2
    10d2:	31 05       	cpc	r19, r1
    10d4:	2c f4       	brge	.+10     	; 0x10e0 <EXTI_voidInit+0x106>
    10d6:	8d 81       	ldd	r24, Y+5	; 0x05
    10d8:	9e 81       	ldd	r25, Y+6	; 0x06
    10da:	00 97       	sbiw	r24, 0x00	; 0
    10dc:	61 f0       	breq	.+24     	; 0x10f6 <EXTI_voidInit+0x11c>
    10de:	69 c0       	rjmp	.+210    	; 0x11b2 <EXTI_voidInit+0x1d8>
    10e0:	2d 81       	ldd	r18, Y+5	; 0x05
    10e2:	3e 81       	ldd	r19, Y+6	; 0x06
    10e4:	22 30       	cpi	r18, 0x02	; 2
    10e6:	31 05       	cpc	r19, r1
    10e8:	21 f1       	breq	.+72     	; 0x1132 <EXTI_voidInit+0x158>
    10ea:	8d 81       	ldd	r24, Y+5	; 0x05
    10ec:	9e 81       	ldd	r25, Y+6	; 0x06
    10ee:	83 30       	cpi	r24, 0x03	; 3
    10f0:	91 05       	cpc	r25, r1
    10f2:	71 f1       	breq	.+92     	; 0x1150 <EXTI_voidInit+0x176>
    10f4:	5e c0       	rjmp	.+188    	; 0x11b2 <EXTI_voidInit+0x1d8>
            case EXTI_LOW_LEVEL:    CLR_BIT(MCUCR, 2); CLR_BIT(MCUCR, 3); break;
    10f6:	a5 e5       	ldi	r26, 0x55	; 85
    10f8:	b0 e0       	ldi	r27, 0x00	; 0
    10fa:	e5 e5       	ldi	r30, 0x55	; 85
    10fc:	f0 e0       	ldi	r31, 0x00	; 0
    10fe:	80 81       	ld	r24, Z
    1100:	8b 7f       	andi	r24, 0xFB	; 251
    1102:	8c 93       	st	X, r24
    1104:	a5 e5       	ldi	r26, 0x55	; 85
    1106:	b0 e0       	ldi	r27, 0x00	; 0
    1108:	e5 e5       	ldi	r30, 0x55	; 85
    110a:	f0 e0       	ldi	r31, 0x00	; 0
    110c:	80 81       	ld	r24, Z
    110e:	87 7f       	andi	r24, 0xF7	; 247
    1110:	8c 93       	st	X, r24
    1112:	4f c0       	rjmp	.+158    	; 0x11b2 <EXTI_voidInit+0x1d8>
            case EXTI_ON_CHANGE:    SET_BIT(MCUCR, 2); CLR_BIT(MCUCR, 3); break;
    1114:	a5 e5       	ldi	r26, 0x55	; 85
    1116:	b0 e0       	ldi	r27, 0x00	; 0
    1118:	e5 e5       	ldi	r30, 0x55	; 85
    111a:	f0 e0       	ldi	r31, 0x00	; 0
    111c:	80 81       	ld	r24, Z
    111e:	84 60       	ori	r24, 0x04	; 4
    1120:	8c 93       	st	X, r24
    1122:	a5 e5       	ldi	r26, 0x55	; 85
    1124:	b0 e0       	ldi	r27, 0x00	; 0
    1126:	e5 e5       	ldi	r30, 0x55	; 85
    1128:	f0 e0       	ldi	r31, 0x00	; 0
    112a:	80 81       	ld	r24, Z
    112c:	87 7f       	andi	r24, 0xF7	; 247
    112e:	8c 93       	st	X, r24
    1130:	40 c0       	rjmp	.+128    	; 0x11b2 <EXTI_voidInit+0x1d8>
            case EXTI_FALLING_EDGE: CLR_BIT(MCUCR, 2); SET_BIT(MCUCR, 3); break;
    1132:	a5 e5       	ldi	r26, 0x55	; 85
    1134:	b0 e0       	ldi	r27, 0x00	; 0
    1136:	e5 e5       	ldi	r30, 0x55	; 85
    1138:	f0 e0       	ldi	r31, 0x00	; 0
    113a:	80 81       	ld	r24, Z
    113c:	8b 7f       	andi	r24, 0xFB	; 251
    113e:	8c 93       	st	X, r24
    1140:	a5 e5       	ldi	r26, 0x55	; 85
    1142:	b0 e0       	ldi	r27, 0x00	; 0
    1144:	e5 e5       	ldi	r30, 0x55	; 85
    1146:	f0 e0       	ldi	r31, 0x00	; 0
    1148:	80 81       	ld	r24, Z
    114a:	88 60       	ori	r24, 0x08	; 8
    114c:	8c 93       	st	X, r24
    114e:	31 c0       	rjmp	.+98     	; 0x11b2 <EXTI_voidInit+0x1d8>
            case EXTI_RISING_EDGE:  SET_BIT(MCUCR, 2); SET_BIT(MCUCR, 3); break;
    1150:	a5 e5       	ldi	r26, 0x55	; 85
    1152:	b0 e0       	ldi	r27, 0x00	; 0
    1154:	e5 e5       	ldi	r30, 0x55	; 85
    1156:	f0 e0       	ldi	r31, 0x00	; 0
    1158:	80 81       	ld	r24, Z
    115a:	84 60       	ori	r24, 0x04	; 4
    115c:	8c 93       	st	X, r24
    115e:	a5 e5       	ldi	r26, 0x55	; 85
    1160:	b0 e0       	ldi	r27, 0x00	; 0
    1162:	e5 e5       	ldi	r30, 0x55	; 85
    1164:	f0 e0       	ldi	r31, 0x00	; 0
    1166:	80 81       	ld	r24, Z
    1168:	88 60       	ori	r24, 0x08	; 8
    116a:	8c 93       	st	X, r24
    116c:	22 c0       	rjmp	.+68     	; 0x11b2 <EXTI_voidInit+0x1d8>
        }
    } 
    else if (IntID == EXTI_INT2) {
    116e:	89 81       	ldd	r24, Y+1	; 0x01
    1170:	82 30       	cpi	r24, 0x02	; 2
    1172:	f9 f4       	brne	.+62     	; 0x11b2 <EXTI_voidInit+0x1d8>
        
        switch(SenseControl) {
    1174:	8a 81       	ldd	r24, Y+2	; 0x02
    1176:	28 2f       	mov	r18, r24
    1178:	30 e0       	ldi	r19, 0x00	; 0
    117a:	3c 83       	std	Y+4, r19	; 0x04
    117c:	2b 83       	std	Y+3, r18	; 0x03
    117e:	8b 81       	ldd	r24, Y+3	; 0x03
    1180:	9c 81       	ldd	r25, Y+4	; 0x04
    1182:	82 30       	cpi	r24, 0x02	; 2
    1184:	91 05       	cpc	r25, r1
    1186:	31 f0       	breq	.+12     	; 0x1194 <EXTI_voidInit+0x1ba>
    1188:	2b 81       	ldd	r18, Y+3	; 0x03
    118a:	3c 81       	ldd	r19, Y+4	; 0x04
    118c:	23 30       	cpi	r18, 0x03	; 3
    118e:	31 05       	cpc	r19, r1
    1190:	49 f0       	breq	.+18     	; 0x11a4 <EXTI_voidInit+0x1ca>
    1192:	0f c0       	rjmp	.+30     	; 0x11b2 <EXTI_voidInit+0x1d8>
            case EXTI_FALLING_EDGE: CLR_BIT(MCUCSR, 6); break;
    1194:	a4 e5       	ldi	r26, 0x54	; 84
    1196:	b0 e0       	ldi	r27, 0x00	; 0
    1198:	e4 e5       	ldi	r30, 0x54	; 84
    119a:	f0 e0       	ldi	r31, 0x00	; 0
    119c:	80 81       	ld	r24, Z
    119e:	8f 7b       	andi	r24, 0xBF	; 191
    11a0:	8c 93       	st	X, r24
    11a2:	07 c0       	rjmp	.+14     	; 0x11b2 <EXTI_voidInit+0x1d8>
            case EXTI_RISING_EDGE:  SET_BIT(MCUCSR, 6); break;
    11a4:	a4 e5       	ldi	r26, 0x54	; 84
    11a6:	b0 e0       	ldi	r27, 0x00	; 0
    11a8:	e4 e5       	ldi	r30, 0x54	; 84
    11aa:	f0 e0       	ldi	r31, 0x00	; 0
    11ac:	80 81       	ld	r24, Z
    11ae:	80 64       	ori	r24, 0x40	; 64
    11b0:	8c 93       	st	X, r24
        }
    }
}
    11b2:	28 96       	adiw	r28, 0x08	; 8
    11b4:	0f b6       	in	r0, 0x3f	; 63
    11b6:	f8 94       	cli
    11b8:	de bf       	out	0x3e, r29	; 62
    11ba:	0f be       	out	0x3f, r0	; 63
    11bc:	cd bf       	out	0x3d, r28	; 61
    11be:	cf 91       	pop	r28
    11c0:	df 91       	pop	r29
    11c2:	08 95       	ret

000011c4 <EXTI_voidEnable>:


void EXTI_voidEnable(u8 IntID) {
    11c4:	df 93       	push	r29
    11c6:	cf 93       	push	r28
    11c8:	00 d0       	rcall	.+0      	; 0x11ca <EXTI_voidEnable+0x6>
    11ca:	0f 92       	push	r0
    11cc:	cd b7       	in	r28, 0x3d	; 61
    11ce:	de b7       	in	r29, 0x3e	; 62
    11d0:	89 83       	std	Y+1, r24	; 0x01
    switch(IntID) {
    11d2:	89 81       	ldd	r24, Y+1	; 0x01
    11d4:	28 2f       	mov	r18, r24
    11d6:	30 e0       	ldi	r19, 0x00	; 0
    11d8:	3b 83       	std	Y+3, r19	; 0x03
    11da:	2a 83       	std	Y+2, r18	; 0x02
    11dc:	8a 81       	ldd	r24, Y+2	; 0x02
    11de:	9b 81       	ldd	r25, Y+3	; 0x03
    11e0:	81 30       	cpi	r24, 0x01	; 1
    11e2:	91 05       	cpc	r25, r1
    11e4:	89 f0       	breq	.+34     	; 0x1208 <EXTI_voidEnable+0x44>
    11e6:	2a 81       	ldd	r18, Y+2	; 0x02
    11e8:	3b 81       	ldd	r19, Y+3	; 0x03
    11ea:	22 30       	cpi	r18, 0x02	; 2
    11ec:	31 05       	cpc	r19, r1
    11ee:	a1 f0       	breq	.+40     	; 0x1218 <EXTI_voidEnable+0x54>
    11f0:	8a 81       	ldd	r24, Y+2	; 0x02
    11f2:	9b 81       	ldd	r25, Y+3	; 0x03
    11f4:	00 97       	sbiw	r24, 0x00	; 0
    11f6:	b9 f4       	brne	.+46     	; 0x1226 <EXTI_voidEnable+0x62>
        case EXTI_INT0: SET_BIT(GICR, 6); break;
    11f8:	ab e5       	ldi	r26, 0x5B	; 91
    11fa:	b0 e0       	ldi	r27, 0x00	; 0
    11fc:	eb e5       	ldi	r30, 0x5B	; 91
    11fe:	f0 e0       	ldi	r31, 0x00	; 0
    1200:	80 81       	ld	r24, Z
    1202:	80 64       	ori	r24, 0x40	; 64
    1204:	8c 93       	st	X, r24
    1206:	0f c0       	rjmp	.+30     	; 0x1226 <EXTI_voidEnable+0x62>
        case EXTI_INT1: SET_BIT(GICR, 7); break;
    1208:	ab e5       	ldi	r26, 0x5B	; 91
    120a:	b0 e0       	ldi	r27, 0x00	; 0
    120c:	eb e5       	ldi	r30, 0x5B	; 91
    120e:	f0 e0       	ldi	r31, 0x00	; 0
    1210:	80 81       	ld	r24, Z
    1212:	80 68       	ori	r24, 0x80	; 128
    1214:	8c 93       	st	X, r24
    1216:	07 c0       	rjmp	.+14     	; 0x1226 <EXTI_voidEnable+0x62>
        case EXTI_INT2: SET_BIT(GICR, 5); break;
    1218:	ab e5       	ldi	r26, 0x5B	; 91
    121a:	b0 e0       	ldi	r27, 0x00	; 0
    121c:	eb e5       	ldi	r30, 0x5B	; 91
    121e:	f0 e0       	ldi	r31, 0x00	; 0
    1220:	80 81       	ld	r24, Z
    1222:	80 62       	ori	r24, 0x20	; 32
    1224:	8c 93       	st	X, r24
    }
}
    1226:	0f 90       	pop	r0
    1228:	0f 90       	pop	r0
    122a:	0f 90       	pop	r0
    122c:	cf 91       	pop	r28
    122e:	df 91       	pop	r29
    1230:	08 95       	ret

00001232 <EXTI_voidDisable>:


void EXTI_voidDisable(u8 IntID) {
    1232:	df 93       	push	r29
    1234:	cf 93       	push	r28
    1236:	00 d0       	rcall	.+0      	; 0x1238 <EXTI_voidDisable+0x6>
    1238:	0f 92       	push	r0
    123a:	cd b7       	in	r28, 0x3d	; 61
    123c:	de b7       	in	r29, 0x3e	; 62
    123e:	89 83       	std	Y+1, r24	; 0x01
    switch(IntID) {
    1240:	89 81       	ldd	r24, Y+1	; 0x01
    1242:	28 2f       	mov	r18, r24
    1244:	30 e0       	ldi	r19, 0x00	; 0
    1246:	3b 83       	std	Y+3, r19	; 0x03
    1248:	2a 83       	std	Y+2, r18	; 0x02
    124a:	8a 81       	ldd	r24, Y+2	; 0x02
    124c:	9b 81       	ldd	r25, Y+3	; 0x03
    124e:	81 30       	cpi	r24, 0x01	; 1
    1250:	91 05       	cpc	r25, r1
    1252:	89 f0       	breq	.+34     	; 0x1276 <EXTI_voidDisable+0x44>
    1254:	2a 81       	ldd	r18, Y+2	; 0x02
    1256:	3b 81       	ldd	r19, Y+3	; 0x03
    1258:	22 30       	cpi	r18, 0x02	; 2
    125a:	31 05       	cpc	r19, r1
    125c:	a1 f0       	breq	.+40     	; 0x1286 <EXTI_voidDisable+0x54>
    125e:	8a 81       	ldd	r24, Y+2	; 0x02
    1260:	9b 81       	ldd	r25, Y+3	; 0x03
    1262:	00 97       	sbiw	r24, 0x00	; 0
    1264:	b9 f4       	brne	.+46     	; 0x1294 <EXTI_voidDisable+0x62>
        case EXTI_INT0: CLR_BIT(GICR, 6); break;
    1266:	ab e5       	ldi	r26, 0x5B	; 91
    1268:	b0 e0       	ldi	r27, 0x00	; 0
    126a:	eb e5       	ldi	r30, 0x5B	; 91
    126c:	f0 e0       	ldi	r31, 0x00	; 0
    126e:	80 81       	ld	r24, Z
    1270:	8f 7b       	andi	r24, 0xBF	; 191
    1272:	8c 93       	st	X, r24
    1274:	0f c0       	rjmp	.+30     	; 0x1294 <EXTI_voidDisable+0x62>
        case EXTI_INT1: CLR_BIT(GICR, 7); break;
    1276:	ab e5       	ldi	r26, 0x5B	; 91
    1278:	b0 e0       	ldi	r27, 0x00	; 0
    127a:	eb e5       	ldi	r30, 0x5B	; 91
    127c:	f0 e0       	ldi	r31, 0x00	; 0
    127e:	80 81       	ld	r24, Z
    1280:	8f 77       	andi	r24, 0x7F	; 127
    1282:	8c 93       	st	X, r24
    1284:	07 c0       	rjmp	.+14     	; 0x1294 <EXTI_voidDisable+0x62>
        case EXTI_INT2: CLR_BIT(GICR, 5); break;
    1286:	ab e5       	ldi	r26, 0x5B	; 91
    1288:	b0 e0       	ldi	r27, 0x00	; 0
    128a:	eb e5       	ldi	r30, 0x5B	; 91
    128c:	f0 e0       	ldi	r31, 0x00	; 0
    128e:	80 81       	ld	r24, Z
    1290:	8f 7d       	andi	r24, 0xDF	; 223
    1292:	8c 93       	st	X, r24
    }
}
    1294:	0f 90       	pop	r0
    1296:	0f 90       	pop	r0
    1298:	0f 90       	pop	r0
    129a:	cf 91       	pop	r28
    129c:	df 91       	pop	r29
    129e:	08 95       	ret

000012a0 <EXTI_voidSetCallBack>:


void EXTI_voidSetCallBack(u8 IntID, void (*func)(void)) {
    12a0:	df 93       	push	r29
    12a2:	cf 93       	push	r28
    12a4:	00 d0       	rcall	.+0      	; 0x12a6 <EXTI_voidSetCallBack+0x6>
    12a6:	0f 92       	push	r0
    12a8:	cd b7       	in	r28, 0x3d	; 61
    12aa:	de b7       	in	r29, 0x3e	; 62
    12ac:	89 83       	std	Y+1, r24	; 0x01
    12ae:	7b 83       	std	Y+3, r23	; 0x03
    12b0:	6a 83       	std	Y+2, r22	; 0x02
    
    if(func != NULL) {
    12b2:	8a 81       	ldd	r24, Y+2	; 0x02
    12b4:	9b 81       	ldd	r25, Y+3	; 0x03
    12b6:	00 97       	sbiw	r24, 0x00	; 0
    12b8:	e9 f0       	breq	.+58     	; 0x12f4 <EXTI_voidSetCallBack+0x54>
        if (IntID == EXTI_INT0) {
    12ba:	89 81       	ldd	r24, Y+1	; 0x01
    12bc:	88 23       	and	r24, r24
    12be:	39 f4       	brne	.+14     	; 0x12ce <EXTI_voidSetCallBack+0x2e>
            INT0_Callback = func;
    12c0:	8a 81       	ldd	r24, Y+2	; 0x02
    12c2:	9b 81       	ldd	r25, Y+3	; 0x03
    12c4:	90 93 cf 01 	sts	0x01CF, r25
    12c8:	80 93 ce 01 	sts	0x01CE, r24
    12cc:	13 c0       	rjmp	.+38     	; 0x12f4 <EXTI_voidSetCallBack+0x54>
        } 
        else if (IntID == EXTI_INT1) {
    12ce:	89 81       	ldd	r24, Y+1	; 0x01
    12d0:	81 30       	cpi	r24, 0x01	; 1
    12d2:	39 f4       	brne	.+14     	; 0x12e2 <EXTI_voidSetCallBack+0x42>
            INT1_Callback = func;
    12d4:	8a 81       	ldd	r24, Y+2	; 0x02
    12d6:	9b 81       	ldd	r25, Y+3	; 0x03
    12d8:	90 93 d1 01 	sts	0x01D1, r25
    12dc:	80 93 d0 01 	sts	0x01D0, r24
    12e0:	09 c0       	rjmp	.+18     	; 0x12f4 <EXTI_voidSetCallBack+0x54>
        } 
        else if (IntID == EXTI_INT2) {
    12e2:	89 81       	ldd	r24, Y+1	; 0x01
    12e4:	82 30       	cpi	r24, 0x02	; 2
    12e6:	31 f4       	brne	.+12     	; 0x12f4 <EXTI_voidSetCallBack+0x54>
            INT2_Callback = func;
    12e8:	8a 81       	ldd	r24, Y+2	; 0x02
    12ea:	9b 81       	ldd	r25, Y+3	; 0x03
    12ec:	90 93 d3 01 	sts	0x01D3, r25
    12f0:	80 93 d2 01 	sts	0x01D2, r24
        }
    }
}
    12f4:	0f 90       	pop	r0
    12f6:	0f 90       	pop	r0
    12f8:	0f 90       	pop	r0
    12fa:	cf 91       	pop	r28
    12fc:	df 91       	pop	r29
    12fe:	08 95       	ret

00001300 <__vector_1>:



void __vector_1(void) __attribute__((signal));
void __vector_1(void) {
    1300:	1f 92       	push	r1
    1302:	0f 92       	push	r0
    1304:	0f b6       	in	r0, 0x3f	; 63
    1306:	0f 92       	push	r0
    1308:	11 24       	eor	r1, r1
    130a:	2f 93       	push	r18
    130c:	3f 93       	push	r19
    130e:	4f 93       	push	r20
    1310:	5f 93       	push	r21
    1312:	6f 93       	push	r22
    1314:	7f 93       	push	r23
    1316:	8f 93       	push	r24
    1318:	9f 93       	push	r25
    131a:	af 93       	push	r26
    131c:	bf 93       	push	r27
    131e:	ef 93       	push	r30
    1320:	ff 93       	push	r31
    1322:	df 93       	push	r29
    1324:	cf 93       	push	r28
    1326:	cd b7       	in	r28, 0x3d	; 61
    1328:	de b7       	in	r29, 0x3e	; 62
    if(INT0_Callback != NULL) {
    132a:	80 91 ce 01 	lds	r24, 0x01CE
    132e:	90 91 cf 01 	lds	r25, 0x01CF
    1332:	00 97       	sbiw	r24, 0x00	; 0
    1334:	29 f0       	breq	.+10     	; 0x1340 <__vector_1+0x40>
        INT0_Callback();
    1336:	e0 91 ce 01 	lds	r30, 0x01CE
    133a:	f0 91 cf 01 	lds	r31, 0x01CF
    133e:	09 95       	icall
    }
}
    1340:	cf 91       	pop	r28
    1342:	df 91       	pop	r29
    1344:	ff 91       	pop	r31
    1346:	ef 91       	pop	r30
    1348:	bf 91       	pop	r27
    134a:	af 91       	pop	r26
    134c:	9f 91       	pop	r25
    134e:	8f 91       	pop	r24
    1350:	7f 91       	pop	r23
    1352:	6f 91       	pop	r22
    1354:	5f 91       	pop	r21
    1356:	4f 91       	pop	r20
    1358:	3f 91       	pop	r19
    135a:	2f 91       	pop	r18
    135c:	0f 90       	pop	r0
    135e:	0f be       	out	0x3f, r0	; 63
    1360:	0f 90       	pop	r0
    1362:	1f 90       	pop	r1
    1364:	18 95       	reti

00001366 <__vector_2>:

void __vector_2(void) __attribute__((signal));
void __vector_2(void) {
    1366:	1f 92       	push	r1
    1368:	0f 92       	push	r0
    136a:	0f b6       	in	r0, 0x3f	; 63
    136c:	0f 92       	push	r0
    136e:	11 24       	eor	r1, r1
    1370:	2f 93       	push	r18
    1372:	3f 93       	push	r19
    1374:	4f 93       	push	r20
    1376:	5f 93       	push	r21
    1378:	6f 93       	push	r22
    137a:	7f 93       	push	r23
    137c:	8f 93       	push	r24
    137e:	9f 93       	push	r25
    1380:	af 93       	push	r26
    1382:	bf 93       	push	r27
    1384:	ef 93       	push	r30
    1386:	ff 93       	push	r31
    1388:	df 93       	push	r29
    138a:	cf 93       	push	r28
    138c:	cd b7       	in	r28, 0x3d	; 61
    138e:	de b7       	in	r29, 0x3e	; 62
    if(INT1_Callback != NULL) {
    1390:	80 91 d0 01 	lds	r24, 0x01D0
    1394:	90 91 d1 01 	lds	r25, 0x01D1
    1398:	00 97       	sbiw	r24, 0x00	; 0
    139a:	29 f0       	breq	.+10     	; 0x13a6 <__vector_2+0x40>
        INT1_Callback();
    139c:	e0 91 d0 01 	lds	r30, 0x01D0
    13a0:	f0 91 d1 01 	lds	r31, 0x01D1
    13a4:	09 95       	icall
    }
}
    13a6:	cf 91       	pop	r28
    13a8:	df 91       	pop	r29
    13aa:	ff 91       	pop	r31
    13ac:	ef 91       	pop	r30
    13ae:	bf 91       	pop	r27
    13b0:	af 91       	pop	r26
    13b2:	9f 91       	pop	r25
    13b4:	8f 91       	pop	r24
    13b6:	7f 91       	pop	r23
    13b8:	6f 91       	pop	r22
    13ba:	5f 91       	pop	r21
    13bc:	4f 91       	pop	r20
    13be:	3f 91       	pop	r19
    13c0:	2f 91       	pop	r18
    13c2:	0f 90       	pop	r0
    13c4:	0f be       	out	0x3f, r0	; 63
    13c6:	0f 90       	pop	r0
    13c8:	1f 90       	pop	r1
    13ca:	18 95       	reti

000013cc <__vector_3>:

void __vector_3(void) __attribute__((signal));
void __vector_3(void) {
    13cc:	1f 92       	push	r1
    13ce:	0f 92       	push	r0
    13d0:	0f b6       	in	r0, 0x3f	; 63
    13d2:	0f 92       	push	r0
    13d4:	11 24       	eor	r1, r1
    13d6:	2f 93       	push	r18
    13d8:	3f 93       	push	r19
    13da:	4f 93       	push	r20
    13dc:	5f 93       	push	r21
    13de:	6f 93       	push	r22
    13e0:	7f 93       	push	r23
    13e2:	8f 93       	push	r24
    13e4:	9f 93       	push	r25
    13e6:	af 93       	push	r26
    13e8:	bf 93       	push	r27
    13ea:	ef 93       	push	r30
    13ec:	ff 93       	push	r31
    13ee:	df 93       	push	r29
    13f0:	cf 93       	push	r28
    13f2:	cd b7       	in	r28, 0x3d	; 61
    13f4:	de b7       	in	r29, 0x3e	; 62
    if(INT2_Callback != NULL) {
    13f6:	80 91 d2 01 	lds	r24, 0x01D2
    13fa:	90 91 d3 01 	lds	r25, 0x01D3
    13fe:	00 97       	sbiw	r24, 0x00	; 0
    1400:	29 f0       	breq	.+10     	; 0x140c <__vector_3+0x40>
        INT2_Callback();
    1402:	e0 91 d2 01 	lds	r30, 0x01D2
    1406:	f0 91 d3 01 	lds	r31, 0x01D3
    140a:	09 95       	icall
    }
}
    140c:	cf 91       	pop	r28
    140e:	df 91       	pop	r29
    1410:	ff 91       	pop	r31
    1412:	ef 91       	pop	r30
    1414:	bf 91       	pop	r27
    1416:	af 91       	pop	r26
    1418:	9f 91       	pop	r25
    141a:	8f 91       	pop	r24
    141c:	7f 91       	pop	r23
    141e:	6f 91       	pop	r22
    1420:	5f 91       	pop	r21
    1422:	4f 91       	pop	r20
    1424:	3f 91       	pop	r19
    1426:	2f 91       	pop	r18
    1428:	0f 90       	pop	r0
    142a:	0f be       	out	0x3f, r0	; 63
    142c:	0f 90       	pop	r0
    142e:	1f 90       	pop	r1
    1430:	18 95       	reti

00001432 <DIO_voidSetPinDirection>:
#include "DIO_private.h"
#include "DIO_config.h"
#include "DIO_int.h"

void DIO_voidSetPinDirection(u8 Copy_u8Port, u8 Copy_u8Pin, u8 Copy_u8Direction)
{
    1432:	df 93       	push	r29
    1434:	cf 93       	push	r28
    1436:	cd b7       	in	r28, 0x3d	; 61
    1438:	de b7       	in	r29, 0x3e	; 62
    143a:	27 97       	sbiw	r28, 0x07	; 7
    143c:	0f b6       	in	r0, 0x3f	; 63
    143e:	f8 94       	cli
    1440:	de bf       	out	0x3e, r29	; 62
    1442:	0f be       	out	0x3f, r0	; 63
    1444:	cd bf       	out	0x3d, r28	; 61
    1446:	89 83       	std	Y+1, r24	; 0x01
    1448:	6a 83       	std	Y+2, r22	; 0x02
    144a:	4b 83       	std	Y+3, r20	; 0x03
    if (Copy_u8Pin <= 7)
    144c:	8a 81       	ldd	r24, Y+2	; 0x02
    144e:	88 30       	cpi	r24, 0x08	; 8
    1450:	08 f0       	brcs	.+2      	; 0x1454 <DIO_voidSetPinDirection+0x22>
    1452:	ea c0       	rjmp	.+468    	; 0x1628 <DIO_voidSetPinDirection+0x1f6>
    {
        if (Copy_u8Direction == 1)
    1454:	8b 81       	ldd	r24, Y+3	; 0x03
    1456:	81 30       	cpi	r24, 0x01	; 1
    1458:	09 f0       	breq	.+2      	; 0x145c <DIO_voidSetPinDirection+0x2a>
    145a:	6f c0       	rjmp	.+222    	; 0x153a <DIO_voidSetPinDirection+0x108>
        {
            switch (Copy_u8Port)
    145c:	89 81       	ldd	r24, Y+1	; 0x01
    145e:	28 2f       	mov	r18, r24
    1460:	30 e0       	ldi	r19, 0x00	; 0
    1462:	3f 83       	std	Y+7, r19	; 0x07
    1464:	2e 83       	std	Y+6, r18	; 0x06
    1466:	8e 81       	ldd	r24, Y+6	; 0x06
    1468:	9f 81       	ldd	r25, Y+7	; 0x07
    146a:	81 30       	cpi	r24, 0x01	; 1
    146c:	91 05       	cpc	r25, r1
    146e:	49 f1       	breq	.+82     	; 0x14c2 <DIO_voidSetPinDirection+0x90>
    1470:	2e 81       	ldd	r18, Y+6	; 0x06
    1472:	3f 81       	ldd	r19, Y+7	; 0x07
    1474:	22 30       	cpi	r18, 0x02	; 2
    1476:	31 05       	cpc	r19, r1
    1478:	2c f4       	brge	.+10     	; 0x1484 <DIO_voidSetPinDirection+0x52>
    147a:	8e 81       	ldd	r24, Y+6	; 0x06
    147c:	9f 81       	ldd	r25, Y+7	; 0x07
    147e:	00 97       	sbiw	r24, 0x00	; 0
    1480:	61 f0       	breq	.+24     	; 0x149a <DIO_voidSetPinDirection+0x68>
    1482:	d2 c0       	rjmp	.+420    	; 0x1628 <DIO_voidSetPinDirection+0x1f6>
    1484:	2e 81       	ldd	r18, Y+6	; 0x06
    1486:	3f 81       	ldd	r19, Y+7	; 0x07
    1488:	22 30       	cpi	r18, 0x02	; 2
    148a:	31 05       	cpc	r19, r1
    148c:	71 f1       	breq	.+92     	; 0x14ea <DIO_voidSetPinDirection+0xb8>
    148e:	8e 81       	ldd	r24, Y+6	; 0x06
    1490:	9f 81       	ldd	r25, Y+7	; 0x07
    1492:	83 30       	cpi	r24, 0x03	; 3
    1494:	91 05       	cpc	r25, r1
    1496:	e9 f1       	breq	.+122    	; 0x1512 <DIO_voidSetPinDirection+0xe0>
    1498:	c7 c0       	rjmp	.+398    	; 0x1628 <DIO_voidSetPinDirection+0x1f6>
            {
                case PORTA: SET_BIT(DDRA_REG, Copy_u8Pin); break;
    149a:	aa e3       	ldi	r26, 0x3A	; 58
    149c:	b0 e0       	ldi	r27, 0x00	; 0
    149e:	ea e3       	ldi	r30, 0x3A	; 58
    14a0:	f0 e0       	ldi	r31, 0x00	; 0
    14a2:	80 81       	ld	r24, Z
    14a4:	48 2f       	mov	r20, r24
    14a6:	8a 81       	ldd	r24, Y+2	; 0x02
    14a8:	28 2f       	mov	r18, r24
    14aa:	30 e0       	ldi	r19, 0x00	; 0
    14ac:	81 e0       	ldi	r24, 0x01	; 1
    14ae:	90 e0       	ldi	r25, 0x00	; 0
    14b0:	02 2e       	mov	r0, r18
    14b2:	02 c0       	rjmp	.+4      	; 0x14b8 <DIO_voidSetPinDirection+0x86>
    14b4:	88 0f       	add	r24, r24
    14b6:	99 1f       	adc	r25, r25
    14b8:	0a 94       	dec	r0
    14ba:	e2 f7       	brpl	.-8      	; 0x14b4 <DIO_voidSetPinDirection+0x82>
    14bc:	84 2b       	or	r24, r20
    14be:	8c 93       	st	X, r24
    14c0:	b3 c0       	rjmp	.+358    	; 0x1628 <DIO_voidSetPinDirection+0x1f6>
                case PORTB: SET_BIT(DDRB_REG, Copy_u8Pin); break;
    14c2:	a7 e3       	ldi	r26, 0x37	; 55
    14c4:	b0 e0       	ldi	r27, 0x00	; 0
    14c6:	e7 e3       	ldi	r30, 0x37	; 55
    14c8:	f0 e0       	ldi	r31, 0x00	; 0
    14ca:	80 81       	ld	r24, Z
    14cc:	48 2f       	mov	r20, r24
    14ce:	8a 81       	ldd	r24, Y+2	; 0x02
    14d0:	28 2f       	mov	r18, r24
    14d2:	30 e0       	ldi	r19, 0x00	; 0
    14d4:	81 e0       	ldi	r24, 0x01	; 1
    14d6:	90 e0       	ldi	r25, 0x00	; 0
    14d8:	02 2e       	mov	r0, r18
    14da:	02 c0       	rjmp	.+4      	; 0x14e0 <DIO_voidSetPinDirection+0xae>
    14dc:	88 0f       	add	r24, r24
    14de:	99 1f       	adc	r25, r25
    14e0:	0a 94       	dec	r0
    14e2:	e2 f7       	brpl	.-8      	; 0x14dc <DIO_voidSetPinDirection+0xaa>
    14e4:	84 2b       	or	r24, r20
    14e6:	8c 93       	st	X, r24
    14e8:	9f c0       	rjmp	.+318    	; 0x1628 <DIO_voidSetPinDirection+0x1f6>
                case PORTC: SET_BIT(DDRC_REG, Copy_u8Pin); break;
    14ea:	a4 e3       	ldi	r26, 0x34	; 52
    14ec:	b0 e0       	ldi	r27, 0x00	; 0
    14ee:	e4 e3       	ldi	r30, 0x34	; 52
    14f0:	f0 e0       	ldi	r31, 0x00	; 0
    14f2:	80 81       	ld	r24, Z
    14f4:	48 2f       	mov	r20, r24
    14f6:	8a 81       	ldd	r24, Y+2	; 0x02
    14f8:	28 2f       	mov	r18, r24
    14fa:	30 e0       	ldi	r19, 0x00	; 0
    14fc:	81 e0       	ldi	r24, 0x01	; 1
    14fe:	90 e0       	ldi	r25, 0x00	; 0
    1500:	02 2e       	mov	r0, r18
    1502:	02 c0       	rjmp	.+4      	; 0x1508 <DIO_voidSetPinDirection+0xd6>
    1504:	88 0f       	add	r24, r24
    1506:	99 1f       	adc	r25, r25
    1508:	0a 94       	dec	r0
    150a:	e2 f7       	brpl	.-8      	; 0x1504 <DIO_voidSetPinDirection+0xd2>
    150c:	84 2b       	or	r24, r20
    150e:	8c 93       	st	X, r24
    1510:	8b c0       	rjmp	.+278    	; 0x1628 <DIO_voidSetPinDirection+0x1f6>
                case PORTD: SET_BIT(DDRD_REG, Copy_u8Pin); break;
    1512:	a1 e3       	ldi	r26, 0x31	; 49
    1514:	b0 e0       	ldi	r27, 0x00	; 0
    1516:	e1 e3       	ldi	r30, 0x31	; 49
    1518:	f0 e0       	ldi	r31, 0x00	; 0
    151a:	80 81       	ld	r24, Z
    151c:	48 2f       	mov	r20, r24
    151e:	8a 81       	ldd	r24, Y+2	; 0x02
    1520:	28 2f       	mov	r18, r24
    1522:	30 e0       	ldi	r19, 0x00	; 0
    1524:	81 e0       	ldi	r24, 0x01	; 1
    1526:	90 e0       	ldi	r25, 0x00	; 0
    1528:	02 2e       	mov	r0, r18
    152a:	02 c0       	rjmp	.+4      	; 0x1530 <DIO_voidSetPinDirection+0xfe>
    152c:	88 0f       	add	r24, r24
    152e:	99 1f       	adc	r25, r25
    1530:	0a 94       	dec	r0
    1532:	e2 f7       	brpl	.-8      	; 0x152c <DIO_voidSetPinDirection+0xfa>
    1534:	84 2b       	or	r24, r20
    1536:	8c 93       	st	X, r24
    1538:	77 c0       	rjmp	.+238    	; 0x1628 <DIO_voidSetPinDirection+0x1f6>
            }
        }
        else if (Copy_u8Direction == 0)
    153a:	8b 81       	ldd	r24, Y+3	; 0x03
    153c:	88 23       	and	r24, r24
    153e:	09 f0       	breq	.+2      	; 0x1542 <DIO_voidSetPinDirection+0x110>
    1540:	73 c0       	rjmp	.+230    	; 0x1628 <DIO_voidSetPinDirection+0x1f6>
        {
            switch (Copy_u8Port)
    1542:	89 81       	ldd	r24, Y+1	; 0x01
    1544:	28 2f       	mov	r18, r24
    1546:	30 e0       	ldi	r19, 0x00	; 0
    1548:	3d 83       	std	Y+5, r19	; 0x05
    154a:	2c 83       	std	Y+4, r18	; 0x04
    154c:	8c 81       	ldd	r24, Y+4	; 0x04
    154e:	9d 81       	ldd	r25, Y+5	; 0x05
    1550:	81 30       	cpi	r24, 0x01	; 1
    1552:	91 05       	cpc	r25, r1
    1554:	59 f1       	breq	.+86     	; 0x15ac <DIO_voidSetPinDirection+0x17a>
    1556:	2c 81       	ldd	r18, Y+4	; 0x04
    1558:	3d 81       	ldd	r19, Y+5	; 0x05
    155a:	22 30       	cpi	r18, 0x02	; 2
    155c:	31 05       	cpc	r19, r1
    155e:	2c f4       	brge	.+10     	; 0x156a <DIO_voidSetPinDirection+0x138>
    1560:	8c 81       	ldd	r24, Y+4	; 0x04
    1562:	9d 81       	ldd	r25, Y+5	; 0x05
    1564:	00 97       	sbiw	r24, 0x00	; 0
    1566:	69 f0       	breq	.+26     	; 0x1582 <DIO_voidSetPinDirection+0x150>
    1568:	5f c0       	rjmp	.+190    	; 0x1628 <DIO_voidSetPinDirection+0x1f6>
    156a:	2c 81       	ldd	r18, Y+4	; 0x04
    156c:	3d 81       	ldd	r19, Y+5	; 0x05
    156e:	22 30       	cpi	r18, 0x02	; 2
    1570:	31 05       	cpc	r19, r1
    1572:	89 f1       	breq	.+98     	; 0x15d6 <DIO_voidSetPinDirection+0x1a4>
    1574:	8c 81       	ldd	r24, Y+4	; 0x04
    1576:	9d 81       	ldd	r25, Y+5	; 0x05
    1578:	83 30       	cpi	r24, 0x03	; 3
    157a:	91 05       	cpc	r25, r1
    157c:	09 f4       	brne	.+2      	; 0x1580 <DIO_voidSetPinDirection+0x14e>
    157e:	40 c0       	rjmp	.+128    	; 0x1600 <DIO_voidSetPinDirection+0x1ce>
    1580:	53 c0       	rjmp	.+166    	; 0x1628 <DIO_voidSetPinDirection+0x1f6>
            {
                case PORTA: CLR_BIT(DDRA_REG, Copy_u8Pin); break;
    1582:	aa e3       	ldi	r26, 0x3A	; 58
    1584:	b0 e0       	ldi	r27, 0x00	; 0
    1586:	ea e3       	ldi	r30, 0x3A	; 58
    1588:	f0 e0       	ldi	r31, 0x00	; 0
    158a:	80 81       	ld	r24, Z
    158c:	48 2f       	mov	r20, r24
    158e:	8a 81       	ldd	r24, Y+2	; 0x02
    1590:	28 2f       	mov	r18, r24
    1592:	30 e0       	ldi	r19, 0x00	; 0
    1594:	81 e0       	ldi	r24, 0x01	; 1
    1596:	90 e0       	ldi	r25, 0x00	; 0
    1598:	02 2e       	mov	r0, r18
    159a:	02 c0       	rjmp	.+4      	; 0x15a0 <DIO_voidSetPinDirection+0x16e>
    159c:	88 0f       	add	r24, r24
    159e:	99 1f       	adc	r25, r25
    15a0:	0a 94       	dec	r0
    15a2:	e2 f7       	brpl	.-8      	; 0x159c <DIO_voidSetPinDirection+0x16a>
    15a4:	80 95       	com	r24
    15a6:	84 23       	and	r24, r20
    15a8:	8c 93       	st	X, r24
    15aa:	3e c0       	rjmp	.+124    	; 0x1628 <DIO_voidSetPinDirection+0x1f6>
                case PORTB: CLR_BIT(DDRB_REG, Copy_u8Pin); break;
    15ac:	a7 e3       	ldi	r26, 0x37	; 55
    15ae:	b0 e0       	ldi	r27, 0x00	; 0
    15b0:	e7 e3       	ldi	r30, 0x37	; 55
    15b2:	f0 e0       	ldi	r31, 0x00	; 0
    15b4:	80 81       	ld	r24, Z
    15b6:	48 2f       	mov	r20, r24
    15b8:	8a 81       	ldd	r24, Y+2	; 0x02
    15ba:	28 2f       	mov	r18, r24
    15bc:	30 e0       	ldi	r19, 0x00	; 0
    15be:	81 e0       	ldi	r24, 0x01	; 1
    15c0:	90 e0       	ldi	r25, 0x00	; 0
    15c2:	02 2e       	mov	r0, r18
    15c4:	02 c0       	rjmp	.+4      	; 0x15ca <DIO_voidSetPinDirection+0x198>
    15c6:	88 0f       	add	r24, r24
    15c8:	99 1f       	adc	r25, r25
    15ca:	0a 94       	dec	r0
    15cc:	e2 f7       	brpl	.-8      	; 0x15c6 <DIO_voidSetPinDirection+0x194>
    15ce:	80 95       	com	r24
    15d0:	84 23       	and	r24, r20
    15d2:	8c 93       	st	X, r24
    15d4:	29 c0       	rjmp	.+82     	; 0x1628 <DIO_voidSetPinDirection+0x1f6>
                case PORTC: CLR_BIT(DDRC_REG, Copy_u8Pin); break;
    15d6:	a4 e3       	ldi	r26, 0x34	; 52
    15d8:	b0 e0       	ldi	r27, 0x00	; 0
    15da:	e4 e3       	ldi	r30, 0x34	; 52
    15dc:	f0 e0       	ldi	r31, 0x00	; 0
    15de:	80 81       	ld	r24, Z
    15e0:	48 2f       	mov	r20, r24
    15e2:	8a 81       	ldd	r24, Y+2	; 0x02
    15e4:	28 2f       	mov	r18, r24
    15e6:	30 e0       	ldi	r19, 0x00	; 0
    15e8:	81 e0       	ldi	r24, 0x01	; 1
    15ea:	90 e0       	ldi	r25, 0x00	; 0
    15ec:	02 2e       	mov	r0, r18
    15ee:	02 c0       	rjmp	.+4      	; 0x15f4 <DIO_voidSetPinDirection+0x1c2>
    15f0:	88 0f       	add	r24, r24
    15f2:	99 1f       	adc	r25, r25
    15f4:	0a 94       	dec	r0
    15f6:	e2 f7       	brpl	.-8      	; 0x15f0 <DIO_voidSetPinDirection+0x1be>
    15f8:	80 95       	com	r24
    15fa:	84 23       	and	r24, r20
    15fc:	8c 93       	st	X, r24
    15fe:	14 c0       	rjmp	.+40     	; 0x1628 <DIO_voidSetPinDirection+0x1f6>
                case PORTD: CLR_BIT(DDRD_REG, Copy_u8Pin); break;
    1600:	a1 e3       	ldi	r26, 0x31	; 49
    1602:	b0 e0       	ldi	r27, 0x00	; 0
    1604:	e1 e3       	ldi	r30, 0x31	; 49
    1606:	f0 e0       	ldi	r31, 0x00	; 0
    1608:	80 81       	ld	r24, Z
    160a:	48 2f       	mov	r20, r24
    160c:	8a 81       	ldd	r24, Y+2	; 0x02
    160e:	28 2f       	mov	r18, r24
    1610:	30 e0       	ldi	r19, 0x00	; 0
    1612:	81 e0       	ldi	r24, 0x01	; 1
    1614:	90 e0       	ldi	r25, 0x00	; 0
    1616:	02 2e       	mov	r0, r18
    1618:	02 c0       	rjmp	.+4      	; 0x161e <DIO_voidSetPinDirection+0x1ec>
    161a:	88 0f       	add	r24, r24
    161c:	99 1f       	adc	r25, r25
    161e:	0a 94       	dec	r0
    1620:	e2 f7       	brpl	.-8      	; 0x161a <DIO_voidSetPinDirection+0x1e8>
    1622:	80 95       	com	r24
    1624:	84 23       	and	r24, r20
    1626:	8c 93       	st	X, r24
            }
        }
    }
}
    1628:	27 96       	adiw	r28, 0x07	; 7
    162a:	0f b6       	in	r0, 0x3f	; 63
    162c:	f8 94       	cli
    162e:	de bf       	out	0x3e, r29	; 62
    1630:	0f be       	out	0x3f, r0	; 63
    1632:	cd bf       	out	0x3d, r28	; 61
    1634:	cf 91       	pop	r28
    1636:	df 91       	pop	r29
    1638:	08 95       	ret

0000163a <DIO_voidSetPinValue>:

void DIO_voidSetPinValue(u8 Copy_u8Port, u8 Copy_u8Pin, u8 Copy_u8Value)
{
    163a:	df 93       	push	r29
    163c:	cf 93       	push	r28
    163e:	cd b7       	in	r28, 0x3d	; 61
    1640:	de b7       	in	r29, 0x3e	; 62
    1642:	27 97       	sbiw	r28, 0x07	; 7
    1644:	0f b6       	in	r0, 0x3f	; 63
    1646:	f8 94       	cli
    1648:	de bf       	out	0x3e, r29	; 62
    164a:	0f be       	out	0x3f, r0	; 63
    164c:	cd bf       	out	0x3d, r28	; 61
    164e:	89 83       	std	Y+1, r24	; 0x01
    1650:	6a 83       	std	Y+2, r22	; 0x02
    1652:	4b 83       	std	Y+3, r20	; 0x03
    if (Copy_u8Pin <= 7)
    1654:	8a 81       	ldd	r24, Y+2	; 0x02
    1656:	88 30       	cpi	r24, 0x08	; 8
    1658:	08 f0       	brcs	.+2      	; 0x165c <DIO_voidSetPinValue+0x22>
    165a:	ea c0       	rjmp	.+468    	; 0x1830 <DIO_voidSetPinValue+0x1f6>
    {
        if (Copy_u8Value == 1)
    165c:	8b 81       	ldd	r24, Y+3	; 0x03
    165e:	81 30       	cpi	r24, 0x01	; 1
    1660:	09 f0       	breq	.+2      	; 0x1664 <DIO_voidSetPinValue+0x2a>
    1662:	6f c0       	rjmp	.+222    	; 0x1742 <DIO_voidSetPinValue+0x108>
        {
            switch (Copy_u8Port)
    1664:	89 81       	ldd	r24, Y+1	; 0x01
    1666:	28 2f       	mov	r18, r24
    1668:	30 e0       	ldi	r19, 0x00	; 0
    166a:	3f 83       	std	Y+7, r19	; 0x07
    166c:	2e 83       	std	Y+6, r18	; 0x06
    166e:	8e 81       	ldd	r24, Y+6	; 0x06
    1670:	9f 81       	ldd	r25, Y+7	; 0x07
    1672:	81 30       	cpi	r24, 0x01	; 1
    1674:	91 05       	cpc	r25, r1
    1676:	49 f1       	breq	.+82     	; 0x16ca <DIO_voidSetPinValue+0x90>
    1678:	2e 81       	ldd	r18, Y+6	; 0x06
    167a:	3f 81       	ldd	r19, Y+7	; 0x07
    167c:	22 30       	cpi	r18, 0x02	; 2
    167e:	31 05       	cpc	r19, r1
    1680:	2c f4       	brge	.+10     	; 0x168c <DIO_voidSetPinValue+0x52>
    1682:	8e 81       	ldd	r24, Y+6	; 0x06
    1684:	9f 81       	ldd	r25, Y+7	; 0x07
    1686:	00 97       	sbiw	r24, 0x00	; 0
    1688:	61 f0       	breq	.+24     	; 0x16a2 <DIO_voidSetPinValue+0x68>
    168a:	d2 c0       	rjmp	.+420    	; 0x1830 <DIO_voidSetPinValue+0x1f6>
    168c:	2e 81       	ldd	r18, Y+6	; 0x06
    168e:	3f 81       	ldd	r19, Y+7	; 0x07
    1690:	22 30       	cpi	r18, 0x02	; 2
    1692:	31 05       	cpc	r19, r1
    1694:	71 f1       	breq	.+92     	; 0x16f2 <DIO_voidSetPinValue+0xb8>
    1696:	8e 81       	ldd	r24, Y+6	; 0x06
    1698:	9f 81       	ldd	r25, Y+7	; 0x07
    169a:	83 30       	cpi	r24, 0x03	; 3
    169c:	91 05       	cpc	r25, r1
    169e:	e9 f1       	breq	.+122    	; 0x171a <DIO_voidSetPinValue+0xe0>
    16a0:	c7 c0       	rjmp	.+398    	; 0x1830 <DIO_voidSetPinValue+0x1f6>
            {
                case PORTA: SET_BIT(PORTA_REG, Copy_u8Pin); break;
    16a2:	ab e3       	ldi	r26, 0x3B	; 59
    16a4:	b0 e0       	ldi	r27, 0x00	; 0
    16a6:	eb e3       	ldi	r30, 0x3B	; 59
    16a8:	f0 e0       	ldi	r31, 0x00	; 0
    16aa:	80 81       	ld	r24, Z
    16ac:	48 2f       	mov	r20, r24
    16ae:	8a 81       	ldd	r24, Y+2	; 0x02
    16b0:	28 2f       	mov	r18, r24
    16b2:	30 e0       	ldi	r19, 0x00	; 0
    16b4:	81 e0       	ldi	r24, 0x01	; 1
    16b6:	90 e0       	ldi	r25, 0x00	; 0
    16b8:	02 2e       	mov	r0, r18
    16ba:	02 c0       	rjmp	.+4      	; 0x16c0 <DIO_voidSetPinValue+0x86>
    16bc:	88 0f       	add	r24, r24
    16be:	99 1f       	adc	r25, r25
    16c0:	0a 94       	dec	r0
    16c2:	e2 f7       	brpl	.-8      	; 0x16bc <DIO_voidSetPinValue+0x82>
    16c4:	84 2b       	or	r24, r20
    16c6:	8c 93       	st	X, r24
    16c8:	b3 c0       	rjmp	.+358    	; 0x1830 <DIO_voidSetPinValue+0x1f6>
                case PORTB: SET_BIT(PORTB_REG, Copy_u8Pin); break;
    16ca:	a8 e3       	ldi	r26, 0x38	; 56
    16cc:	b0 e0       	ldi	r27, 0x00	; 0
    16ce:	e8 e3       	ldi	r30, 0x38	; 56
    16d0:	f0 e0       	ldi	r31, 0x00	; 0
    16d2:	80 81       	ld	r24, Z
    16d4:	48 2f       	mov	r20, r24
    16d6:	8a 81       	ldd	r24, Y+2	; 0x02
    16d8:	28 2f       	mov	r18, r24
    16da:	30 e0       	ldi	r19, 0x00	; 0
    16dc:	81 e0       	ldi	r24, 0x01	; 1
    16de:	90 e0       	ldi	r25, 0x00	; 0
    16e0:	02 2e       	mov	r0, r18
    16e2:	02 c0       	rjmp	.+4      	; 0x16e8 <DIO_voidSetPinValue+0xae>
    16e4:	88 0f       	add	r24, r24
    16e6:	99 1f       	adc	r25, r25
    16e8:	0a 94       	dec	r0
    16ea:	e2 f7       	brpl	.-8      	; 0x16e4 <DIO_voidSetPinValue+0xaa>
    16ec:	84 2b       	or	r24, r20
    16ee:	8c 93       	st	X, r24
    16f0:	9f c0       	rjmp	.+318    	; 0x1830 <DIO_voidSetPinValue+0x1f6>
                case PORTC: SET_BIT(PORTC_REG, Copy_u8Pin); break;
    16f2:	a5 e3       	ldi	r26, 0x35	; 53
    16f4:	b0 e0       	ldi	r27, 0x00	; 0
    16f6:	e5 e3       	ldi	r30, 0x35	; 53
    16f8:	f0 e0       	ldi	r31, 0x00	; 0
    16fa:	80 81       	ld	r24, Z
    16fc:	48 2f       	mov	r20, r24
    16fe:	8a 81       	ldd	r24, Y+2	; 0x02
    1700:	28 2f       	mov	r18, r24
    1702:	30 e0       	ldi	r19, 0x00	; 0
    1704:	81 e0       	ldi	r24, 0x01	; 1
    1706:	90 e0       	ldi	r25, 0x00	; 0
    1708:	02 2e       	mov	r0, r18
    170a:	02 c0       	rjmp	.+4      	; 0x1710 <DIO_voidSetPinValue+0xd6>
    170c:	88 0f       	add	r24, r24
    170e:	99 1f       	adc	r25, r25
    1710:	0a 94       	dec	r0
    1712:	e2 f7       	brpl	.-8      	; 0x170c <DIO_voidSetPinValue+0xd2>
    1714:	84 2b       	or	r24, r20
    1716:	8c 93       	st	X, r24
    1718:	8b c0       	rjmp	.+278    	; 0x1830 <DIO_voidSetPinValue+0x1f6>
                case PORTD: SET_BIT(PORTD_REG, Copy_u8Pin); break;
    171a:	a2 e3       	ldi	r26, 0x32	; 50
    171c:	b0 e0       	ldi	r27, 0x00	; 0
    171e:	e2 e3       	ldi	r30, 0x32	; 50
    1720:	f0 e0       	ldi	r31, 0x00	; 0
    1722:	80 81       	ld	r24, Z
    1724:	48 2f       	mov	r20, r24
    1726:	8a 81       	ldd	r24, Y+2	; 0x02
    1728:	28 2f       	mov	r18, r24
    172a:	30 e0       	ldi	r19, 0x00	; 0
    172c:	81 e0       	ldi	r24, 0x01	; 1
    172e:	90 e0       	ldi	r25, 0x00	; 0
    1730:	02 2e       	mov	r0, r18
    1732:	02 c0       	rjmp	.+4      	; 0x1738 <DIO_voidSetPinValue+0xfe>
    1734:	88 0f       	add	r24, r24
    1736:	99 1f       	adc	r25, r25
    1738:	0a 94       	dec	r0
    173a:	e2 f7       	brpl	.-8      	; 0x1734 <DIO_voidSetPinValue+0xfa>
    173c:	84 2b       	or	r24, r20
    173e:	8c 93       	st	X, r24
    1740:	77 c0       	rjmp	.+238    	; 0x1830 <DIO_voidSetPinValue+0x1f6>
            }
        }
        else if (Copy_u8Value == 0)
    1742:	8b 81       	ldd	r24, Y+3	; 0x03
    1744:	88 23       	and	r24, r24
    1746:	09 f0       	breq	.+2      	; 0x174a <DIO_voidSetPinValue+0x110>
    1748:	73 c0       	rjmp	.+230    	; 0x1830 <DIO_voidSetPinValue+0x1f6>
        {
            switch (Copy_u8Port)
    174a:	89 81       	ldd	r24, Y+1	; 0x01
    174c:	28 2f       	mov	r18, r24
    174e:	30 e0       	ldi	r19, 0x00	; 0
    1750:	3d 83       	std	Y+5, r19	; 0x05
    1752:	2c 83       	std	Y+4, r18	; 0x04
    1754:	8c 81       	ldd	r24, Y+4	; 0x04
    1756:	9d 81       	ldd	r25, Y+5	; 0x05
    1758:	81 30       	cpi	r24, 0x01	; 1
    175a:	91 05       	cpc	r25, r1
    175c:	59 f1       	breq	.+86     	; 0x17b4 <DIO_voidSetPinValue+0x17a>
    175e:	2c 81       	ldd	r18, Y+4	; 0x04
    1760:	3d 81       	ldd	r19, Y+5	; 0x05
    1762:	22 30       	cpi	r18, 0x02	; 2
    1764:	31 05       	cpc	r19, r1
    1766:	2c f4       	brge	.+10     	; 0x1772 <DIO_voidSetPinValue+0x138>
    1768:	8c 81       	ldd	r24, Y+4	; 0x04
    176a:	9d 81       	ldd	r25, Y+5	; 0x05
    176c:	00 97       	sbiw	r24, 0x00	; 0
    176e:	69 f0       	breq	.+26     	; 0x178a <DIO_voidSetPinValue+0x150>
    1770:	5f c0       	rjmp	.+190    	; 0x1830 <DIO_voidSetPinValue+0x1f6>
    1772:	2c 81       	ldd	r18, Y+4	; 0x04
    1774:	3d 81       	ldd	r19, Y+5	; 0x05
    1776:	22 30       	cpi	r18, 0x02	; 2
    1778:	31 05       	cpc	r19, r1
    177a:	89 f1       	breq	.+98     	; 0x17de <DIO_voidSetPinValue+0x1a4>
    177c:	8c 81       	ldd	r24, Y+4	; 0x04
    177e:	9d 81       	ldd	r25, Y+5	; 0x05
    1780:	83 30       	cpi	r24, 0x03	; 3
    1782:	91 05       	cpc	r25, r1
    1784:	09 f4       	brne	.+2      	; 0x1788 <DIO_voidSetPinValue+0x14e>
    1786:	40 c0       	rjmp	.+128    	; 0x1808 <DIO_voidSetPinValue+0x1ce>
    1788:	53 c0       	rjmp	.+166    	; 0x1830 <DIO_voidSetPinValue+0x1f6>
            {
                case PORTA: CLR_BIT(PORTA_REG, Copy_u8Pin); break;
    178a:	ab e3       	ldi	r26, 0x3B	; 59
    178c:	b0 e0       	ldi	r27, 0x00	; 0
    178e:	eb e3       	ldi	r30, 0x3B	; 59
    1790:	f0 e0       	ldi	r31, 0x00	; 0
    1792:	80 81       	ld	r24, Z
    1794:	48 2f       	mov	r20, r24
    1796:	8a 81       	ldd	r24, Y+2	; 0x02
    1798:	28 2f       	mov	r18, r24
    179a:	30 e0       	ldi	r19, 0x00	; 0
    179c:	81 e0       	ldi	r24, 0x01	; 1
    179e:	90 e0       	ldi	r25, 0x00	; 0
    17a0:	02 2e       	mov	r0, r18
    17a2:	02 c0       	rjmp	.+4      	; 0x17a8 <DIO_voidSetPinValue+0x16e>
    17a4:	88 0f       	add	r24, r24
    17a6:	99 1f       	adc	r25, r25
    17a8:	0a 94       	dec	r0
    17aa:	e2 f7       	brpl	.-8      	; 0x17a4 <DIO_voidSetPinValue+0x16a>
    17ac:	80 95       	com	r24
    17ae:	84 23       	and	r24, r20
    17b0:	8c 93       	st	X, r24
    17b2:	3e c0       	rjmp	.+124    	; 0x1830 <DIO_voidSetPinValue+0x1f6>
                case PORTB: CLR_BIT(PORTB_REG, Copy_u8Pin); break;
    17b4:	a8 e3       	ldi	r26, 0x38	; 56
    17b6:	b0 e0       	ldi	r27, 0x00	; 0
    17b8:	e8 e3       	ldi	r30, 0x38	; 56
    17ba:	f0 e0       	ldi	r31, 0x00	; 0
    17bc:	80 81       	ld	r24, Z
    17be:	48 2f       	mov	r20, r24
    17c0:	8a 81       	ldd	r24, Y+2	; 0x02
    17c2:	28 2f       	mov	r18, r24
    17c4:	30 e0       	ldi	r19, 0x00	; 0
    17c6:	81 e0       	ldi	r24, 0x01	; 1
    17c8:	90 e0       	ldi	r25, 0x00	; 0
    17ca:	02 2e       	mov	r0, r18
    17cc:	02 c0       	rjmp	.+4      	; 0x17d2 <DIO_voidSetPinValue+0x198>
    17ce:	88 0f       	add	r24, r24
    17d0:	99 1f       	adc	r25, r25
    17d2:	0a 94       	dec	r0
    17d4:	e2 f7       	brpl	.-8      	; 0x17ce <DIO_voidSetPinValue+0x194>
    17d6:	80 95       	com	r24
    17d8:	84 23       	and	r24, r20
    17da:	8c 93       	st	X, r24
    17dc:	29 c0       	rjmp	.+82     	; 0x1830 <DIO_voidSetPinValue+0x1f6>
                case PORTC: CLR_BIT(PORTC_REG, Copy_u8Pin); break;
    17de:	a5 e3       	ldi	r26, 0x35	; 53
    17e0:	b0 e0       	ldi	r27, 0x00	; 0
    17e2:	e5 e3       	ldi	r30, 0x35	; 53
    17e4:	f0 e0       	ldi	r31, 0x00	; 0
    17e6:	80 81       	ld	r24, Z
    17e8:	48 2f       	mov	r20, r24
    17ea:	8a 81       	ldd	r24, Y+2	; 0x02
    17ec:	28 2f       	mov	r18, r24
    17ee:	30 e0       	ldi	r19, 0x00	; 0
    17f0:	81 e0       	ldi	r24, 0x01	; 1
    17f2:	90 e0       	ldi	r25, 0x00	; 0
    17f4:	02 2e       	mov	r0, r18
    17f6:	02 c0       	rjmp	.+4      	; 0x17fc <DIO_voidSetPinValue+0x1c2>
    17f8:	88 0f       	add	r24, r24
    17fa:	99 1f       	adc	r25, r25
    17fc:	0a 94       	dec	r0
    17fe:	e2 f7       	brpl	.-8      	; 0x17f8 <DIO_voidSetPinValue+0x1be>
    1800:	80 95       	com	r24
    1802:	84 23       	and	r24, r20
    1804:	8c 93       	st	X, r24
    1806:	14 c0       	rjmp	.+40     	; 0x1830 <DIO_voidSetPinValue+0x1f6>
                case PORTD: CLR_BIT(PORTD_REG, Copy_u8Pin); break;
    1808:	a2 e3       	ldi	r26, 0x32	; 50
    180a:	b0 e0       	ldi	r27, 0x00	; 0
    180c:	e2 e3       	ldi	r30, 0x32	; 50
    180e:	f0 e0       	ldi	r31, 0x00	; 0
    1810:	80 81       	ld	r24, Z
    1812:	48 2f       	mov	r20, r24
    1814:	8a 81       	ldd	r24, Y+2	; 0x02
    1816:	28 2f       	mov	r18, r24
    1818:	30 e0       	ldi	r19, 0x00	; 0
    181a:	81 e0       	ldi	r24, 0x01	; 1
    181c:	90 e0       	ldi	r25, 0x00	; 0
    181e:	02 2e       	mov	r0, r18
    1820:	02 c0       	rjmp	.+4      	; 0x1826 <DIO_voidSetPinValue+0x1ec>
    1822:	88 0f       	add	r24, r24
    1824:	99 1f       	adc	r25, r25
    1826:	0a 94       	dec	r0
    1828:	e2 f7       	brpl	.-8      	; 0x1822 <DIO_voidSetPinValue+0x1e8>
    182a:	80 95       	com	r24
    182c:	84 23       	and	r24, r20
    182e:	8c 93       	st	X, r24
            }
        }
    }
}
    1830:	27 96       	adiw	r28, 0x07	; 7
    1832:	0f b6       	in	r0, 0x3f	; 63
    1834:	f8 94       	cli
    1836:	de bf       	out	0x3e, r29	; 62
    1838:	0f be       	out	0x3f, r0	; 63
    183a:	cd bf       	out	0x3d, r28	; 61
    183c:	cf 91       	pop	r28
    183e:	df 91       	pop	r29
    1840:	08 95       	ret

00001842 <DIO_u8GetPinValue>:
u8 DIO_u8GetPinValue(u8 Copy_u8Port, u8 Copy_u8Pin)
{
    1842:	df 93       	push	r29
    1844:	cf 93       	push	r28
    1846:	00 d0       	rcall	.+0      	; 0x1848 <DIO_u8GetPinValue+0x6>
    1848:	00 d0       	rcall	.+0      	; 0x184a <DIO_u8GetPinValue+0x8>
    184a:	0f 92       	push	r0
    184c:	cd b7       	in	r28, 0x3d	; 61
    184e:	de b7       	in	r29, 0x3e	; 62
    1850:	8a 83       	std	Y+2, r24	; 0x02
    1852:	6b 83       	std	Y+3, r22	; 0x03
    u8 Local_u8Result = 0;
    1854:	19 82       	std	Y+1, r1	; 0x01
    if (Copy_u8Pin <= 7)
    1856:	8b 81       	ldd	r24, Y+3	; 0x03
    1858:	88 30       	cpi	r24, 0x08	; 8
    185a:	08 f0       	brcs	.+2      	; 0x185e <DIO_u8GetPinValue+0x1c>
    185c:	99 c0       	rjmp	.+306    	; 0x1990 <DIO_u8GetPinValue+0x14e>
    {
        switch (Copy_u8Port)
    185e:	8a 81       	ldd	r24, Y+2	; 0x02
    1860:	28 2f       	mov	r18, r24
    1862:	30 e0       	ldi	r19, 0x00	; 0
    1864:	3d 83       	std	Y+5, r19	; 0x05
    1866:	2c 83       	std	Y+4, r18	; 0x04
    1868:	4c 81       	ldd	r20, Y+4	; 0x04
    186a:	5d 81       	ldd	r21, Y+5	; 0x05
    186c:	41 30       	cpi	r20, 0x01	; 1
    186e:	51 05       	cpc	r21, r1
    1870:	b1 f1       	breq	.+108    	; 0x18de <DIO_u8GetPinValue+0x9c>
    1872:	8c 81       	ldd	r24, Y+4	; 0x04
    1874:	9d 81       	ldd	r25, Y+5	; 0x05
    1876:	82 30       	cpi	r24, 0x02	; 2
    1878:	91 05       	cpc	r25, r1
    187a:	34 f4       	brge	.+12     	; 0x1888 <DIO_u8GetPinValue+0x46>
    187c:	2c 81       	ldd	r18, Y+4	; 0x04
    187e:	3d 81       	ldd	r19, Y+5	; 0x05
    1880:	21 15       	cp	r18, r1
    1882:	31 05       	cpc	r19, r1
    1884:	71 f0       	breq	.+28     	; 0x18a2 <DIO_u8GetPinValue+0x60>
    1886:	84 c0       	rjmp	.+264    	; 0x1990 <DIO_u8GetPinValue+0x14e>
    1888:	4c 81       	ldd	r20, Y+4	; 0x04
    188a:	5d 81       	ldd	r21, Y+5	; 0x05
    188c:	42 30       	cpi	r20, 0x02	; 2
    188e:	51 05       	cpc	r21, r1
    1890:	09 f4       	brne	.+2      	; 0x1894 <DIO_u8GetPinValue+0x52>
    1892:	43 c0       	rjmp	.+134    	; 0x191a <DIO_u8GetPinValue+0xd8>
    1894:	8c 81       	ldd	r24, Y+4	; 0x04
    1896:	9d 81       	ldd	r25, Y+5	; 0x05
    1898:	83 30       	cpi	r24, 0x03	; 3
    189a:	91 05       	cpc	r25, r1
    189c:	09 f4       	brne	.+2      	; 0x18a0 <DIO_u8GetPinValue+0x5e>
    189e:	5b c0       	rjmp	.+182    	; 0x1956 <DIO_u8GetPinValue+0x114>
    18a0:	77 c0       	rjmp	.+238    	; 0x1990 <DIO_u8GetPinValue+0x14e>
        {
            case PORTA: Local_u8Result = GET_BIT(PINA_REG, Copy_u8Pin); break;
    18a2:	e9 e3       	ldi	r30, 0x39	; 57
    18a4:	f0 e0       	ldi	r31, 0x00	; 0
    18a6:	80 81       	ld	r24, Z
    18a8:	48 2f       	mov	r20, r24
    18aa:	50 e0       	ldi	r21, 0x00	; 0
    18ac:	8b 81       	ldd	r24, Y+3	; 0x03
    18ae:	28 2f       	mov	r18, r24
    18b0:	30 e0       	ldi	r19, 0x00	; 0
    18b2:	81 e0       	ldi	r24, 0x01	; 1
    18b4:	90 e0       	ldi	r25, 0x00	; 0
    18b6:	02 c0       	rjmp	.+4      	; 0x18bc <DIO_u8GetPinValue+0x7a>
    18b8:	88 0f       	add	r24, r24
    18ba:	99 1f       	adc	r25, r25
    18bc:	2a 95       	dec	r18
    18be:	e2 f7       	brpl	.-8      	; 0x18b8 <DIO_u8GetPinValue+0x76>
    18c0:	9a 01       	movw	r18, r20
    18c2:	28 23       	and	r18, r24
    18c4:	39 23       	and	r19, r25
    18c6:	8b 81       	ldd	r24, Y+3	; 0x03
    18c8:	88 2f       	mov	r24, r24
    18ca:	90 e0       	ldi	r25, 0x00	; 0
    18cc:	a9 01       	movw	r20, r18
    18ce:	02 c0       	rjmp	.+4      	; 0x18d4 <DIO_u8GetPinValue+0x92>
    18d0:	55 95       	asr	r21
    18d2:	47 95       	ror	r20
    18d4:	8a 95       	dec	r24
    18d6:	e2 f7       	brpl	.-8      	; 0x18d0 <DIO_u8GetPinValue+0x8e>
    18d8:	ca 01       	movw	r24, r20
    18da:	89 83       	std	Y+1, r24	; 0x01
    18dc:	59 c0       	rjmp	.+178    	; 0x1990 <DIO_u8GetPinValue+0x14e>
            case PORTB: Local_u8Result = GET_BIT(PINB_REG, Copy_u8Pin); break;
    18de:	e6 e3       	ldi	r30, 0x36	; 54
    18e0:	f0 e0       	ldi	r31, 0x00	; 0
    18e2:	80 81       	ld	r24, Z
    18e4:	48 2f       	mov	r20, r24
    18e6:	50 e0       	ldi	r21, 0x00	; 0
    18e8:	8b 81       	ldd	r24, Y+3	; 0x03
    18ea:	28 2f       	mov	r18, r24
    18ec:	30 e0       	ldi	r19, 0x00	; 0
    18ee:	81 e0       	ldi	r24, 0x01	; 1
    18f0:	90 e0       	ldi	r25, 0x00	; 0
    18f2:	02 c0       	rjmp	.+4      	; 0x18f8 <DIO_u8GetPinValue+0xb6>
    18f4:	88 0f       	add	r24, r24
    18f6:	99 1f       	adc	r25, r25
    18f8:	2a 95       	dec	r18
    18fa:	e2 f7       	brpl	.-8      	; 0x18f4 <DIO_u8GetPinValue+0xb2>
    18fc:	9a 01       	movw	r18, r20
    18fe:	28 23       	and	r18, r24
    1900:	39 23       	and	r19, r25
    1902:	8b 81       	ldd	r24, Y+3	; 0x03
    1904:	88 2f       	mov	r24, r24
    1906:	90 e0       	ldi	r25, 0x00	; 0
    1908:	a9 01       	movw	r20, r18
    190a:	02 c0       	rjmp	.+4      	; 0x1910 <DIO_u8GetPinValue+0xce>
    190c:	55 95       	asr	r21
    190e:	47 95       	ror	r20
    1910:	8a 95       	dec	r24
    1912:	e2 f7       	brpl	.-8      	; 0x190c <DIO_u8GetPinValue+0xca>
    1914:	ca 01       	movw	r24, r20
    1916:	89 83       	std	Y+1, r24	; 0x01
    1918:	3b c0       	rjmp	.+118    	; 0x1990 <DIO_u8GetPinValue+0x14e>
            case PORTC: Local_u8Result = GET_BIT(PINC_REG, Copy_u8Pin); break;
    191a:	e3 e3       	ldi	r30, 0x33	; 51
    191c:	f0 e0       	ldi	r31, 0x00	; 0
    191e:	80 81       	ld	r24, Z
    1920:	48 2f       	mov	r20, r24
    1922:	50 e0       	ldi	r21, 0x00	; 0
    1924:	8b 81       	ldd	r24, Y+3	; 0x03
    1926:	28 2f       	mov	r18, r24
    1928:	30 e0       	ldi	r19, 0x00	; 0
    192a:	81 e0       	ldi	r24, 0x01	; 1
    192c:	90 e0       	ldi	r25, 0x00	; 0
    192e:	02 c0       	rjmp	.+4      	; 0x1934 <DIO_u8GetPinValue+0xf2>
    1930:	88 0f       	add	r24, r24
    1932:	99 1f       	adc	r25, r25
    1934:	2a 95       	dec	r18
    1936:	e2 f7       	brpl	.-8      	; 0x1930 <DIO_u8GetPinValue+0xee>
    1938:	9a 01       	movw	r18, r20
    193a:	28 23       	and	r18, r24
    193c:	39 23       	and	r19, r25
    193e:	8b 81       	ldd	r24, Y+3	; 0x03
    1940:	88 2f       	mov	r24, r24
    1942:	90 e0       	ldi	r25, 0x00	; 0
    1944:	a9 01       	movw	r20, r18
    1946:	02 c0       	rjmp	.+4      	; 0x194c <DIO_u8GetPinValue+0x10a>
    1948:	55 95       	asr	r21
    194a:	47 95       	ror	r20
    194c:	8a 95       	dec	r24
    194e:	e2 f7       	brpl	.-8      	; 0x1948 <DIO_u8GetPinValue+0x106>
    1950:	ca 01       	movw	r24, r20
    1952:	89 83       	std	Y+1, r24	; 0x01
    1954:	1d c0       	rjmp	.+58     	; 0x1990 <DIO_u8GetPinValue+0x14e>
            case PORTD: Local_u8Result = GET_BIT(PIND_REG, Copy_u8Pin); break;
    1956:	e0 e3       	ldi	r30, 0x30	; 48
    1958:	f0 e0       	ldi	r31, 0x00	; 0
    195a:	80 81       	ld	r24, Z
    195c:	48 2f       	mov	r20, r24
    195e:	50 e0       	ldi	r21, 0x00	; 0
    1960:	8b 81       	ldd	r24, Y+3	; 0x03
    1962:	28 2f       	mov	r18, r24
    1964:	30 e0       	ldi	r19, 0x00	; 0
    1966:	81 e0       	ldi	r24, 0x01	; 1
    1968:	90 e0       	ldi	r25, 0x00	; 0
    196a:	02 c0       	rjmp	.+4      	; 0x1970 <DIO_u8GetPinValue+0x12e>
    196c:	88 0f       	add	r24, r24
    196e:	99 1f       	adc	r25, r25
    1970:	2a 95       	dec	r18
    1972:	e2 f7       	brpl	.-8      	; 0x196c <DIO_u8GetPinValue+0x12a>
    1974:	9a 01       	movw	r18, r20
    1976:	28 23       	and	r18, r24
    1978:	39 23       	and	r19, r25
    197a:	8b 81       	ldd	r24, Y+3	; 0x03
    197c:	88 2f       	mov	r24, r24
    197e:	90 e0       	ldi	r25, 0x00	; 0
    1980:	a9 01       	movw	r20, r18
    1982:	02 c0       	rjmp	.+4      	; 0x1988 <DIO_u8GetPinValue+0x146>
    1984:	55 95       	asr	r21
    1986:	47 95       	ror	r20
    1988:	8a 95       	dec	r24
    198a:	e2 f7       	brpl	.-8      	; 0x1984 <DIO_u8GetPinValue+0x142>
    198c:	ca 01       	movw	r24, r20
    198e:	89 83       	std	Y+1, r24	; 0x01
        }
    }
    return Local_u8Result;
    1990:	89 81       	ldd	r24, Y+1	; 0x01
}
    1992:	0f 90       	pop	r0
    1994:	0f 90       	pop	r0
    1996:	0f 90       	pop	r0
    1998:	0f 90       	pop	r0
    199a:	0f 90       	pop	r0
    199c:	cf 91       	pop	r28
    199e:	df 91       	pop	r29
    19a0:	08 95       	ret

000019a2 <DIO_voidSetPortDirection>:
void DIO_voidSetPortDirection(u8 Copy_u8Port, u8 Copy_u8Direction)
{
    19a2:	df 93       	push	r29
    19a4:	cf 93       	push	r28
    19a6:	00 d0       	rcall	.+0      	; 0x19a8 <DIO_voidSetPortDirection+0x6>
    19a8:	00 d0       	rcall	.+0      	; 0x19aa <DIO_voidSetPortDirection+0x8>
    19aa:	cd b7       	in	r28, 0x3d	; 61
    19ac:	de b7       	in	r29, 0x3e	; 62
    19ae:	89 83       	std	Y+1, r24	; 0x01
    19b0:	6a 83       	std	Y+2, r22	; 0x02
    switch (Copy_u8Port)
    19b2:	89 81       	ldd	r24, Y+1	; 0x01
    19b4:	28 2f       	mov	r18, r24
    19b6:	30 e0       	ldi	r19, 0x00	; 0
    19b8:	3c 83       	std	Y+4, r19	; 0x04
    19ba:	2b 83       	std	Y+3, r18	; 0x03
    19bc:	8b 81       	ldd	r24, Y+3	; 0x03
    19be:	9c 81       	ldd	r25, Y+4	; 0x04
    19c0:	81 30       	cpi	r24, 0x01	; 1
    19c2:	91 05       	cpc	r25, r1
    19c4:	d1 f0       	breq	.+52     	; 0x19fa <DIO_voidSetPortDirection+0x58>
    19c6:	2b 81       	ldd	r18, Y+3	; 0x03
    19c8:	3c 81       	ldd	r19, Y+4	; 0x04
    19ca:	22 30       	cpi	r18, 0x02	; 2
    19cc:	31 05       	cpc	r19, r1
    19ce:	2c f4       	brge	.+10     	; 0x19da <DIO_voidSetPortDirection+0x38>
    19d0:	8b 81       	ldd	r24, Y+3	; 0x03
    19d2:	9c 81       	ldd	r25, Y+4	; 0x04
    19d4:	00 97       	sbiw	r24, 0x00	; 0
    19d6:	61 f0       	breq	.+24     	; 0x19f0 <DIO_voidSetPortDirection+0x4e>
    19d8:	1e c0       	rjmp	.+60     	; 0x1a16 <DIO_voidSetPortDirection+0x74>
    19da:	2b 81       	ldd	r18, Y+3	; 0x03
    19dc:	3c 81       	ldd	r19, Y+4	; 0x04
    19de:	22 30       	cpi	r18, 0x02	; 2
    19e0:	31 05       	cpc	r19, r1
    19e2:	81 f0       	breq	.+32     	; 0x1a04 <DIO_voidSetPortDirection+0x62>
    19e4:	8b 81       	ldd	r24, Y+3	; 0x03
    19e6:	9c 81       	ldd	r25, Y+4	; 0x04
    19e8:	83 30       	cpi	r24, 0x03	; 3
    19ea:	91 05       	cpc	r25, r1
    19ec:	81 f0       	breq	.+32     	; 0x1a0e <DIO_voidSetPortDirection+0x6c>
    19ee:	13 c0       	rjmp	.+38     	; 0x1a16 <DIO_voidSetPortDirection+0x74>
    {
        case PORTA: DDRA_REG = Copy_u8Direction; break;
    19f0:	ea e3       	ldi	r30, 0x3A	; 58
    19f2:	f0 e0       	ldi	r31, 0x00	; 0
    19f4:	8a 81       	ldd	r24, Y+2	; 0x02
    19f6:	80 83       	st	Z, r24
    19f8:	0e c0       	rjmp	.+28     	; 0x1a16 <DIO_voidSetPortDirection+0x74>
        case PORTB: DDRB_REG = Copy_u8Direction; break;
    19fa:	e7 e3       	ldi	r30, 0x37	; 55
    19fc:	f0 e0       	ldi	r31, 0x00	; 0
    19fe:	8a 81       	ldd	r24, Y+2	; 0x02
    1a00:	80 83       	st	Z, r24
    1a02:	09 c0       	rjmp	.+18     	; 0x1a16 <DIO_voidSetPortDirection+0x74>
        case PORTC: DDRC_REG = Copy_u8Direction; break;
    1a04:	e4 e3       	ldi	r30, 0x34	; 52
    1a06:	f0 e0       	ldi	r31, 0x00	; 0
    1a08:	8a 81       	ldd	r24, Y+2	; 0x02
    1a0a:	80 83       	st	Z, r24
    1a0c:	04 c0       	rjmp	.+8      	; 0x1a16 <DIO_voidSetPortDirection+0x74>
        case PORTD: DDRD_REG = Copy_u8Direction; break;
    1a0e:	e1 e3       	ldi	r30, 0x31	; 49
    1a10:	f0 e0       	ldi	r31, 0x00	; 0
    1a12:	8a 81       	ldd	r24, Y+2	; 0x02
    1a14:	80 83       	st	Z, r24
    }
}
    1a16:	0f 90       	pop	r0
    1a18:	0f 90       	pop	r0
    1a1a:	0f 90       	pop	r0
    1a1c:	0f 90       	pop	r0
    1a1e:	cf 91       	pop	r28
    1a20:	df 91       	pop	r29
    1a22:	08 95       	ret

00001a24 <DIO_voidSetPortValue>:

void DIO_voidSetPortValue(u8 Copy_u8Port, u8 Copy_u8Value)
{
    1a24:	df 93       	push	r29
    1a26:	cf 93       	push	r28
    1a28:	00 d0       	rcall	.+0      	; 0x1a2a <DIO_voidSetPortValue+0x6>
    1a2a:	00 d0       	rcall	.+0      	; 0x1a2c <DIO_voidSetPortValue+0x8>
    1a2c:	cd b7       	in	r28, 0x3d	; 61
    1a2e:	de b7       	in	r29, 0x3e	; 62
    1a30:	89 83       	std	Y+1, r24	; 0x01
    1a32:	6a 83       	std	Y+2, r22	; 0x02
    switch (Copy_u8Port)
    1a34:	89 81       	ldd	r24, Y+1	; 0x01
    1a36:	28 2f       	mov	r18, r24
    1a38:	30 e0       	ldi	r19, 0x00	; 0
    1a3a:	3c 83       	std	Y+4, r19	; 0x04
    1a3c:	2b 83       	std	Y+3, r18	; 0x03
    1a3e:	8b 81       	ldd	r24, Y+3	; 0x03
    1a40:	9c 81       	ldd	r25, Y+4	; 0x04
    1a42:	81 30       	cpi	r24, 0x01	; 1
    1a44:	91 05       	cpc	r25, r1
    1a46:	d1 f0       	breq	.+52     	; 0x1a7c <DIO_voidSetPortValue+0x58>
    1a48:	2b 81       	ldd	r18, Y+3	; 0x03
    1a4a:	3c 81       	ldd	r19, Y+4	; 0x04
    1a4c:	22 30       	cpi	r18, 0x02	; 2
    1a4e:	31 05       	cpc	r19, r1
    1a50:	2c f4       	brge	.+10     	; 0x1a5c <DIO_voidSetPortValue+0x38>
    1a52:	8b 81       	ldd	r24, Y+3	; 0x03
    1a54:	9c 81       	ldd	r25, Y+4	; 0x04
    1a56:	00 97       	sbiw	r24, 0x00	; 0
    1a58:	61 f0       	breq	.+24     	; 0x1a72 <DIO_voidSetPortValue+0x4e>
    1a5a:	1e c0       	rjmp	.+60     	; 0x1a98 <DIO_voidSetPortValue+0x74>
    1a5c:	2b 81       	ldd	r18, Y+3	; 0x03
    1a5e:	3c 81       	ldd	r19, Y+4	; 0x04
    1a60:	22 30       	cpi	r18, 0x02	; 2
    1a62:	31 05       	cpc	r19, r1
    1a64:	81 f0       	breq	.+32     	; 0x1a86 <DIO_voidSetPortValue+0x62>
    1a66:	8b 81       	ldd	r24, Y+3	; 0x03
    1a68:	9c 81       	ldd	r25, Y+4	; 0x04
    1a6a:	83 30       	cpi	r24, 0x03	; 3
    1a6c:	91 05       	cpc	r25, r1
    1a6e:	81 f0       	breq	.+32     	; 0x1a90 <DIO_voidSetPortValue+0x6c>
    1a70:	13 c0       	rjmp	.+38     	; 0x1a98 <DIO_voidSetPortValue+0x74>
    {
        case PORTA: PORTA_REG = Copy_u8Value; break;
    1a72:	eb e3       	ldi	r30, 0x3B	; 59
    1a74:	f0 e0       	ldi	r31, 0x00	; 0
    1a76:	8a 81       	ldd	r24, Y+2	; 0x02
    1a78:	80 83       	st	Z, r24
    1a7a:	0e c0       	rjmp	.+28     	; 0x1a98 <DIO_voidSetPortValue+0x74>
        case PORTB: PORTB_REG = Copy_u8Value; break;
    1a7c:	e8 e3       	ldi	r30, 0x38	; 56
    1a7e:	f0 e0       	ldi	r31, 0x00	; 0
    1a80:	8a 81       	ldd	r24, Y+2	; 0x02
    1a82:	80 83       	st	Z, r24
    1a84:	09 c0       	rjmp	.+18     	; 0x1a98 <DIO_voidSetPortValue+0x74>
        case PORTC: PORTC_REG = Copy_u8Value; break;
    1a86:	e5 e3       	ldi	r30, 0x35	; 53
    1a88:	f0 e0       	ldi	r31, 0x00	; 0
    1a8a:	8a 81       	ldd	r24, Y+2	; 0x02
    1a8c:	80 83       	st	Z, r24
    1a8e:	04 c0       	rjmp	.+8      	; 0x1a98 <DIO_voidSetPortValue+0x74>
        case PORTD: PORTD_REG = Copy_u8Value; break;
    1a90:	e2 e3       	ldi	r30, 0x32	; 50
    1a92:	f0 e0       	ldi	r31, 0x00	; 0
    1a94:	8a 81       	ldd	r24, Y+2	; 0x02
    1a96:	80 83       	st	Z, r24
    }
}
    1a98:	0f 90       	pop	r0
    1a9a:	0f 90       	pop	r0
    1a9c:	0f 90       	pop	r0
    1a9e:	0f 90       	pop	r0
    1aa0:	cf 91       	pop	r28
    1aa2:	df 91       	pop	r29
    1aa4:	08 95       	ret

00001aa6 <ADC_voidInit>:
#include "ADC_interface.h"
#include "ADC_private.h"
#include "ADC_config.h"

void ADC_voidInit(void)
{
    1aa6:	df 93       	push	r29
    1aa8:	cf 93       	push	r28
    1aaa:	cd b7       	in	r28, 0x3d	; 61
    1aac:	de b7       	in	r29, 0x3e	; 62

#if ADC_VREF == AVCC

    SET_BIT(ADMUX,REFS0);
    1aae:	a7 e2       	ldi	r26, 0x27	; 39
    1ab0:	b0 e0       	ldi	r27, 0x00	; 0
    1ab2:	e7 e2       	ldi	r30, 0x27	; 39
    1ab4:	f0 e0       	ldi	r31, 0x00	; 0
    1ab6:	80 81       	ld	r24, Z
    1ab8:	80 64       	ori	r24, 0x40	; 64
    1aba:	8c 93       	st	X, r24
    CLR_BIT(ADMUX,REFS1);
    1abc:	a7 e2       	ldi	r26, 0x27	; 39
    1abe:	b0 e0       	ldi	r27, 0x00	; 0
    1ac0:	e7 e2       	ldi	r30, 0x27	; 39
    1ac2:	f0 e0       	ldi	r31, 0x00	; 0
    1ac4:	80 81       	ld	r24, Z
    1ac6:	8f 77       	andi	r24, 0x7F	; 127
    1ac8:	8c 93       	st	X, r24
    CLR_BIT(ADMUX,REFS1);

#endif

    /* Right Adjust */
    CLR_BIT(ADMUX,ADLAR);
    1aca:	a7 e2       	ldi	r26, 0x27	; 39
    1acc:	b0 e0       	ldi	r27, 0x00	; 0
    1ace:	e7 e2       	ldi	r30, 0x27	; 39
    1ad0:	f0 e0       	ldi	r31, 0x00	; 0
    1ad2:	80 81       	ld	r24, Z
    1ad4:	8f 7d       	andi	r24, 0xDF	; 223
    1ad6:	8c 93       	st	X, r24

    /* Prescaler = 128 */
    SET_BIT(ADCSRA,0);
    1ad8:	a6 e2       	ldi	r26, 0x26	; 38
    1ada:	b0 e0       	ldi	r27, 0x00	; 0
    1adc:	e6 e2       	ldi	r30, 0x26	; 38
    1ade:	f0 e0       	ldi	r31, 0x00	; 0
    1ae0:	80 81       	ld	r24, Z
    1ae2:	81 60       	ori	r24, 0x01	; 1
    1ae4:	8c 93       	st	X, r24
    SET_BIT(ADCSRA,1);
    1ae6:	a6 e2       	ldi	r26, 0x26	; 38
    1ae8:	b0 e0       	ldi	r27, 0x00	; 0
    1aea:	e6 e2       	ldi	r30, 0x26	; 38
    1aec:	f0 e0       	ldi	r31, 0x00	; 0
    1aee:	80 81       	ld	r24, Z
    1af0:	82 60       	ori	r24, 0x02	; 2
    1af2:	8c 93       	st	X, r24
    SET_BIT(ADCSRA,2);
    1af4:	a6 e2       	ldi	r26, 0x26	; 38
    1af6:	b0 e0       	ldi	r27, 0x00	; 0
    1af8:	e6 e2       	ldi	r30, 0x26	; 38
    1afa:	f0 e0       	ldi	r31, 0x00	; 0
    1afc:	80 81       	ld	r24, Z
    1afe:	84 60       	ori	r24, 0x04	; 4
    1b00:	8c 93       	st	X, r24

    /* Enable ADC */
    SET_BIT(ADCSRA,ADEN);
    1b02:	a6 e2       	ldi	r26, 0x26	; 38
    1b04:	b0 e0       	ldi	r27, 0x00	; 0
    1b06:	e6 e2       	ldi	r30, 0x26	; 38
    1b08:	f0 e0       	ldi	r31, 0x00	; 0
    1b0a:	80 81       	ld	r24, Z
    1b0c:	80 68       	ori	r24, 0x80	; 128
    1b0e:	8c 93       	st	X, r24
}
    1b10:	cf 91       	pop	r28
    1b12:	df 91       	pop	r29
    1b14:	08 95       	ret

00001b16 <ADC_u16ReadChannel>:


u16 ADC_u16ReadChannel(u8 Copy_u8Channel)
{
    1b16:	df 93       	push	r29
    1b18:	cf 93       	push	r28
    1b1a:	00 d0       	rcall	.+0      	; 0x1b1c <ADC_u16ReadChannel+0x6>
    1b1c:	0f 92       	push	r0
    1b1e:	cd b7       	in	r28, 0x3d	; 61
    1b20:	de b7       	in	r29, 0x3e	; 62
    1b22:	8b 83       	std	Y+3, r24	; 0x03
    u16 Local_u16Result;

    /* Select Channel */
    ADMUX &= 0b11100000;
    1b24:	a7 e2       	ldi	r26, 0x27	; 39
    1b26:	b0 e0       	ldi	r27, 0x00	; 0
    1b28:	e7 e2       	ldi	r30, 0x27	; 39
    1b2a:	f0 e0       	ldi	r31, 0x00	; 0
    1b2c:	80 81       	ld	r24, Z
    1b2e:	80 7e       	andi	r24, 0xE0	; 224
    1b30:	8c 93       	st	X, r24
    ADMUX |= Copy_u8Channel;
    1b32:	a7 e2       	ldi	r26, 0x27	; 39
    1b34:	b0 e0       	ldi	r27, 0x00	; 0
    1b36:	e7 e2       	ldi	r30, 0x27	; 39
    1b38:	f0 e0       	ldi	r31, 0x00	; 0
    1b3a:	90 81       	ld	r25, Z
    1b3c:	8b 81       	ldd	r24, Y+3	; 0x03
    1b3e:	89 2b       	or	r24, r25
    1b40:	8c 93       	st	X, r24

    /* Start Conversion */
    SET_BIT(ADCSRA,ADSC);
    1b42:	a6 e2       	ldi	r26, 0x26	; 38
    1b44:	b0 e0       	ldi	r27, 0x00	; 0
    1b46:	e6 e2       	ldi	r30, 0x26	; 38
    1b48:	f0 e0       	ldi	r31, 0x00	; 0
    1b4a:	80 81       	ld	r24, Z
    1b4c:	80 64       	ori	r24, 0x40	; 64
    1b4e:	8c 93       	st	X, r24

    /* Wait Until Finish */
    while(GET_BIT(ADCSRA,ADIF)==0);
    1b50:	e6 e2       	ldi	r30, 0x26	; 38
    1b52:	f0 e0       	ldi	r31, 0x00	; 0
    1b54:	80 81       	ld	r24, Z
    1b56:	88 2f       	mov	r24, r24
    1b58:	90 e0       	ldi	r25, 0x00	; 0
    1b5a:	80 71       	andi	r24, 0x10	; 16
    1b5c:	90 70       	andi	r25, 0x00	; 0
    1b5e:	95 95       	asr	r25
    1b60:	87 95       	ror	r24
    1b62:	95 95       	asr	r25
    1b64:	87 95       	ror	r24
    1b66:	95 95       	asr	r25
    1b68:	87 95       	ror	r24
    1b6a:	95 95       	asr	r25
    1b6c:	87 95       	ror	r24
    1b6e:	00 97       	sbiw	r24, 0x00	; 0
    1b70:	79 f3       	breq	.-34     	; 0x1b50 <ADC_u16ReadChannel+0x3a>

    /* Clear Flag */
    SET_BIT(ADCSRA,ADIF);
    1b72:	a6 e2       	ldi	r26, 0x26	; 38
    1b74:	b0 e0       	ldi	r27, 0x00	; 0
    1b76:	e6 e2       	ldi	r30, 0x26	; 38
    1b78:	f0 e0       	ldi	r31, 0x00	; 0
    1b7a:	80 81       	ld	r24, Z
    1b7c:	80 61       	ori	r24, 0x10	; 16
    1b7e:	8c 93       	st	X, r24

    /* Read Result */

    Local_u16Result = ADCL;
    1b80:	e4 e2       	ldi	r30, 0x24	; 36
    1b82:	f0 e0       	ldi	r31, 0x00	; 0
    1b84:	80 81       	ld	r24, Z
    1b86:	88 2f       	mov	r24, r24
    1b88:	90 e0       	ldi	r25, 0x00	; 0
    1b8a:	9a 83       	std	Y+2, r25	; 0x02
    1b8c:	89 83       	std	Y+1, r24	; 0x01
    Local_u16Result |= (ADCH<<8);
    1b8e:	e5 e2       	ldi	r30, 0x25	; 37
    1b90:	f0 e0       	ldi	r31, 0x00	; 0
    1b92:	80 81       	ld	r24, Z
    1b94:	88 2f       	mov	r24, r24
    1b96:	90 e0       	ldi	r25, 0x00	; 0
    1b98:	98 2f       	mov	r25, r24
    1b9a:	88 27       	eor	r24, r24
    1b9c:	9c 01       	movw	r18, r24
    1b9e:	89 81       	ldd	r24, Y+1	; 0x01
    1ba0:	9a 81       	ldd	r25, Y+2	; 0x02
    1ba2:	82 2b       	or	r24, r18
    1ba4:	93 2b       	or	r25, r19
    1ba6:	9a 83       	std	Y+2, r25	; 0x02
    1ba8:	89 83       	std	Y+1, r24	; 0x01

    return Local_u16Result;
    1baa:	89 81       	ldd	r24, Y+1	; 0x01
    1bac:	9a 81       	ldd	r25, Y+2	; 0x02
    1bae:	0f 90       	pop	r0
    1bb0:	0f 90       	pop	r0
    1bb2:	0f 90       	pop	r0
    1bb4:	cf 91       	pop	r28
    1bb6:	df 91       	pop	r29
    1bb8:	08 95       	ret

00001bba <LCD_voidInit>:

#include <util/delay.h>


void LCD_voidInit(void)
{
    1bba:	df 93       	push	r29
    1bbc:	cf 93       	push	r28
    1bbe:	cd b7       	in	r28, 0x3d	; 61
    1bc0:	de b7       	in	r29, 0x3e	; 62
    1bc2:	e8 97       	sbiw	r28, 0x38	; 56
    1bc4:	0f b6       	in	r0, 0x3f	; 63
    1bc6:	f8 94       	cli
    1bc8:	de bf       	out	0x3e, r29	; 62
    1bca:	0f be       	out	0x3f, r0	; 63
    1bcc:	cd bf       	out	0x3d, r28	; 61
	/* Set Data Port as Output */
	DIO_voidSetPortDirection(LCD_DATA_PORT, 0xFF);
    1bce:	83 e0       	ldi	r24, 0x03	; 3
    1bd0:	6f ef       	ldi	r22, 0xFF	; 255
    1bd2:	0e 94 d1 0c 	call	0x19a2	; 0x19a2 <DIO_voidSetPortDirection>

	/* Set Control Pins as Output */
	DIO_voidSetPinDirection(LCD_RS_PORT, LCD_RS_PIN, OUTPUT);
    1bd6:	81 e0       	ldi	r24, 0x01	; 1
    1bd8:	60 e0       	ldi	r22, 0x00	; 0
    1bda:	41 e0       	ldi	r20, 0x01	; 1
    1bdc:	0e 94 19 0a 	call	0x1432	; 0x1432 <DIO_voidSetPinDirection>
	DIO_voidSetPinDirection(LCD_RW_PORT, LCD_RW_PIN, OUTPUT);
    1be0:	81 e0       	ldi	r24, 0x01	; 1
    1be2:	61 e0       	ldi	r22, 0x01	; 1
    1be4:	41 e0       	ldi	r20, 0x01	; 1
    1be6:	0e 94 19 0a 	call	0x1432	; 0x1432 <DIO_voidSetPinDirection>
	DIO_voidSetPinDirection(LCD_EN_PORT, LCD_EN_PIN, OUTPUT);
    1bea:	81 e0       	ldi	r24, 0x01	; 1
    1bec:	62 e0       	ldi	r22, 0x02	; 2
    1bee:	41 e0       	ldi	r20, 0x01	; 1
    1bf0:	0e 94 19 0a 	call	0x1432	; 0x1432 <DIO_voidSetPinDirection>
    1bf4:	80 e0       	ldi	r24, 0x00	; 0
    1bf6:	90 e0       	ldi	r25, 0x00	; 0
    1bf8:	a0 ef       	ldi	r26, 0xF0	; 240
    1bfa:	b1 e4       	ldi	r27, 0x41	; 65
    1bfc:	8d ab       	std	Y+53, r24	; 0x35
    1bfe:	9e ab       	std	Y+54, r25	; 0x36
    1c00:	af ab       	std	Y+55, r26	; 0x37
    1c02:	b8 af       	std	Y+56, r27	; 0x38
 */
void
_delay_ms(double __ms)
{
	uint16_t __ticks;
	double __tmp = ((F_CPU) / 4e3) * __ms;
    1c04:	6d a9       	ldd	r22, Y+53	; 0x35
    1c06:	7e a9       	ldd	r23, Y+54	; 0x36
    1c08:	8f a9       	ldd	r24, Y+55	; 0x37
    1c0a:	98 ad       	ldd	r25, Y+56	; 0x38
    1c0c:	20 e0       	ldi	r18, 0x00	; 0
    1c0e:	30 e0       	ldi	r19, 0x00	; 0
    1c10:	4a ef       	ldi	r20, 0xFA	; 250
    1c12:	54 e4       	ldi	r21, 0x44	; 68
    1c14:	0e 94 1f 02 	call	0x43e	; 0x43e <__mulsf3>
    1c18:	dc 01       	movw	r26, r24
    1c1a:	cb 01       	movw	r24, r22
    1c1c:	89 ab       	std	Y+49, r24	; 0x31
    1c1e:	9a ab       	std	Y+50, r25	; 0x32
    1c20:	ab ab       	std	Y+51, r26	; 0x33
    1c22:	bc ab       	std	Y+52, r27	; 0x34
	if (__tmp < 1.0)
    1c24:	69 a9       	ldd	r22, Y+49	; 0x31
    1c26:	7a a9       	ldd	r23, Y+50	; 0x32
    1c28:	8b a9       	ldd	r24, Y+51	; 0x33
    1c2a:	9c a9       	ldd	r25, Y+52	; 0x34
    1c2c:	20 e0       	ldi	r18, 0x00	; 0
    1c2e:	30 e0       	ldi	r19, 0x00	; 0
    1c30:	40 e8       	ldi	r20, 0x80	; 128
    1c32:	5f e3       	ldi	r21, 0x3F	; 63
    1c34:	0e 94 79 03 	call	0x6f2	; 0x6f2 <__ltsf2>
    1c38:	88 23       	and	r24, r24
    1c3a:	2c f4       	brge	.+10     	; 0x1c46 <LCD_voidInit+0x8c>
		__ticks = 1;
    1c3c:	81 e0       	ldi	r24, 0x01	; 1
    1c3e:	90 e0       	ldi	r25, 0x00	; 0
    1c40:	98 ab       	std	Y+48, r25	; 0x30
    1c42:	8f a7       	std	Y+47, r24	; 0x2f
    1c44:	3f c0       	rjmp	.+126    	; 0x1cc4 <LCD_voidInit+0x10a>
	else if (__tmp > 65535)
    1c46:	69 a9       	ldd	r22, Y+49	; 0x31
    1c48:	7a a9       	ldd	r23, Y+50	; 0x32
    1c4a:	8b a9       	ldd	r24, Y+51	; 0x33
    1c4c:	9c a9       	ldd	r25, Y+52	; 0x34
    1c4e:	20 e0       	ldi	r18, 0x00	; 0
    1c50:	3f ef       	ldi	r19, 0xFF	; 255
    1c52:	4f e7       	ldi	r20, 0x7F	; 127
    1c54:	57 e4       	ldi	r21, 0x47	; 71
    1c56:	0e 94 19 03 	call	0x632	; 0x632 <__gtsf2>
    1c5a:	18 16       	cp	r1, r24
    1c5c:	4c f5       	brge	.+82     	; 0x1cb0 <LCD_voidInit+0xf6>
	{
		//	__ticks = requested delay in 1/10 ms
		__ticks = (uint16_t) (__ms * 10.0);
    1c5e:	6d a9       	ldd	r22, Y+53	; 0x35
    1c60:	7e a9       	ldd	r23, Y+54	; 0x36
    1c62:	8f a9       	ldd	r24, Y+55	; 0x37
    1c64:	98 ad       	ldd	r25, Y+56	; 0x38
    1c66:	20 e0       	ldi	r18, 0x00	; 0
    1c68:	30 e0       	ldi	r19, 0x00	; 0
    1c6a:	40 e2       	ldi	r20, 0x20	; 32
    1c6c:	51 e4       	ldi	r21, 0x41	; 65
    1c6e:	0e 94 1f 02 	call	0x43e	; 0x43e <__mulsf3>
    1c72:	dc 01       	movw	r26, r24
    1c74:	cb 01       	movw	r24, r22
    1c76:	bc 01       	movw	r22, r24
    1c78:	cd 01       	movw	r24, r26
    1c7a:	0e 94 49 00 	call	0x92	; 0x92 <__fixunssfsi>
    1c7e:	dc 01       	movw	r26, r24
    1c80:	cb 01       	movw	r24, r22
    1c82:	98 ab       	std	Y+48, r25	; 0x30
    1c84:	8f a7       	std	Y+47, r24	; 0x2f
    1c86:	0f c0       	rjmp	.+30     	; 0x1ca6 <LCD_voidInit+0xec>
    1c88:	88 ec       	ldi	r24, 0xC8	; 200
    1c8a:	90 e0       	ldi	r25, 0x00	; 0
    1c8c:	9e a7       	std	Y+46, r25	; 0x2e
    1c8e:	8d a7       	std	Y+45, r24	; 0x2d
    milliseconds can be achieved.
 */
void
_delay_loop_2(uint16_t __count)
{
	__asm__ volatile (
    1c90:	8d a5       	ldd	r24, Y+45	; 0x2d
    1c92:	9e a5       	ldd	r25, Y+46	; 0x2e
    1c94:	01 97       	sbiw	r24, 0x01	; 1
    1c96:	f1 f7       	brne	.-4      	; 0x1c94 <LCD_voidInit+0xda>
    1c98:	9e a7       	std	Y+46, r25	; 0x2e
    1c9a:	8d a7       	std	Y+45, r24	; 0x2d
		while(__ticks)
		{
			// wait 1/10 ms
			_delay_loop_2(((F_CPU) / 4e3) / 10);
			__ticks --;
    1c9c:	8f a5       	ldd	r24, Y+47	; 0x2f
    1c9e:	98 a9       	ldd	r25, Y+48	; 0x30
    1ca0:	01 97       	sbiw	r24, 0x01	; 1
    1ca2:	98 ab       	std	Y+48, r25	; 0x30
    1ca4:	8f a7       	std	Y+47, r24	; 0x2f
		__ticks = 1;
	else if (__tmp > 65535)
	{
		//	__ticks = requested delay in 1/10 ms
		__ticks = (uint16_t) (__ms * 10.0);
		while(__ticks)
    1ca6:	8f a5       	ldd	r24, Y+47	; 0x2f
    1ca8:	98 a9       	ldd	r25, Y+48	; 0x30
    1caa:	00 97       	sbiw	r24, 0x00	; 0
    1cac:	69 f7       	brne	.-38     	; 0x1c88 <LCD_voidInit+0xce>
    1cae:	14 c0       	rjmp	.+40     	; 0x1cd8 <LCD_voidInit+0x11e>
			__ticks --;
		}
		return;
	}
	else
		__ticks = (uint16_t)__tmp;
    1cb0:	69 a9       	ldd	r22, Y+49	; 0x31
    1cb2:	7a a9       	ldd	r23, Y+50	; 0x32
    1cb4:	8b a9       	ldd	r24, Y+51	; 0x33
    1cb6:	9c a9       	ldd	r25, Y+52	; 0x34
    1cb8:	0e 94 49 00 	call	0x92	; 0x92 <__fixunssfsi>
    1cbc:	dc 01       	movw	r26, r24
    1cbe:	cb 01       	movw	r24, r22
    1cc0:	98 ab       	std	Y+48, r25	; 0x30
    1cc2:	8f a7       	std	Y+47, r24	; 0x2f
    1cc4:	8f a5       	ldd	r24, Y+47	; 0x2f
    1cc6:	98 a9       	ldd	r25, Y+48	; 0x30
    1cc8:	9c a7       	std	Y+44, r25	; 0x2c
    1cca:	8b a7       	std	Y+43, r24	; 0x2b
    1ccc:	8b a5       	ldd	r24, Y+43	; 0x2b
    1cce:	9c a5       	ldd	r25, Y+44	; 0x2c
    1cd0:	01 97       	sbiw	r24, 0x01	; 1
    1cd2:	f1 f7       	brne	.-4      	; 0x1cd0 <LCD_voidInit+0x116>
    1cd4:	9c a7       	std	Y+44, r25	; 0x2c
    1cd6:	8b a7       	std	Y+43, r24	; 0x2b


	/* LCD Initialization Sequence */
	_delay_ms(30);

	LCD_voidSendCommand(LCD_8BIT_MODE);
    1cd8:	88 e3       	ldi	r24, 0x38	; 56
    1cda:	0e 94 d7 0f 	call	0x1fae	; 0x1fae <LCD_voidSendCommand>
    1cde:	80 e0       	ldi	r24, 0x00	; 0
    1ce0:	90 e0       	ldi	r25, 0x00	; 0
    1ce2:	a0 ea       	ldi	r26, 0xA0	; 160
    1ce4:	b0 e4       	ldi	r27, 0x40	; 64
    1ce6:	8f a3       	std	Y+39, r24	; 0x27
    1ce8:	98 a7       	std	Y+40, r25	; 0x28
    1cea:	a9 a7       	std	Y+41, r26	; 0x29
    1cec:	ba a7       	std	Y+42, r27	; 0x2a
 */
void
_delay_ms(double __ms)
{
	uint16_t __ticks;
	double __tmp = ((F_CPU) / 4e3) * __ms;
    1cee:	6f a1       	ldd	r22, Y+39	; 0x27
    1cf0:	78 a5       	ldd	r23, Y+40	; 0x28
    1cf2:	89 a5       	ldd	r24, Y+41	; 0x29
    1cf4:	9a a5       	ldd	r25, Y+42	; 0x2a
    1cf6:	20 e0       	ldi	r18, 0x00	; 0
    1cf8:	30 e0       	ldi	r19, 0x00	; 0
    1cfa:	4a ef       	ldi	r20, 0xFA	; 250
    1cfc:	54 e4       	ldi	r21, 0x44	; 68
    1cfe:	0e 94 1f 02 	call	0x43e	; 0x43e <__mulsf3>
    1d02:	dc 01       	movw	r26, r24
    1d04:	cb 01       	movw	r24, r22
    1d06:	8b a3       	std	Y+35, r24	; 0x23
    1d08:	9c a3       	std	Y+36, r25	; 0x24
    1d0a:	ad a3       	std	Y+37, r26	; 0x25
    1d0c:	be a3       	std	Y+38, r27	; 0x26
	if (__tmp < 1.0)
    1d0e:	6b a1       	ldd	r22, Y+35	; 0x23
    1d10:	7c a1       	ldd	r23, Y+36	; 0x24
    1d12:	8d a1       	ldd	r24, Y+37	; 0x25
    1d14:	9e a1       	ldd	r25, Y+38	; 0x26
    1d16:	20 e0       	ldi	r18, 0x00	; 0
    1d18:	30 e0       	ldi	r19, 0x00	; 0
    1d1a:	40 e8       	ldi	r20, 0x80	; 128
    1d1c:	5f e3       	ldi	r21, 0x3F	; 63
    1d1e:	0e 94 79 03 	call	0x6f2	; 0x6f2 <__ltsf2>
    1d22:	88 23       	and	r24, r24
    1d24:	2c f4       	brge	.+10     	; 0x1d30 <LCD_voidInit+0x176>
		__ticks = 1;
    1d26:	81 e0       	ldi	r24, 0x01	; 1
    1d28:	90 e0       	ldi	r25, 0x00	; 0
    1d2a:	9a a3       	std	Y+34, r25	; 0x22
    1d2c:	89 a3       	std	Y+33, r24	; 0x21
    1d2e:	3f c0       	rjmp	.+126    	; 0x1dae <LCD_voidInit+0x1f4>
	else if (__tmp > 65535)
    1d30:	6b a1       	ldd	r22, Y+35	; 0x23
    1d32:	7c a1       	ldd	r23, Y+36	; 0x24
    1d34:	8d a1       	ldd	r24, Y+37	; 0x25
    1d36:	9e a1       	ldd	r25, Y+38	; 0x26
    1d38:	20 e0       	ldi	r18, 0x00	; 0
    1d3a:	3f ef       	ldi	r19, 0xFF	; 255
    1d3c:	4f e7       	ldi	r20, 0x7F	; 127
    1d3e:	57 e4       	ldi	r21, 0x47	; 71
    1d40:	0e 94 19 03 	call	0x632	; 0x632 <__gtsf2>
    1d44:	18 16       	cp	r1, r24
    1d46:	4c f5       	brge	.+82     	; 0x1d9a <LCD_voidInit+0x1e0>
	{
		//	__ticks = requested delay in 1/10 ms
		__ticks = (uint16_t) (__ms * 10.0);
    1d48:	6f a1       	ldd	r22, Y+39	; 0x27
    1d4a:	78 a5       	ldd	r23, Y+40	; 0x28
    1d4c:	89 a5       	ldd	r24, Y+41	; 0x29
    1d4e:	9a a5       	ldd	r25, Y+42	; 0x2a
    1d50:	20 e0       	ldi	r18, 0x00	; 0
    1d52:	30 e0       	ldi	r19, 0x00	; 0
    1d54:	40 e2       	ldi	r20, 0x20	; 32
    1d56:	51 e4       	ldi	r21, 0x41	; 65
    1d58:	0e 94 1f 02 	call	0x43e	; 0x43e <__mulsf3>
    1d5c:	dc 01       	movw	r26, r24
    1d5e:	cb 01       	movw	r24, r22
    1d60:	bc 01       	movw	r22, r24
    1d62:	cd 01       	movw	r24, r26
    1d64:	0e 94 49 00 	call	0x92	; 0x92 <__fixunssfsi>
    1d68:	dc 01       	movw	r26, r24
    1d6a:	cb 01       	movw	r24, r22
    1d6c:	9a a3       	std	Y+34, r25	; 0x22
    1d6e:	89 a3       	std	Y+33, r24	; 0x21
    1d70:	0f c0       	rjmp	.+30     	; 0x1d90 <LCD_voidInit+0x1d6>
    1d72:	88 ec       	ldi	r24, 0xC8	; 200
    1d74:	90 e0       	ldi	r25, 0x00	; 0
    1d76:	98 a3       	std	Y+32, r25	; 0x20
    1d78:	8f 8f       	std	Y+31, r24	; 0x1f
    1d7a:	8f 8d       	ldd	r24, Y+31	; 0x1f
    1d7c:	98 a1       	ldd	r25, Y+32	; 0x20
    1d7e:	01 97       	sbiw	r24, 0x01	; 1
    1d80:	f1 f7       	brne	.-4      	; 0x1d7e <LCD_voidInit+0x1c4>
    1d82:	98 a3       	std	Y+32, r25	; 0x20
    1d84:	8f 8f       	std	Y+31, r24	; 0x1f
		while(__ticks)
		{
			// wait 1/10 ms
			_delay_loop_2(((F_CPU) / 4e3) / 10);
			__ticks --;
    1d86:	89 a1       	ldd	r24, Y+33	; 0x21
    1d88:	9a a1       	ldd	r25, Y+34	; 0x22
    1d8a:	01 97       	sbiw	r24, 0x01	; 1
    1d8c:	9a a3       	std	Y+34, r25	; 0x22
    1d8e:	89 a3       	std	Y+33, r24	; 0x21
		__ticks = 1;
	else if (__tmp > 65535)
	{
		//	__ticks = requested delay in 1/10 ms
		__ticks = (uint16_t) (__ms * 10.0);
		while(__ticks)
    1d90:	89 a1       	ldd	r24, Y+33	; 0x21
    1d92:	9a a1       	ldd	r25, Y+34	; 0x22
    1d94:	00 97       	sbiw	r24, 0x00	; 0
    1d96:	69 f7       	brne	.-38     	; 0x1d72 <LCD_voidInit+0x1b8>
    1d98:	14 c0       	rjmp	.+40     	; 0x1dc2 <LCD_voidInit+0x208>
			__ticks --;
		}
		return;
	}
	else
		__ticks = (uint16_t)__tmp;
    1d9a:	6b a1       	ldd	r22, Y+35	; 0x23
    1d9c:	7c a1       	ldd	r23, Y+36	; 0x24
    1d9e:	8d a1       	ldd	r24, Y+37	; 0x25
    1da0:	9e a1       	ldd	r25, Y+38	; 0x26
    1da2:	0e 94 49 00 	call	0x92	; 0x92 <__fixunssfsi>
    1da6:	dc 01       	movw	r26, r24
    1da8:	cb 01       	movw	r24, r22
    1daa:	9a a3       	std	Y+34, r25	; 0x22
    1dac:	89 a3       	std	Y+33, r24	; 0x21
    1dae:	89 a1       	ldd	r24, Y+33	; 0x21
    1db0:	9a a1       	ldd	r25, Y+34	; 0x22
    1db2:	9e 8f       	std	Y+30, r25	; 0x1e
    1db4:	8d 8f       	std	Y+29, r24	; 0x1d
    1db6:	8d 8d       	ldd	r24, Y+29	; 0x1d
    1db8:	9e 8d       	ldd	r25, Y+30	; 0x1e
    1dba:	01 97       	sbiw	r24, 0x01	; 1
    1dbc:	f1 f7       	brne	.-4      	; 0x1dba <LCD_voidInit+0x200>
    1dbe:	9e 8f       	std	Y+30, r25	; 0x1e
    1dc0:	8d 8f       	std	Y+29, r24	; 0x1d
	_delay_ms(5);

	LCD_voidSendCommand(LCD_DISPLAY_ON);
    1dc2:	8c e0       	ldi	r24, 0x0C	; 12
    1dc4:	0e 94 d7 0f 	call	0x1fae	; 0x1fae <LCD_voidSendCommand>
    1dc8:	80 e0       	ldi	r24, 0x00	; 0
    1dca:	90 e0       	ldi	r25, 0x00	; 0
    1dcc:	a0 ea       	ldi	r26, 0xA0	; 160
    1dce:	b0 e4       	ldi	r27, 0x40	; 64
    1dd0:	89 8f       	std	Y+25, r24	; 0x19
    1dd2:	9a 8f       	std	Y+26, r25	; 0x1a
    1dd4:	ab 8f       	std	Y+27, r26	; 0x1b
    1dd6:	bc 8f       	std	Y+28, r27	; 0x1c
 */
void
_delay_ms(double __ms)
{
	uint16_t __ticks;
	double __tmp = ((F_CPU) / 4e3) * __ms;
    1dd8:	69 8d       	ldd	r22, Y+25	; 0x19
    1dda:	7a 8d       	ldd	r23, Y+26	; 0x1a
    1ddc:	8b 8d       	ldd	r24, Y+27	; 0x1b
    1dde:	9c 8d       	ldd	r25, Y+28	; 0x1c
    1de0:	20 e0       	ldi	r18, 0x00	; 0
    1de2:	30 e0       	ldi	r19, 0x00	; 0
    1de4:	4a ef       	ldi	r20, 0xFA	; 250
    1de6:	54 e4       	ldi	r21, 0x44	; 68
    1de8:	0e 94 1f 02 	call	0x43e	; 0x43e <__mulsf3>
    1dec:	dc 01       	movw	r26, r24
    1dee:	cb 01       	movw	r24, r22
    1df0:	8d 8b       	std	Y+21, r24	; 0x15
    1df2:	9e 8b       	std	Y+22, r25	; 0x16
    1df4:	af 8b       	std	Y+23, r26	; 0x17
    1df6:	b8 8f       	std	Y+24, r27	; 0x18
	if (__tmp < 1.0)
    1df8:	6d 89       	ldd	r22, Y+21	; 0x15
    1dfa:	7e 89       	ldd	r23, Y+22	; 0x16
    1dfc:	8f 89       	ldd	r24, Y+23	; 0x17
    1dfe:	98 8d       	ldd	r25, Y+24	; 0x18
    1e00:	20 e0       	ldi	r18, 0x00	; 0
    1e02:	30 e0       	ldi	r19, 0x00	; 0
    1e04:	40 e8       	ldi	r20, 0x80	; 128
    1e06:	5f e3       	ldi	r21, 0x3F	; 63
    1e08:	0e 94 79 03 	call	0x6f2	; 0x6f2 <__ltsf2>
    1e0c:	88 23       	and	r24, r24
    1e0e:	2c f4       	brge	.+10     	; 0x1e1a <LCD_voidInit+0x260>
		__ticks = 1;
    1e10:	81 e0       	ldi	r24, 0x01	; 1
    1e12:	90 e0       	ldi	r25, 0x00	; 0
    1e14:	9c 8b       	std	Y+20, r25	; 0x14
    1e16:	8b 8b       	std	Y+19, r24	; 0x13
    1e18:	3f c0       	rjmp	.+126    	; 0x1e98 <LCD_voidInit+0x2de>
	else if (__tmp > 65535)
    1e1a:	6d 89       	ldd	r22, Y+21	; 0x15
    1e1c:	7e 89       	ldd	r23, Y+22	; 0x16
    1e1e:	8f 89       	ldd	r24, Y+23	; 0x17
    1e20:	98 8d       	ldd	r25, Y+24	; 0x18
    1e22:	20 e0       	ldi	r18, 0x00	; 0
    1e24:	3f ef       	ldi	r19, 0xFF	; 255
    1e26:	4f e7       	ldi	r20, 0x7F	; 127
    1e28:	57 e4       	ldi	r21, 0x47	; 71
    1e2a:	0e 94 19 03 	call	0x632	; 0x632 <__gtsf2>
    1e2e:	18 16       	cp	r1, r24
    1e30:	4c f5       	brge	.+82     	; 0x1e84 <LCD_voidInit+0x2ca>
	{
		//	__ticks = requested delay in 1/10 ms
		__ticks = (uint16_t) (__ms * 10.0);
    1e32:	69 8d       	ldd	r22, Y+25	; 0x19
    1e34:	7a 8d       	ldd	r23, Y+26	; 0x1a
    1e36:	8b 8d       	ldd	r24, Y+27	; 0x1b
    1e38:	9c 8d       	ldd	r25, Y+28	; 0x1c
    1e3a:	20 e0       	ldi	r18, 0x00	; 0
    1e3c:	30 e0       	ldi	r19, 0x00	; 0
    1e3e:	40 e2       	ldi	r20, 0x20	; 32
    1e40:	51 e4       	ldi	r21, 0x41	; 65
    1e42:	0e 94 1f 02 	call	0x43e	; 0x43e <__mulsf3>
    1e46:	dc 01       	movw	r26, r24
    1e48:	cb 01       	movw	r24, r22
    1e4a:	bc 01       	movw	r22, r24
    1e4c:	cd 01       	movw	r24, r26
    1e4e:	0e 94 49 00 	call	0x92	; 0x92 <__fixunssfsi>
    1e52:	dc 01       	movw	r26, r24
    1e54:	cb 01       	movw	r24, r22
    1e56:	9c 8b       	std	Y+20, r25	; 0x14
    1e58:	8b 8b       	std	Y+19, r24	; 0x13
    1e5a:	0f c0       	rjmp	.+30     	; 0x1e7a <LCD_voidInit+0x2c0>
    1e5c:	88 ec       	ldi	r24, 0xC8	; 200
    1e5e:	90 e0       	ldi	r25, 0x00	; 0
    1e60:	9a 8b       	std	Y+18, r25	; 0x12
    1e62:	89 8b       	std	Y+17, r24	; 0x11
    1e64:	89 89       	ldd	r24, Y+17	; 0x11
    1e66:	9a 89       	ldd	r25, Y+18	; 0x12
    1e68:	01 97       	sbiw	r24, 0x01	; 1
    1e6a:	f1 f7       	brne	.-4      	; 0x1e68 <LCD_voidInit+0x2ae>
    1e6c:	9a 8b       	std	Y+18, r25	; 0x12
    1e6e:	89 8b       	std	Y+17, r24	; 0x11
		while(__ticks)
		{
			// wait 1/10 ms
			_delay_loop_2(((F_CPU) / 4e3) / 10);
			__ticks --;
    1e70:	8b 89       	ldd	r24, Y+19	; 0x13
    1e72:	9c 89       	ldd	r25, Y+20	; 0x14
    1e74:	01 97       	sbiw	r24, 0x01	; 1
    1e76:	9c 8b       	std	Y+20, r25	; 0x14
    1e78:	8b 8b       	std	Y+19, r24	; 0x13
		__ticks = 1;
	else if (__tmp > 65535)
	{
		//	__ticks = requested delay in 1/10 ms
		__ticks = (uint16_t) (__ms * 10.0);
		while(__ticks)
    1e7a:	8b 89       	ldd	r24, Y+19	; 0x13
    1e7c:	9c 89       	ldd	r25, Y+20	; 0x14
    1e7e:	00 97       	sbiw	r24, 0x00	; 0
    1e80:	69 f7       	brne	.-38     	; 0x1e5c <LCD_voidInit+0x2a2>
    1e82:	14 c0       	rjmp	.+40     	; 0x1eac <LCD_voidInit+0x2f2>
			__ticks --;
		}
		return;
	}
	else
		__ticks = (uint16_t)__tmp;
    1e84:	6d 89       	ldd	r22, Y+21	; 0x15
    1e86:	7e 89       	ldd	r23, Y+22	; 0x16
    1e88:	8f 89       	ldd	r24, Y+23	; 0x17
    1e8a:	98 8d       	ldd	r25, Y+24	; 0x18
    1e8c:	0e 94 49 00 	call	0x92	; 0x92 <__fixunssfsi>
    1e90:	dc 01       	movw	r26, r24
    1e92:	cb 01       	movw	r24, r22
    1e94:	9c 8b       	std	Y+20, r25	; 0x14
    1e96:	8b 8b       	std	Y+19, r24	; 0x13
    1e98:	8b 89       	ldd	r24, Y+19	; 0x13
    1e9a:	9c 89       	ldd	r25, Y+20	; 0x14
    1e9c:	98 8b       	std	Y+16, r25	; 0x10
    1e9e:	8f 87       	std	Y+15, r24	; 0x0f
    1ea0:	8f 85       	ldd	r24, Y+15	; 0x0f
    1ea2:	98 89       	ldd	r25, Y+16	; 0x10
    1ea4:	01 97       	sbiw	r24, 0x01	; 1
    1ea6:	f1 f7       	brne	.-4      	; 0x1ea4 <LCD_voidInit+0x2ea>
    1ea8:	98 8b       	std	Y+16, r25	; 0x10
    1eaa:	8f 87       	std	Y+15, r24	; 0x0f
	_delay_ms(5);

	LCD_voidSendCommand(LCD_CLEAR_DISPLAY);
    1eac:	81 e0       	ldi	r24, 0x01	; 1
    1eae:	0e 94 d7 0f 	call	0x1fae	; 0x1fae <LCD_voidSendCommand>
    1eb2:	80 e0       	ldi	r24, 0x00	; 0
    1eb4:	90 e0       	ldi	r25, 0x00	; 0
    1eb6:	a0 ea       	ldi	r26, 0xA0	; 160
    1eb8:	b0 e4       	ldi	r27, 0x40	; 64
    1eba:	8b 87       	std	Y+11, r24	; 0x0b
    1ebc:	9c 87       	std	Y+12, r25	; 0x0c
    1ebe:	ad 87       	std	Y+13, r26	; 0x0d
    1ec0:	be 87       	std	Y+14, r27	; 0x0e
 */
void
_delay_ms(double __ms)
{
	uint16_t __ticks;
	double __tmp = ((F_CPU) / 4e3) * __ms;
    1ec2:	6b 85       	ldd	r22, Y+11	; 0x0b
    1ec4:	7c 85       	ldd	r23, Y+12	; 0x0c
    1ec6:	8d 85       	ldd	r24, Y+13	; 0x0d
    1ec8:	9e 85       	ldd	r25, Y+14	; 0x0e
    1eca:	20 e0       	ldi	r18, 0x00	; 0
    1ecc:	30 e0       	ldi	r19, 0x00	; 0
    1ece:	4a ef       	ldi	r20, 0xFA	; 250
    1ed0:	54 e4       	ldi	r21, 0x44	; 68
    1ed2:	0e 94 1f 02 	call	0x43e	; 0x43e <__mulsf3>
    1ed6:	dc 01       	movw	r26, r24
    1ed8:	cb 01       	movw	r24, r22
    1eda:	8f 83       	std	Y+7, r24	; 0x07
    1edc:	98 87       	std	Y+8, r25	; 0x08
    1ede:	a9 87       	std	Y+9, r26	; 0x09
    1ee0:	ba 87       	std	Y+10, r27	; 0x0a
	if (__tmp < 1.0)
    1ee2:	6f 81       	ldd	r22, Y+7	; 0x07
    1ee4:	78 85       	ldd	r23, Y+8	; 0x08
    1ee6:	89 85       	ldd	r24, Y+9	; 0x09
    1ee8:	9a 85       	ldd	r25, Y+10	; 0x0a
    1eea:	20 e0       	ldi	r18, 0x00	; 0
    1eec:	30 e0       	ldi	r19, 0x00	; 0
    1eee:	40 e8       	ldi	r20, 0x80	; 128
    1ef0:	5f e3       	ldi	r21, 0x3F	; 63
    1ef2:	0e 94 79 03 	call	0x6f2	; 0x6f2 <__ltsf2>
    1ef6:	88 23       	and	r24, r24
    1ef8:	2c f4       	brge	.+10     	; 0x1f04 <LCD_voidInit+0x34a>
		__ticks = 1;
    1efa:	81 e0       	ldi	r24, 0x01	; 1
    1efc:	90 e0       	ldi	r25, 0x00	; 0
    1efe:	9e 83       	std	Y+6, r25	; 0x06
    1f00:	8d 83       	std	Y+5, r24	; 0x05
    1f02:	3f c0       	rjmp	.+126    	; 0x1f82 <LCD_voidInit+0x3c8>
	else if (__tmp > 65535)
    1f04:	6f 81       	ldd	r22, Y+7	; 0x07
    1f06:	78 85       	ldd	r23, Y+8	; 0x08
    1f08:	89 85       	ldd	r24, Y+9	; 0x09
    1f0a:	9a 85       	ldd	r25, Y+10	; 0x0a
    1f0c:	20 e0       	ldi	r18, 0x00	; 0
    1f0e:	3f ef       	ldi	r19, 0xFF	; 255
    1f10:	4f e7       	ldi	r20, 0x7F	; 127
    1f12:	57 e4       	ldi	r21, 0x47	; 71
    1f14:	0e 94 19 03 	call	0x632	; 0x632 <__gtsf2>
    1f18:	18 16       	cp	r1, r24
    1f1a:	4c f5       	brge	.+82     	; 0x1f6e <LCD_voidInit+0x3b4>
	{
		//	__ticks = requested delay in 1/10 ms
		__ticks = (uint16_t) (__ms * 10.0);
    1f1c:	6b 85       	ldd	r22, Y+11	; 0x0b
    1f1e:	7c 85       	ldd	r23, Y+12	; 0x0c
    1f20:	8d 85       	ldd	r24, Y+13	; 0x0d
    1f22:	9e 85       	ldd	r25, Y+14	; 0x0e
    1f24:	20 e0       	ldi	r18, 0x00	; 0
    1f26:	30 e0       	ldi	r19, 0x00	; 0
    1f28:	40 e2       	ldi	r20, 0x20	; 32
    1f2a:	51 e4       	ldi	r21, 0x41	; 65
    1f2c:	0e 94 1f 02 	call	0x43e	; 0x43e <__mulsf3>
    1f30:	dc 01       	movw	r26, r24
    1f32:	cb 01       	movw	r24, r22
    1f34:	bc 01       	movw	r22, r24
    1f36:	cd 01       	movw	r24, r26
    1f38:	0e 94 49 00 	call	0x92	; 0x92 <__fixunssfsi>
    1f3c:	dc 01       	movw	r26, r24
    1f3e:	cb 01       	movw	r24, r22
    1f40:	9e 83       	std	Y+6, r25	; 0x06
    1f42:	8d 83       	std	Y+5, r24	; 0x05
    1f44:	0f c0       	rjmp	.+30     	; 0x1f64 <LCD_voidInit+0x3aa>
    1f46:	88 ec       	ldi	r24, 0xC8	; 200
    1f48:	90 e0       	ldi	r25, 0x00	; 0
    1f4a:	9c 83       	std	Y+4, r25	; 0x04
    1f4c:	8b 83       	std	Y+3, r24	; 0x03
    1f4e:	8b 81       	ldd	r24, Y+3	; 0x03
    1f50:	9c 81       	ldd	r25, Y+4	; 0x04
    1f52:	01 97       	sbiw	r24, 0x01	; 1
    1f54:	f1 f7       	brne	.-4      	; 0x1f52 <LCD_voidInit+0x398>
    1f56:	9c 83       	std	Y+4, r25	; 0x04
    1f58:	8b 83       	std	Y+3, r24	; 0x03
		while(__ticks)
		{
			// wait 1/10 ms
			_delay_loop_2(((F_CPU) / 4e3) / 10);
			__ticks --;
    1f5a:	8d 81       	ldd	r24, Y+5	; 0x05
    1f5c:	9e 81       	ldd	r25, Y+6	; 0x06
    1f5e:	01 97       	sbiw	r24, 0x01	; 1
    1f60:	9e 83       	std	Y+6, r25	; 0x06
    1f62:	8d 83       	std	Y+5, r24	; 0x05
		__ticks = 1;
	else if (__tmp > 65535)
	{
		//	__ticks = requested delay in 1/10 ms
		__ticks = (uint16_t) (__ms * 10.0);
		while(__ticks)
    1f64:	8d 81       	ldd	r24, Y+5	; 0x05
    1f66:	9e 81       	ldd	r25, Y+6	; 0x06
    1f68:	00 97       	sbiw	r24, 0x00	; 0
    1f6a:	69 f7       	brne	.-38     	; 0x1f46 <LCD_voidInit+0x38c>
    1f6c:	14 c0       	rjmp	.+40     	; 0x1f96 <LCD_voidInit+0x3dc>
			__ticks --;
		}
		return;
	}
	else
		__ticks = (uint16_t)__tmp;
    1f6e:	6f 81       	ldd	r22, Y+7	; 0x07
    1f70:	78 85       	ldd	r23, Y+8	; 0x08
    1f72:	89 85       	ldd	r24, Y+9	; 0x09
    1f74:	9a 85       	ldd	r25, Y+10	; 0x0a
    1f76:	0e 94 49 00 	call	0x92	; 0x92 <__fixunssfsi>
    1f7a:	dc 01       	movw	r26, r24
    1f7c:	cb 01       	movw	r24, r22
    1f7e:	9e 83       	std	Y+6, r25	; 0x06
    1f80:	8d 83       	std	Y+5, r24	; 0x05
    1f82:	8d 81       	ldd	r24, Y+5	; 0x05
    1f84:	9e 81       	ldd	r25, Y+6	; 0x06
    1f86:	9a 83       	std	Y+2, r25	; 0x02
    1f88:	89 83       	std	Y+1, r24	; 0x01
    1f8a:	89 81       	ldd	r24, Y+1	; 0x01
    1f8c:	9a 81       	ldd	r25, Y+2	; 0x02
    1f8e:	01 97       	sbiw	r24, 0x01	; 1
    1f90:	f1 f7       	brne	.-4      	; 0x1f8e <LCD_voidInit+0x3d4>
    1f92:	9a 83       	std	Y+2, r25	; 0x02
    1f94:	89 83       	std	Y+1, r24	; 0x01
	_delay_ms(5);

	LCD_voidSendCommand(LCD_ENTRY_MODE);
    1f96:	86 e0       	ldi	r24, 0x06	; 6
    1f98:	0e 94 d7 0f 	call	0x1fae	; 0x1fae <LCD_voidSendCommand>
}
    1f9c:	e8 96       	adiw	r28, 0x38	; 56
    1f9e:	0f b6       	in	r0, 0x3f	; 63
    1fa0:	f8 94       	cli
    1fa2:	de bf       	out	0x3e, r29	; 62
    1fa4:	0f be       	out	0x3f, r0	; 63
    1fa6:	cd bf       	out	0x3d, r28	; 61
    1fa8:	cf 91       	pop	r28
    1faa:	df 91       	pop	r29
    1fac:	08 95       	ret

00001fae <LCD_voidSendCommand>:



void LCD_voidSendCommand(u8 Copy_u8Command)
{
    1fae:	df 93       	push	r29
    1fb0:	cf 93       	push	r28
    1fb2:	cd b7       	in	r28, 0x3d	; 61
    1fb4:	de b7       	in	r29, 0x3e	; 62
    1fb6:	6d 97       	sbiw	r28, 0x1d	; 29
    1fb8:	0f b6       	in	r0, 0x3f	; 63
    1fba:	f8 94       	cli
    1fbc:	de bf       	out	0x3e, r29	; 62
    1fbe:	0f be       	out	0x3f, r0	; 63
    1fc0:	cd bf       	out	0x3d, r28	; 61
    1fc2:	8d 8f       	std	Y+29, r24	; 0x1d
	/* RS = 0 (Command) */
	DIO_voidSetPinValue(LCD_RS_PORT, LCD_RS_PIN, LOW);
    1fc4:	81 e0       	ldi	r24, 0x01	; 1
    1fc6:	60 e0       	ldi	r22, 0x00	; 0
    1fc8:	40 e0       	ldi	r20, 0x00	; 0
    1fca:	0e 94 1d 0b 	call	0x163a	; 0x163a <DIO_voidSetPinValue>

	/* RW = 0 (Write) */
	DIO_voidSetPinValue(LCD_RW_PORT, LCD_RW_PIN, LOW);
    1fce:	81 e0       	ldi	r24, 0x01	; 1
    1fd0:	61 e0       	ldi	r22, 0x01	; 1
    1fd2:	40 e0       	ldi	r20, 0x00	; 0
    1fd4:	0e 94 1d 0b 	call	0x163a	; 0x163a <DIO_voidSetPinValue>


	/* Put Command on Data Bus */
	DIO_voidSetPortValue(LCD_DATA_PORT, Copy_u8Command);
    1fd8:	83 e0       	ldi	r24, 0x03	; 3
    1fda:	6d 8d       	ldd	r22, Y+29	; 0x1d
    1fdc:	0e 94 12 0d 	call	0x1a24	; 0x1a24 <DIO_voidSetPortValue>


	/* Enable Pulse */
	DIO_voidSetPinValue(LCD_EN_PORT, LCD_EN_PIN, HIGH);
    1fe0:	81 e0       	ldi	r24, 0x01	; 1
    1fe2:	62 e0       	ldi	r22, 0x02	; 2
    1fe4:	41 e0       	ldi	r20, 0x01	; 1
    1fe6:	0e 94 1d 0b 	call	0x163a	; 0x163a <DIO_voidSetPinValue>
    1fea:	80 e0       	ldi	r24, 0x00	; 0
    1fec:	90 e0       	ldi	r25, 0x00	; 0
    1fee:	a0 e8       	ldi	r26, 0x80	; 128
    1ff0:	bf e3       	ldi	r27, 0x3F	; 63
    1ff2:	89 8f       	std	Y+25, r24	; 0x19
    1ff4:	9a 8f       	std	Y+26, r25	; 0x1a
    1ff6:	ab 8f       	std	Y+27, r26	; 0x1b
    1ff8:	bc 8f       	std	Y+28, r27	; 0x1c
 */
void
_delay_ms(double __ms)
{
	uint16_t __ticks;
	double __tmp = ((F_CPU) / 4e3) * __ms;
    1ffa:	69 8d       	ldd	r22, Y+25	; 0x19
    1ffc:	7a 8d       	ldd	r23, Y+26	; 0x1a
    1ffe:	8b 8d       	ldd	r24, Y+27	; 0x1b
    2000:	9c 8d       	ldd	r25, Y+28	; 0x1c
    2002:	20 e0       	ldi	r18, 0x00	; 0
    2004:	30 e0       	ldi	r19, 0x00	; 0
    2006:	4a ef       	ldi	r20, 0xFA	; 250
    2008:	54 e4       	ldi	r21, 0x44	; 68
    200a:	0e 94 1f 02 	call	0x43e	; 0x43e <__mulsf3>
    200e:	dc 01       	movw	r26, r24
    2010:	cb 01       	movw	r24, r22
    2012:	8d 8b       	std	Y+21, r24	; 0x15
    2014:	9e 8b       	std	Y+22, r25	; 0x16
    2016:	af 8b       	std	Y+23, r26	; 0x17
    2018:	b8 8f       	std	Y+24, r27	; 0x18
	if (__tmp < 1.0)
    201a:	6d 89       	ldd	r22, Y+21	; 0x15
    201c:	7e 89       	ldd	r23, Y+22	; 0x16
    201e:	8f 89       	ldd	r24, Y+23	; 0x17
    2020:	98 8d       	ldd	r25, Y+24	; 0x18
    2022:	20 e0       	ldi	r18, 0x00	; 0
    2024:	30 e0       	ldi	r19, 0x00	; 0
    2026:	40 e8       	ldi	r20, 0x80	; 128
    2028:	5f e3       	ldi	r21, 0x3F	; 63
    202a:	0e 94 79 03 	call	0x6f2	; 0x6f2 <__ltsf2>
    202e:	88 23       	and	r24, r24
    2030:	2c f4       	brge	.+10     	; 0x203c <LCD_voidSendCommand+0x8e>
		__ticks = 1;
    2032:	81 e0       	ldi	r24, 0x01	; 1
    2034:	90 e0       	ldi	r25, 0x00	; 0
    2036:	9c 8b       	std	Y+20, r25	; 0x14
    2038:	8b 8b       	std	Y+19, r24	; 0x13
    203a:	3f c0       	rjmp	.+126    	; 0x20ba <LCD_voidSendCommand+0x10c>
	else if (__tmp > 65535)
    203c:	6d 89       	ldd	r22, Y+21	; 0x15
    203e:	7e 89       	ldd	r23, Y+22	; 0x16
    2040:	8f 89       	ldd	r24, Y+23	; 0x17
    2042:	98 8d       	ldd	r25, Y+24	; 0x18
    2044:	20 e0       	ldi	r18, 0x00	; 0
    2046:	3f ef       	ldi	r19, 0xFF	; 255
    2048:	4f e7       	ldi	r20, 0x7F	; 127
    204a:	57 e4       	ldi	r21, 0x47	; 71
    204c:	0e 94 19 03 	call	0x632	; 0x632 <__gtsf2>
    2050:	18 16       	cp	r1, r24
    2052:	4c f5       	brge	.+82     	; 0x20a6 <LCD_voidSendCommand+0xf8>
	{
		//	__ticks = requested delay in 1/10 ms
		__ticks = (uint16_t) (__ms * 10.0);
    2054:	69 8d       	ldd	r22, Y+25	; 0x19
    2056:	7a 8d       	ldd	r23, Y+26	; 0x1a
    2058:	8b 8d       	ldd	r24, Y+27	; 0x1b
    205a:	9c 8d       	ldd	r25, Y+28	; 0x1c
    205c:	20 e0       	ldi	r18, 0x00	; 0
    205e:	30 e0       	ldi	r19, 0x00	; 0
    2060:	40 e2       	ldi	r20, 0x20	; 32
    2062:	51 e4       	ldi	r21, 0x41	; 65
    2064:	0e 94 1f 02 	call	0x43e	; 0x43e <__mulsf3>
    2068:	dc 01       	movw	r26, r24
    206a:	cb 01       	movw	r24, r22
    206c:	bc 01       	movw	r22, r24
    206e:	cd 01       	movw	r24, r26
    2070:	0e 94 49 00 	call	0x92	; 0x92 <__fixunssfsi>
    2074:	dc 01       	movw	r26, r24
    2076:	cb 01       	movw	r24, r22
    2078:	9c 8b       	std	Y+20, r25	; 0x14
    207a:	8b 8b       	std	Y+19, r24	; 0x13
    207c:	0f c0       	rjmp	.+30     	; 0x209c <LCD_voidSendCommand+0xee>
    207e:	88 ec       	ldi	r24, 0xC8	; 200
    2080:	90 e0       	ldi	r25, 0x00	; 0
    2082:	9a 8b       	std	Y+18, r25	; 0x12
    2084:	89 8b       	std	Y+17, r24	; 0x11
    2086:	89 89       	ldd	r24, Y+17	; 0x11
    2088:	9a 89       	ldd	r25, Y+18	; 0x12
    208a:	01 97       	sbiw	r24, 0x01	; 1
    208c:	f1 f7       	brne	.-4      	; 0x208a <LCD_voidSendCommand+0xdc>
    208e:	9a 8b       	std	Y+18, r25	; 0x12
    2090:	89 8b       	std	Y+17, r24	; 0x11
		while(__ticks)
		{
			// wait 1/10 ms
			_delay_loop_2(((F_CPU) / 4e3) / 10);
			__ticks --;
    2092:	8b 89       	ldd	r24, Y+19	; 0x13
    2094:	9c 89       	ldd	r25, Y+20	; 0x14
    2096:	01 97       	sbiw	r24, 0x01	; 1
    2098:	9c 8b       	std	Y+20, r25	; 0x14
    209a:	8b 8b       	std	Y+19, r24	; 0x13
		__ticks = 1;
	else if (__tmp > 65535)
	{
		//	__ticks = requested delay in 1/10 ms
		__ticks = (uint16_t) (__ms * 10.0);
		while(__ticks)
    209c:	8b 89       	ldd	r24, Y+19	; 0x13
    209e:	9c 89       	ldd	r25, Y+20	; 0x14
    20a0:	00 97       	sbiw	r24, 0x00	; 0
    20a2:	69 f7       	brne	.-38     	; 0x207e <LCD_voidSendCommand+0xd0>
    20a4:	14 c0       	rjmp	.+40     	; 0x20ce <LCD_voidSendCommand+0x120>
			__ticks --;
		}
		return;
	}
	else
		__ticks = (uint16_t)__tmp;
    20a6:	6d 89       	ldd	r22, Y+21	; 0x15
    20a8:	7e 89       	ldd	r23, Y+22	; 0x16
    20aa:	8f 89       	ldd	r24, Y+23	; 0x17
    20ac:	98 8d       	ldd	r25, Y+24	; 0x18
    20ae:	0e 94 49 00 	call	0x92	; 0x92 <__fixunssfsi>
    20b2:	dc 01       	movw	r26, r24
    20b4:	cb 01       	movw	r24, r22
    20b6:	9c 8b       	std	Y+20, r25	; 0x14
    20b8:	8b 8b       	std	Y+19, r24	; 0x13
    20ba:	8b 89       	ldd	r24, Y+19	; 0x13
    20bc:	9c 89       	ldd	r25, Y+20	; 0x14
    20be:	98 8b       	std	Y+16, r25	; 0x10
    20c0:	8f 87       	std	Y+15, r24	; 0x0f
    20c2:	8f 85       	ldd	r24, Y+15	; 0x0f
    20c4:	98 89       	ldd	r25, Y+16	; 0x10
    20c6:	01 97       	sbiw	r24, 0x01	; 1
    20c8:	f1 f7       	brne	.-4      	; 0x20c6 <LCD_voidSendCommand+0x118>
    20ca:	98 8b       	std	Y+16, r25	; 0x10
    20cc:	8f 87       	std	Y+15, r24	; 0x0f
	_delay_ms(1);

	DIO_voidSetPinValue(LCD_EN_PORT, LCD_EN_PIN, LOW);
    20ce:	81 e0       	ldi	r24, 0x01	; 1
    20d0:	62 e0       	ldi	r22, 0x02	; 2
    20d2:	40 e0       	ldi	r20, 0x00	; 0
    20d4:	0e 94 1d 0b 	call	0x163a	; 0x163a <DIO_voidSetPinValue>
    20d8:	80 e0       	ldi	r24, 0x00	; 0
    20da:	90 e0       	ldi	r25, 0x00	; 0
    20dc:	a0 e0       	ldi	r26, 0x00	; 0
    20de:	b0 e4       	ldi	r27, 0x40	; 64
    20e0:	8b 87       	std	Y+11, r24	; 0x0b
    20e2:	9c 87       	std	Y+12, r25	; 0x0c
    20e4:	ad 87       	std	Y+13, r26	; 0x0d
    20e6:	be 87       	std	Y+14, r27	; 0x0e
 */
void
_delay_ms(double __ms)
{
	uint16_t __ticks;
	double __tmp = ((F_CPU) / 4e3) * __ms;
    20e8:	6b 85       	ldd	r22, Y+11	; 0x0b
    20ea:	7c 85       	ldd	r23, Y+12	; 0x0c
    20ec:	8d 85       	ldd	r24, Y+13	; 0x0d
    20ee:	9e 85       	ldd	r25, Y+14	; 0x0e
    20f0:	20 e0       	ldi	r18, 0x00	; 0
    20f2:	30 e0       	ldi	r19, 0x00	; 0
    20f4:	4a ef       	ldi	r20, 0xFA	; 250
    20f6:	54 e4       	ldi	r21, 0x44	; 68
    20f8:	0e 94 1f 02 	call	0x43e	; 0x43e <__mulsf3>
    20fc:	dc 01       	movw	r26, r24
    20fe:	cb 01       	movw	r24, r22
    2100:	8f 83       	std	Y+7, r24	; 0x07
    2102:	98 87       	std	Y+8, r25	; 0x08
    2104:	a9 87       	std	Y+9, r26	; 0x09
    2106:	ba 87       	std	Y+10, r27	; 0x0a
	if (__tmp < 1.0)
    2108:	6f 81       	ldd	r22, Y+7	; 0x07
    210a:	78 85       	ldd	r23, Y+8	; 0x08
    210c:	89 85       	ldd	r24, Y+9	; 0x09
    210e:	9a 85       	ldd	r25, Y+10	; 0x0a
    2110:	20 e0       	ldi	r18, 0x00	; 0
    2112:	30 e0       	ldi	r19, 0x00	; 0
    2114:	40 e8       	ldi	r20, 0x80	; 128
    2116:	5f e3       	ldi	r21, 0x3F	; 63
    2118:	0e 94 79 03 	call	0x6f2	; 0x6f2 <__ltsf2>
    211c:	88 23       	and	r24, r24
    211e:	2c f4       	brge	.+10     	; 0x212a <LCD_voidSendCommand+0x17c>
		__ticks = 1;
    2120:	81 e0       	ldi	r24, 0x01	; 1
    2122:	90 e0       	ldi	r25, 0x00	; 0
    2124:	9e 83       	std	Y+6, r25	; 0x06
    2126:	8d 83       	std	Y+5, r24	; 0x05
    2128:	3f c0       	rjmp	.+126    	; 0x21a8 <LCD_voidSendCommand+0x1fa>
	else if (__tmp > 65535)
    212a:	6f 81       	ldd	r22, Y+7	; 0x07
    212c:	78 85       	ldd	r23, Y+8	; 0x08
    212e:	89 85       	ldd	r24, Y+9	; 0x09
    2130:	9a 85       	ldd	r25, Y+10	; 0x0a
    2132:	20 e0       	ldi	r18, 0x00	; 0
    2134:	3f ef       	ldi	r19, 0xFF	; 255
    2136:	4f e7       	ldi	r20, 0x7F	; 127
    2138:	57 e4       	ldi	r21, 0x47	; 71
    213a:	0e 94 19 03 	call	0x632	; 0x632 <__gtsf2>
    213e:	18 16       	cp	r1, r24
    2140:	4c f5       	brge	.+82     	; 0x2194 <LCD_voidSendCommand+0x1e6>
	{
		//	__ticks = requested delay in 1/10 ms
		__ticks = (uint16_t) (__ms * 10.0);
    2142:	6b 85       	ldd	r22, Y+11	; 0x0b
    2144:	7c 85       	ldd	r23, Y+12	; 0x0c
    2146:	8d 85       	ldd	r24, Y+13	; 0x0d
    2148:	9e 85       	ldd	r25, Y+14	; 0x0e
    214a:	20 e0       	ldi	r18, 0x00	; 0
    214c:	30 e0       	ldi	r19, 0x00	; 0
    214e:	40 e2       	ldi	r20, 0x20	; 32
    2150:	51 e4       	ldi	r21, 0x41	; 65
    2152:	0e 94 1f 02 	call	0x43e	; 0x43e <__mulsf3>
    2156:	dc 01       	movw	r26, r24
    2158:	cb 01       	movw	r24, r22
    215a:	bc 01       	movw	r22, r24
    215c:	cd 01       	movw	r24, r26
    215e:	0e 94 49 00 	call	0x92	; 0x92 <__fixunssfsi>
    2162:	dc 01       	movw	r26, r24
    2164:	cb 01       	movw	r24, r22
    2166:	9e 83       	std	Y+6, r25	; 0x06
    2168:	8d 83       	std	Y+5, r24	; 0x05
    216a:	0f c0       	rjmp	.+30     	; 0x218a <LCD_voidSendCommand+0x1dc>
    216c:	88 ec       	ldi	r24, 0xC8	; 200
    216e:	90 e0       	ldi	r25, 0x00	; 0
    2170:	9c 83       	std	Y+4, r25	; 0x04
    2172:	8b 83       	std	Y+3, r24	; 0x03
    2174:	8b 81       	ldd	r24, Y+3	; 0x03
    2176:	9c 81       	ldd	r25, Y+4	; 0x04
    2178:	01 97       	sbiw	r24, 0x01	; 1
    217a:	f1 f7       	brne	.-4      	; 0x2178 <LCD_voidSendCommand+0x1ca>
    217c:	9c 83       	std	Y+4, r25	; 0x04
    217e:	8b 83       	std	Y+3, r24	; 0x03
		while(__ticks)
		{
			// wait 1/10 ms
			_delay_loop_2(((F_CPU) / 4e3) / 10);
			__ticks --;
    2180:	8d 81       	ldd	r24, Y+5	; 0x05
    2182:	9e 81       	ldd	r25, Y+6	; 0x06
    2184:	01 97       	sbiw	r24, 0x01	; 1
    2186:	9e 83       	std	Y+6, r25	; 0x06
    2188:	8d 83       	std	Y+5, r24	; 0x05
		__ticks = 1;
	else if (__tmp > 65535)
	{
		//	__ticks = requested delay in 1/10 ms
		__ticks = (uint16_t) (__ms * 10.0);
		while(__ticks)
    218a:	8d 81       	ldd	r24, Y+5	; 0x05
    218c:	9e 81       	ldd	r25, Y+6	; 0x06
    218e:	00 97       	sbiw	r24, 0x00	; 0
    2190:	69 f7       	brne	.-38     	; 0x216c <LCD_voidSendCommand+0x1be>
    2192:	14 c0       	rjmp	.+40     	; 0x21bc <LCD_voidSendCommand+0x20e>
			__ticks --;
		}
		return;
	}
	else
		__ticks = (uint16_t)__tmp;
    2194:	6f 81       	ldd	r22, Y+7	; 0x07
    2196:	78 85       	ldd	r23, Y+8	; 0x08
    2198:	89 85       	ldd	r24, Y+9	; 0x09
    219a:	9a 85       	ldd	r25, Y+10	; 0x0a
    219c:	0e 94 49 00 	call	0x92	; 0x92 <__fixunssfsi>
    21a0:	dc 01       	movw	r26, r24
    21a2:	cb 01       	movw	r24, r22
    21a4:	9e 83       	std	Y+6, r25	; 0x06
    21a6:	8d 83       	std	Y+5, r24	; 0x05
    21a8:	8d 81       	ldd	r24, Y+5	; 0x05
    21aa:	9e 81       	ldd	r25, Y+6	; 0x06
    21ac:	9a 83       	std	Y+2, r25	; 0x02
    21ae:	89 83       	std	Y+1, r24	; 0x01
    21b0:	89 81       	ldd	r24, Y+1	; 0x01
    21b2:	9a 81       	ldd	r25, Y+2	; 0x02
    21b4:	01 97       	sbiw	r24, 0x01	; 1
    21b6:	f1 f7       	brne	.-4      	; 0x21b4 <LCD_voidSendCommand+0x206>
    21b8:	9a 83       	std	Y+2, r25	; 0x02
    21ba:	89 83       	std	Y+1, r24	; 0x01

	_delay_ms(2);
}
    21bc:	6d 96       	adiw	r28, 0x1d	; 29
    21be:	0f b6       	in	r0, 0x3f	; 63
    21c0:	f8 94       	cli
    21c2:	de bf       	out	0x3e, r29	; 62
    21c4:	0f be       	out	0x3f, r0	; 63
    21c6:	cd bf       	out	0x3d, r28	; 61
    21c8:	cf 91       	pop	r28
    21ca:	df 91       	pop	r29
    21cc:	08 95       	ret

000021ce <LCD_voidSendData>:



void LCD_voidSendData(u8 Copy_u8Data)
{
    21ce:	df 93       	push	r29
    21d0:	cf 93       	push	r28
    21d2:	cd b7       	in	r28, 0x3d	; 61
    21d4:	de b7       	in	r29, 0x3e	; 62
    21d6:	6d 97       	sbiw	r28, 0x1d	; 29
    21d8:	0f b6       	in	r0, 0x3f	; 63
    21da:	f8 94       	cli
    21dc:	de bf       	out	0x3e, r29	; 62
    21de:	0f be       	out	0x3f, r0	; 63
    21e0:	cd bf       	out	0x3d, r28	; 61
    21e2:	8d 8f       	std	Y+29, r24	; 0x1d
	/* RS = 1 (Data) */
	DIO_voidSetPinValue(LCD_RS_PORT, LCD_RS_PIN, HIGH);
    21e4:	81 e0       	ldi	r24, 0x01	; 1
    21e6:	60 e0       	ldi	r22, 0x00	; 0
    21e8:	41 e0       	ldi	r20, 0x01	; 1
    21ea:	0e 94 1d 0b 	call	0x163a	; 0x163a <DIO_voidSetPinValue>

	/* RW = 0 (Write) */
	DIO_voidSetPinValue(LCD_RW_PORT, LCD_RW_PIN, LOW);
    21ee:	81 e0       	ldi	r24, 0x01	; 1
    21f0:	61 e0       	ldi	r22, 0x01	; 1
    21f2:	40 e0       	ldi	r20, 0x00	; 0
    21f4:	0e 94 1d 0b 	call	0x163a	; 0x163a <DIO_voidSetPinValue>


	/* Put Data on Data Bus */
	DIO_voidSetPortValue(LCD_DATA_PORT, Copy_u8Data);
    21f8:	83 e0       	ldi	r24, 0x03	; 3
    21fa:	6d 8d       	ldd	r22, Y+29	; 0x1d
    21fc:	0e 94 12 0d 	call	0x1a24	; 0x1a24 <DIO_voidSetPortValue>


	/* Enable Pulse */
	DIO_voidSetPinValue(LCD_EN_PORT, LCD_EN_PIN, HIGH);
    2200:	81 e0       	ldi	r24, 0x01	; 1
    2202:	62 e0       	ldi	r22, 0x02	; 2
    2204:	41 e0       	ldi	r20, 0x01	; 1
    2206:	0e 94 1d 0b 	call	0x163a	; 0x163a <DIO_voidSetPinValue>
    220a:	80 e0       	ldi	r24, 0x00	; 0
    220c:	90 e0       	ldi	r25, 0x00	; 0
    220e:	a0 e8       	ldi	r26, 0x80	; 128
    2210:	bf e3       	ldi	r27, 0x3F	; 63
    2212:	89 8f       	std	Y+25, r24	; 0x19
    2214:	9a 8f       	std	Y+26, r25	; 0x1a
    2216:	ab 8f       	std	Y+27, r26	; 0x1b
    2218:	bc 8f       	std	Y+28, r27	; 0x1c
 */
void
_delay_ms(double __ms)
{
	uint16_t __ticks;
	double __tmp = ((F_CPU) / 4e3) * __ms;
    221a:	69 8d       	ldd	r22, Y+25	; 0x19
    221c:	7a 8d       	ldd	r23, Y+26	; 0x1a
    221e:	8b 8d       	ldd	r24, Y+27	; 0x1b
    2220:	9c 8d       	ldd	r25, Y+28	; 0x1c
    2222:	20 e0       	ldi	r18, 0x00	; 0
    2224:	30 e0       	ldi	r19, 0x00	; 0
    2226:	4a ef       	ldi	r20, 0xFA	; 250
    2228:	54 e4       	ldi	r21, 0x44	; 68
    222a:	0e 94 1f 02 	call	0x43e	; 0x43e <__mulsf3>
    222e:	dc 01       	movw	r26, r24
    2230:	cb 01       	movw	r24, r22
    2232:	8d 8b       	std	Y+21, r24	; 0x15
    2234:	9e 8b       	std	Y+22, r25	; 0x16
    2236:	af 8b       	std	Y+23, r26	; 0x17
    2238:	b8 8f       	std	Y+24, r27	; 0x18
	if (__tmp < 1.0)
    223a:	6d 89       	ldd	r22, Y+21	; 0x15
    223c:	7e 89       	ldd	r23, Y+22	; 0x16
    223e:	8f 89       	ldd	r24, Y+23	; 0x17
    2240:	98 8d       	ldd	r25, Y+24	; 0x18
    2242:	20 e0       	ldi	r18, 0x00	; 0
    2244:	30 e0       	ldi	r19, 0x00	; 0
    2246:	40 e8       	ldi	r20, 0x80	; 128
    2248:	5f e3       	ldi	r21, 0x3F	; 63
    224a:	0e 94 79 03 	call	0x6f2	; 0x6f2 <__ltsf2>
    224e:	88 23       	and	r24, r24
    2250:	2c f4       	brge	.+10     	; 0x225c <LCD_voidSendData+0x8e>
		__ticks = 1;
    2252:	81 e0       	ldi	r24, 0x01	; 1
    2254:	90 e0       	ldi	r25, 0x00	; 0
    2256:	9c 8b       	std	Y+20, r25	; 0x14
    2258:	8b 8b       	std	Y+19, r24	; 0x13
    225a:	3f c0       	rjmp	.+126    	; 0x22da <LCD_voidSendData+0x10c>
	else if (__tmp > 65535)
    225c:	6d 89       	ldd	r22, Y+21	; 0x15
    225e:	7e 89       	ldd	r23, Y+22	; 0x16
    2260:	8f 89       	ldd	r24, Y+23	; 0x17
    2262:	98 8d       	ldd	r25, Y+24	; 0x18
    2264:	20 e0       	ldi	r18, 0x00	; 0
    2266:	3f ef       	ldi	r19, 0xFF	; 255
    2268:	4f e7       	ldi	r20, 0x7F	; 127
    226a:	57 e4       	ldi	r21, 0x47	; 71
    226c:	0e 94 19 03 	call	0x632	; 0x632 <__gtsf2>
    2270:	18 16       	cp	r1, r24
    2272:	4c f5       	brge	.+82     	; 0x22c6 <LCD_voidSendData+0xf8>
	{
		//	__ticks = requested delay in 1/10 ms
		__ticks = (uint16_t) (__ms * 10.0);
    2274:	69 8d       	ldd	r22, Y+25	; 0x19
    2276:	7a 8d       	ldd	r23, Y+26	; 0x1a
    2278:	8b 8d       	ldd	r24, Y+27	; 0x1b
    227a:	9c 8d       	ldd	r25, Y+28	; 0x1c
    227c:	20 e0       	ldi	r18, 0x00	; 0
    227e:	30 e0       	ldi	r19, 0x00	; 0
    2280:	40 e2       	ldi	r20, 0x20	; 32
    2282:	51 e4       	ldi	r21, 0x41	; 65
    2284:	0e 94 1f 02 	call	0x43e	; 0x43e <__mulsf3>
    2288:	dc 01       	movw	r26, r24
    228a:	cb 01       	movw	r24, r22
    228c:	bc 01       	movw	r22, r24
    228e:	cd 01       	movw	r24, r26
    2290:	0e 94 49 00 	call	0x92	; 0x92 <__fixunssfsi>
    2294:	dc 01       	movw	r26, r24
    2296:	cb 01       	movw	r24, r22
    2298:	9c 8b       	std	Y+20, r25	; 0x14
    229a:	8b 8b       	std	Y+19, r24	; 0x13
    229c:	0f c0       	rjmp	.+30     	; 0x22bc <LCD_voidSendData+0xee>
    229e:	88 ec       	ldi	r24, 0xC8	; 200
    22a0:	90 e0       	ldi	r25, 0x00	; 0
    22a2:	9a 8b       	std	Y+18, r25	; 0x12
    22a4:	89 8b       	std	Y+17, r24	; 0x11
    22a6:	89 89       	ldd	r24, Y+17	; 0x11
    22a8:	9a 89       	ldd	r25, Y+18	; 0x12
    22aa:	01 97       	sbiw	r24, 0x01	; 1
    22ac:	f1 f7       	brne	.-4      	; 0x22aa <LCD_voidSendData+0xdc>
    22ae:	9a 8b       	std	Y+18, r25	; 0x12
    22b0:	89 8b       	std	Y+17, r24	; 0x11
		while(__ticks)
		{
			// wait 1/10 ms
			_delay_loop_2(((F_CPU) / 4e3) / 10);
			__ticks --;
    22b2:	8b 89       	ldd	r24, Y+19	; 0x13
    22b4:	9c 89       	ldd	r25, Y+20	; 0x14
    22b6:	01 97       	sbiw	r24, 0x01	; 1
    22b8:	9c 8b       	std	Y+20, r25	; 0x14
    22ba:	8b 8b       	std	Y+19, r24	; 0x13
		__ticks = 1;
	else if (__tmp > 65535)
	{
		//	__ticks = requested delay in 1/10 ms
		__ticks = (uint16_t) (__ms * 10.0);
		while(__ticks)
    22bc:	8b 89       	ldd	r24, Y+19	; 0x13
    22be:	9c 89       	ldd	r25, Y+20	; 0x14
    22c0:	00 97       	sbiw	r24, 0x00	; 0
    22c2:	69 f7       	brne	.-38     	; 0x229e <LCD_voidSendData+0xd0>
    22c4:	14 c0       	rjmp	.+40     	; 0x22ee <LCD_voidSendData+0x120>
			__ticks --;
		}
		return;
	}
	else
		__ticks = (uint16_t)__tmp;
    22c6:	6d 89       	ldd	r22, Y+21	; 0x15
    22c8:	7e 89       	ldd	r23, Y+22	; 0x16
    22ca:	8f 89       	ldd	r24, Y+23	; 0x17
    22cc:	98 8d       	ldd	r25, Y+24	; 0x18
    22ce:	0e 94 49 00 	call	0x92	; 0x92 <__fixunssfsi>
    22d2:	dc 01       	movw	r26, r24
    22d4:	cb 01       	movw	r24, r22
    22d6:	9c 8b       	std	Y+20, r25	; 0x14
    22d8:	8b 8b       	std	Y+19, r24	; 0x13
    22da:	8b 89       	ldd	r24, Y+19	; 0x13
    22dc:	9c 89       	ldd	r25, Y+20	; 0x14
    22de:	98 8b       	std	Y+16, r25	; 0x10
    22e0:	8f 87       	std	Y+15, r24	; 0x0f
    22e2:	8f 85       	ldd	r24, Y+15	; 0x0f
    22e4:	98 89       	ldd	r25, Y+16	; 0x10
    22e6:	01 97       	sbiw	r24, 0x01	; 1
    22e8:	f1 f7       	brne	.-4      	; 0x22e6 <LCD_voidSendData+0x118>
    22ea:	98 8b       	std	Y+16, r25	; 0x10
    22ec:	8f 87       	std	Y+15, r24	; 0x0f
	_delay_ms(1);

	DIO_voidSetPinValue(LCD_EN_PORT, LCD_EN_PIN, LOW);
    22ee:	81 e0       	ldi	r24, 0x01	; 1
    22f0:	62 e0       	ldi	r22, 0x02	; 2
    22f2:	40 e0       	ldi	r20, 0x00	; 0
    22f4:	0e 94 1d 0b 	call	0x163a	; 0x163a <DIO_voidSetPinValue>
    22f8:	80 e0       	ldi	r24, 0x00	; 0
    22fa:	90 e0       	ldi	r25, 0x00	; 0
    22fc:	a0 e0       	ldi	r26, 0x00	; 0
    22fe:	b0 e4       	ldi	r27, 0x40	; 64
    2300:	8b 87       	std	Y+11, r24	; 0x0b
    2302:	9c 87       	std	Y+12, r25	; 0x0c
    2304:	ad 87       	std	Y+13, r26	; 0x0d
    2306:	be 87       	std	Y+14, r27	; 0x0e
 */
void
_delay_ms(double __ms)
{
	uint16_t __ticks;
	double __tmp = ((F_CPU) / 4e3) * __ms;
    2308:	6b 85       	ldd	r22, Y+11	; 0x0b
    230a:	7c 85       	ldd	r23, Y+12	; 0x0c
    230c:	8d 85       	ldd	r24, Y+13	; 0x0d
    230e:	9e 85       	ldd	r25, Y+14	; 0x0e
    2310:	20 e0       	ldi	r18, 0x00	; 0
    2312:	30 e0       	ldi	r19, 0x00	; 0
    2314:	4a ef       	ldi	r20, 0xFA	; 250
    2316:	54 e4       	ldi	r21, 0x44	; 68
    2318:	0e 94 1f 02 	call	0x43e	; 0x43e <__mulsf3>
    231c:	dc 01       	movw	r26, r24
    231e:	cb 01       	movw	r24, r22
    2320:	8f 83       	std	Y+7, r24	; 0x07
    2322:	98 87       	std	Y+8, r25	; 0x08
    2324:	a9 87       	std	Y+9, r26	; 0x09
    2326:	ba 87       	std	Y+10, r27	; 0x0a
	if (__tmp < 1.0)
    2328:	6f 81       	ldd	r22, Y+7	; 0x07
    232a:	78 85       	ldd	r23, Y+8	; 0x08
    232c:	89 85       	ldd	r24, Y+9	; 0x09
    232e:	9a 85       	ldd	r25, Y+10	; 0x0a
    2330:	20 e0       	ldi	r18, 0x00	; 0
    2332:	30 e0       	ldi	r19, 0x00	; 0
    2334:	40 e8       	ldi	r20, 0x80	; 128
    2336:	5f e3       	ldi	r21, 0x3F	; 63
    2338:	0e 94 79 03 	call	0x6f2	; 0x6f2 <__ltsf2>
    233c:	88 23       	and	r24, r24
    233e:	2c f4       	brge	.+10     	; 0x234a <LCD_voidSendData+0x17c>
		__ticks = 1;
    2340:	81 e0       	ldi	r24, 0x01	; 1
    2342:	90 e0       	ldi	r25, 0x00	; 0
    2344:	9e 83       	std	Y+6, r25	; 0x06
    2346:	8d 83       	std	Y+5, r24	; 0x05
    2348:	3f c0       	rjmp	.+126    	; 0x23c8 <LCD_voidSendData+0x1fa>
	else if (__tmp > 65535)
    234a:	6f 81       	ldd	r22, Y+7	; 0x07
    234c:	78 85       	ldd	r23, Y+8	; 0x08
    234e:	89 85       	ldd	r24, Y+9	; 0x09
    2350:	9a 85       	ldd	r25, Y+10	; 0x0a
    2352:	20 e0       	ldi	r18, 0x00	; 0
    2354:	3f ef       	ldi	r19, 0xFF	; 255
    2356:	4f e7       	ldi	r20, 0x7F	; 127
    2358:	57 e4       	ldi	r21, 0x47	; 71
    235a:	0e 94 19 03 	call	0x632	; 0x632 <__gtsf2>
    235e:	18 16       	cp	r1, r24
    2360:	4c f5       	brge	.+82     	; 0x23b4 <LCD_voidSendData+0x1e6>
	{
		//	__ticks = requested delay in 1/10 ms
		__ticks = (uint16_t) (__ms * 10.0);
    2362:	6b 85       	ldd	r22, Y+11	; 0x0b
    2364:	7c 85       	ldd	r23, Y+12	; 0x0c
    2366:	8d 85       	ldd	r24, Y+13	; 0x0d
    2368:	9e 85       	ldd	r25, Y+14	; 0x0e
    236a:	20 e0       	ldi	r18, 0x00	; 0
    236c:	30 e0       	ldi	r19, 0x00	; 0
    236e:	40 e2       	ldi	r20, 0x20	; 32
    2370:	51 e4       	ldi	r21, 0x41	; 65
    2372:	0e 94 1f 02 	call	0x43e	; 0x43e <__mulsf3>
    2376:	dc 01       	movw	r26, r24
    2378:	cb 01       	movw	r24, r22
    237a:	bc 01       	movw	r22, r24
    237c:	cd 01       	movw	r24, r26
    237e:	0e 94 49 00 	call	0x92	; 0x92 <__fixunssfsi>
    2382:	dc 01       	movw	r26, r24
    2384:	cb 01       	movw	r24, r22
    2386:	9e 83       	std	Y+6, r25	; 0x06
    2388:	8d 83       	std	Y+5, r24	; 0x05
    238a:	0f c0       	rjmp	.+30     	; 0x23aa <LCD_voidSendData+0x1dc>
    238c:	88 ec       	ldi	r24, 0xC8	; 200
    238e:	90 e0       	ldi	r25, 0x00	; 0
    2390:	9c 83       	std	Y+4, r25	; 0x04
    2392:	8b 83       	std	Y+3, r24	; 0x03
    2394:	8b 81       	ldd	r24, Y+3	; 0x03
    2396:	9c 81       	ldd	r25, Y+4	; 0x04
    2398:	01 97       	sbiw	r24, 0x01	; 1
    239a:	f1 f7       	brne	.-4      	; 0x2398 <LCD_voidSendData+0x1ca>
    239c:	9c 83       	std	Y+4, r25	; 0x04
    239e:	8b 83       	std	Y+3, r24	; 0x03
		while(__ticks)
		{
			// wait 1/10 ms
			_delay_loop_2(((F_CPU) / 4e3) / 10);
			__ticks --;
    23a0:	8d 81       	ldd	r24, Y+5	; 0x05
    23a2:	9e 81       	ldd	r25, Y+6	; 0x06
    23a4:	01 97       	sbiw	r24, 0x01	; 1
    23a6:	9e 83       	std	Y+6, r25	; 0x06
    23a8:	8d 83       	std	Y+5, r24	; 0x05
		__ticks = 1;
	else if (__tmp > 65535)
	{
		//	__ticks = requested delay in 1/10 ms
		__ticks = (uint16_t) (__ms * 10.0);
		while(__ticks)
    23aa:	8d 81       	ldd	r24, Y+5	; 0x05
    23ac:	9e 81       	ldd	r25, Y+6	; 0x06
    23ae:	00 97       	sbiw	r24, 0x00	; 0
    23b0:	69 f7       	brne	.-38     	; 0x238c <LCD_voidSendData+0x1be>
    23b2:	14 c0       	rjmp	.+40     	; 0x23dc <LCD_voidSendData+0x20e>
			__ticks --;
		}
		return;
	}
	else
		__ticks = (uint16_t)__tmp;
    23b4:	6f 81       	ldd	r22, Y+7	; 0x07
    23b6:	78 85       	ldd	r23, Y+8	; 0x08
    23b8:	89 85       	ldd	r24, Y+9	; 0x09
    23ba:	9a 85       	ldd	r25, Y+10	; 0x0a
    23bc:	0e 94 49 00 	call	0x92	; 0x92 <__fixunssfsi>
    23c0:	dc 01       	movw	r26, r24
    23c2:	cb 01       	movw	r24, r22
    23c4:	9e 83       	std	Y+6, r25	; 0x06
    23c6:	8d 83       	std	Y+5, r24	; 0x05
    23c8:	8d 81       	ldd	r24, Y+5	; 0x05
    23ca:	9e 81       	ldd	r25, Y+6	; 0x06
    23cc:	9a 83       	std	Y+2, r25	; 0x02
    23ce:	89 83       	std	Y+1, r24	; 0x01
    23d0:	89 81       	ldd	r24, Y+1	; 0x01
    23d2:	9a 81       	ldd	r25, Y+2	; 0x02
    23d4:	01 97       	sbiw	r24, 0x01	; 1
    23d6:	f1 f7       	brne	.-4      	; 0x23d4 <LCD_voidSendData+0x206>
    23d8:	9a 83       	std	Y+2, r25	; 0x02
    23da:	89 83       	std	Y+1, r24	; 0x01

	_delay_ms(2);
}
    23dc:	6d 96       	adiw	r28, 0x1d	; 29
    23de:	0f b6       	in	r0, 0x3f	; 63
    23e0:	f8 94       	cli
    23e2:	de bf       	out	0x3e, r29	; 62
    23e4:	0f be       	out	0x3f, r0	; 63
    23e6:	cd bf       	out	0x3d, r28	; 61
    23e8:	cf 91       	pop	r28
    23ea:	df 91       	pop	r29
    23ec:	08 95       	ret

000023ee <LCD_voidSendString>:



void LCD_voidSendString(const char *Copy_pu8String)
{
    23ee:	df 93       	push	r29
    23f0:	cf 93       	push	r28
    23f2:	00 d0       	rcall	.+0      	; 0x23f4 <LCD_voidSendString+0x6>
    23f4:	0f 92       	push	r0
    23f6:	cd b7       	in	r28, 0x3d	; 61
    23f8:	de b7       	in	r29, 0x3e	; 62
    23fa:	9b 83       	std	Y+3, r25	; 0x03
    23fc:	8a 83       	std	Y+2, r24	; 0x02
	u8 Local_u8Counter = 0;
    23fe:	19 82       	std	Y+1, r1	; 0x01
    2400:	0e c0       	rjmp	.+28     	; 0x241e <LCD_voidSendString+0x30>

	while(Copy_pu8String[Local_u8Counter] != '\0')
	{
		LCD_voidSendData(Copy_pu8String[Local_u8Counter]);
    2402:	89 81       	ldd	r24, Y+1	; 0x01
    2404:	28 2f       	mov	r18, r24
    2406:	30 e0       	ldi	r19, 0x00	; 0
    2408:	8a 81       	ldd	r24, Y+2	; 0x02
    240a:	9b 81       	ldd	r25, Y+3	; 0x03
    240c:	fc 01       	movw	r30, r24
    240e:	e2 0f       	add	r30, r18
    2410:	f3 1f       	adc	r31, r19
    2412:	80 81       	ld	r24, Z
    2414:	0e 94 e7 10 	call	0x21ce	; 0x21ce <LCD_voidSendData>

		Local_u8Counter++;
    2418:	89 81       	ldd	r24, Y+1	; 0x01
    241a:	8f 5f       	subi	r24, 0xFF	; 255
    241c:	89 83       	std	Y+1, r24	; 0x01

void LCD_voidSendString(const char *Copy_pu8String)
{
	u8 Local_u8Counter = 0;

	while(Copy_pu8String[Local_u8Counter] != '\0')
    241e:	89 81       	ldd	r24, Y+1	; 0x01
    2420:	28 2f       	mov	r18, r24
    2422:	30 e0       	ldi	r19, 0x00	; 0
    2424:	8a 81       	ldd	r24, Y+2	; 0x02
    2426:	9b 81       	ldd	r25, Y+3	; 0x03
    2428:	fc 01       	movw	r30, r24
    242a:	e2 0f       	add	r30, r18
    242c:	f3 1f       	adc	r31, r19
    242e:	80 81       	ld	r24, Z
    2430:	88 23       	and	r24, r24
    2432:	39 f7       	brne	.-50     	; 0x2402 <LCD_voidSendString+0x14>
	{
		LCD_voidSendData(Copy_pu8String[Local_u8Counter]);

		Local_u8Counter++;
	}
}
    2434:	0f 90       	pop	r0
    2436:	0f 90       	pop	r0
    2438:	0f 90       	pop	r0
    243a:	cf 91       	pop	r28
    243c:	df 91       	pop	r29
    243e:	08 95       	ret

00002440 <LCD_voidClear>:



void LCD_voidClear(void)
{
    2440:	df 93       	push	r29
    2442:	cf 93       	push	r28
    2444:	cd b7       	in	r28, 0x3d	; 61
    2446:	de b7       	in	r29, 0x3e	; 62
    2448:	2e 97       	sbiw	r28, 0x0e	; 14
    244a:	0f b6       	in	r0, 0x3f	; 63
    244c:	f8 94       	cli
    244e:	de bf       	out	0x3e, r29	; 62
    2450:	0f be       	out	0x3f, r0	; 63
    2452:	cd bf       	out	0x3d, r28	; 61
	LCD_voidSendCommand(LCD_CLEAR_DISPLAY);
    2454:	81 e0       	ldi	r24, 0x01	; 1
    2456:	0e 94 d7 0f 	call	0x1fae	; 0x1fae <LCD_voidSendCommand>
    245a:	80 e0       	ldi	r24, 0x00	; 0
    245c:	90 e0       	ldi	r25, 0x00	; 0
    245e:	a0 e0       	ldi	r26, 0x00	; 0
    2460:	b0 e4       	ldi	r27, 0x40	; 64
    2462:	8b 87       	std	Y+11, r24	; 0x0b
    2464:	9c 87       	std	Y+12, r25	; 0x0c
    2466:	ad 87       	std	Y+13, r26	; 0x0d
    2468:	be 87       	std	Y+14, r27	; 0x0e
 */
void
_delay_ms(double __ms)
{
	uint16_t __ticks;
	double __tmp = ((F_CPU) / 4e3) * __ms;
    246a:	6b 85       	ldd	r22, Y+11	; 0x0b
    246c:	7c 85       	ldd	r23, Y+12	; 0x0c
    246e:	8d 85       	ldd	r24, Y+13	; 0x0d
    2470:	9e 85       	ldd	r25, Y+14	; 0x0e
    2472:	20 e0       	ldi	r18, 0x00	; 0
    2474:	30 e0       	ldi	r19, 0x00	; 0
    2476:	4a ef       	ldi	r20, 0xFA	; 250
    2478:	54 e4       	ldi	r21, 0x44	; 68
    247a:	0e 94 1f 02 	call	0x43e	; 0x43e <__mulsf3>
    247e:	dc 01       	movw	r26, r24
    2480:	cb 01       	movw	r24, r22
    2482:	8f 83       	std	Y+7, r24	; 0x07
    2484:	98 87       	std	Y+8, r25	; 0x08
    2486:	a9 87       	std	Y+9, r26	; 0x09
    2488:	ba 87       	std	Y+10, r27	; 0x0a
	if (__tmp < 1.0)
    248a:	6f 81       	ldd	r22, Y+7	; 0x07
    248c:	78 85       	ldd	r23, Y+8	; 0x08
    248e:	89 85       	ldd	r24, Y+9	; 0x09
    2490:	9a 85       	ldd	r25, Y+10	; 0x0a
    2492:	20 e0       	ldi	r18, 0x00	; 0
    2494:	30 e0       	ldi	r19, 0x00	; 0
    2496:	40 e8       	ldi	r20, 0x80	; 128
    2498:	5f e3       	ldi	r21, 0x3F	; 63
    249a:	0e 94 79 03 	call	0x6f2	; 0x6f2 <__ltsf2>
    249e:	88 23       	and	r24, r24
    24a0:	2c f4       	brge	.+10     	; 0x24ac <LCD_voidClear+0x6c>
		__ticks = 1;
    24a2:	81 e0       	ldi	r24, 0x01	; 1
    24a4:	90 e0       	ldi	r25, 0x00	; 0
    24a6:	9e 83       	std	Y+6, r25	; 0x06
    24a8:	8d 83       	std	Y+5, r24	; 0x05
    24aa:	3f c0       	rjmp	.+126    	; 0x252a <LCD_voidClear+0xea>
	else if (__tmp > 65535)
    24ac:	6f 81       	ldd	r22, Y+7	; 0x07
    24ae:	78 85       	ldd	r23, Y+8	; 0x08
    24b0:	89 85       	ldd	r24, Y+9	; 0x09
    24b2:	9a 85       	ldd	r25, Y+10	; 0x0a
    24b4:	20 e0       	ldi	r18, 0x00	; 0
    24b6:	3f ef       	ldi	r19, 0xFF	; 255
    24b8:	4f e7       	ldi	r20, 0x7F	; 127
    24ba:	57 e4       	ldi	r21, 0x47	; 71
    24bc:	0e 94 19 03 	call	0x632	; 0x632 <__gtsf2>
    24c0:	18 16       	cp	r1, r24
    24c2:	4c f5       	brge	.+82     	; 0x2516 <LCD_voidClear+0xd6>
	{
		//	__ticks = requested delay in 1/10 ms
		__ticks = (uint16_t) (__ms * 10.0);
    24c4:	6b 85       	ldd	r22, Y+11	; 0x0b
    24c6:	7c 85       	ldd	r23, Y+12	; 0x0c
    24c8:	8d 85       	ldd	r24, Y+13	; 0x0d
    24ca:	9e 85       	ldd	r25, Y+14	; 0x0e
    24cc:	20 e0       	ldi	r18, 0x00	; 0
    24ce:	30 e0       	ldi	r19, 0x00	; 0
    24d0:	40 e2       	ldi	r20, 0x20	; 32
    24d2:	51 e4       	ldi	r21, 0x41	; 65
    24d4:	0e 94 1f 02 	call	0x43e	; 0x43e <__mulsf3>
    24d8:	dc 01       	movw	r26, r24
    24da:	cb 01       	movw	r24, r22
    24dc:	bc 01       	movw	r22, r24
    24de:	cd 01       	movw	r24, r26
    24e0:	0e 94 49 00 	call	0x92	; 0x92 <__fixunssfsi>
    24e4:	dc 01       	movw	r26, r24
    24e6:	cb 01       	movw	r24, r22
    24e8:	9e 83       	std	Y+6, r25	; 0x06
    24ea:	8d 83       	std	Y+5, r24	; 0x05
    24ec:	0f c0       	rjmp	.+30     	; 0x250c <LCD_voidClear+0xcc>
    24ee:	88 ec       	ldi	r24, 0xC8	; 200
    24f0:	90 e0       	ldi	r25, 0x00	; 0
    24f2:	9c 83       	std	Y+4, r25	; 0x04
    24f4:	8b 83       	std	Y+3, r24	; 0x03
    24f6:	8b 81       	ldd	r24, Y+3	; 0x03
    24f8:	9c 81       	ldd	r25, Y+4	; 0x04
    24fa:	01 97       	sbiw	r24, 0x01	; 1
    24fc:	f1 f7       	brne	.-4      	; 0x24fa <LCD_voidClear+0xba>
    24fe:	9c 83       	std	Y+4, r25	; 0x04
    2500:	8b 83       	std	Y+3, r24	; 0x03
		while(__ticks)
		{
			// wait 1/10 ms
			_delay_loop_2(((F_CPU) / 4e3) / 10);
			__ticks --;
    2502:	8d 81       	ldd	r24, Y+5	; 0x05
    2504:	9e 81       	ldd	r25, Y+6	; 0x06
    2506:	01 97       	sbiw	r24, 0x01	; 1
    2508:	9e 83       	std	Y+6, r25	; 0x06
    250a:	8d 83       	std	Y+5, r24	; 0x05
		__ticks = 1;
	else if (__tmp > 65535)
	{
		//	__ticks = requested delay in 1/10 ms
		__ticks = (uint16_t) (__ms * 10.0);
		while(__ticks)
    250c:	8d 81       	ldd	r24, Y+5	; 0x05
    250e:	9e 81       	ldd	r25, Y+6	; 0x06
    2510:	00 97       	sbiw	r24, 0x00	; 0
    2512:	69 f7       	brne	.-38     	; 0x24ee <LCD_voidClear+0xae>
    2514:	14 c0       	rjmp	.+40     	; 0x253e <LCD_voidClear+0xfe>
			__ticks --;
		}
		return;
	}
	else
		__ticks = (uint16_t)__tmp;
    2516:	6f 81       	ldd	r22, Y+7	; 0x07
    2518:	78 85       	ldd	r23, Y+8	; 0x08
    251a:	89 85       	ldd	r24, Y+9	; 0x09
    251c:	9a 85       	ldd	r25, Y+10	; 0x0a
    251e:	0e 94 49 00 	call	0x92	; 0x92 <__fixunssfsi>
    2522:	dc 01       	movw	r26, r24
    2524:	cb 01       	movw	r24, r22
    2526:	9e 83       	std	Y+6, r25	; 0x06
    2528:	8d 83       	std	Y+5, r24	; 0x05
    252a:	8d 81       	ldd	r24, Y+5	; 0x05
    252c:	9e 81       	ldd	r25, Y+6	; 0x06
    252e:	9a 83       	std	Y+2, r25	; 0x02
    2530:	89 83       	std	Y+1, r24	; 0x01
    2532:	89 81       	ldd	r24, Y+1	; 0x01
    2534:	9a 81       	ldd	r25, Y+2	; 0x02
    2536:	01 97       	sbiw	r24, 0x01	; 1
    2538:	f1 f7       	brne	.-4      	; 0x2536 <LCD_voidClear+0xf6>
    253a:	9a 83       	std	Y+2, r25	; 0x02
    253c:	89 83       	std	Y+1, r24	; 0x01

	_delay_ms(2);
}
    253e:	2e 96       	adiw	r28, 0x0e	; 14
    2540:	0f b6       	in	r0, 0x3f	; 63
    2542:	f8 94       	cli
    2544:	de bf       	out	0x3e, r29	; 62
    2546:	0f be       	out	0x3f, r0	; 63
    2548:	cd bf       	out	0x3d, r28	; 61
    254a:	cf 91       	pop	r28
    254c:	df 91       	pop	r29
    254e:	08 95       	ret

00002550 <LCD_voidGoToXY>:



void LCD_voidGoToXY(u8 Copy_u8Row, u8 Copy_u8Col)
{
    2550:	df 93       	push	r29
    2552:	cf 93       	push	r28
    2554:	00 d0       	rcall	.+0      	; 0x2556 <LCD_voidGoToXY+0x6>
    2556:	0f 92       	push	r0
    2558:	cd b7       	in	r28, 0x3d	; 61
    255a:	de b7       	in	r29, 0x3e	; 62
    255c:	8a 83       	std	Y+2, r24	; 0x02
    255e:	6b 83       	std	Y+3, r22	; 0x03
	u8 Local_u8Address;

	if(Copy_u8Row == 0)
    2560:	8a 81       	ldd	r24, Y+2	; 0x02
    2562:	88 23       	and	r24, r24
    2564:	21 f4       	brne	.+8      	; 0x256e <LCD_voidGoToXY+0x1e>
	{
		Local_u8Address = LCD_FIRST_LINE + Copy_u8Col;
    2566:	8b 81       	ldd	r24, Y+3	; 0x03
    2568:	80 58       	subi	r24, 0x80	; 128
    256a:	89 83       	std	Y+1, r24	; 0x01
    256c:	03 c0       	rjmp	.+6      	; 0x2574 <LCD_voidGoToXY+0x24>
	}
	else
	{
		Local_u8Address = LCD_SECOND_LINE + Copy_u8Col;
    256e:	8b 81       	ldd	r24, Y+3	; 0x03
    2570:	80 54       	subi	r24, 0x40	; 64
    2572:	89 83       	std	Y+1, r24	; 0x01
	}

	LCD_voidSendCommand(Local_u8Address);
    2574:	89 81       	ldd	r24, Y+1	; 0x01
    2576:	0e 94 d7 0f 	call	0x1fae	; 0x1fae <LCD_voidSendCommand>
}
    257a:	0f 90       	pop	r0
    257c:	0f 90       	pop	r0
    257e:	0f 90       	pop	r0
    2580:	cf 91       	pop	r28
    2582:	df 91       	pop	r29
    2584:	08 95       	ret

00002586 <LCD_voidSendNumber>:



void LCD_voidSendNumber(s32 Copy_s32Number)
{
    2586:	df 93       	push	r29
    2588:	cf 93       	push	r28
    258a:	cd b7       	in	r28, 0x3d	; 61
    258c:	de b7       	in	r29, 0x3e	; 62
    258e:	64 97       	sbiw	r28, 0x14	; 20
    2590:	0f b6       	in	r0, 0x3f	; 63
    2592:	f8 94       	cli
    2594:	de bf       	out	0x3e, r29	; 62
    2596:	0f be       	out	0x3f, r0	; 63
    2598:	cd bf       	out	0x3d, r28	; 61
    259a:	69 8b       	std	Y+17, r22	; 0x11
    259c:	7a 8b       	std	Y+18, r23	; 0x12
    259e:	8b 8b       	std	Y+19, r24	; 0x13
    25a0:	9c 8b       	std	Y+20, r25	; 0x14
	char Local_chNumber[16];

	sprintf(Local_chNumber, "%ld", Copy_s32Number);
    25a2:	8d b7       	in	r24, 0x3d	; 61
    25a4:	9e b7       	in	r25, 0x3e	; 62
    25a6:	08 97       	sbiw	r24, 0x08	; 8
    25a8:	0f b6       	in	r0, 0x3f	; 63
    25aa:	f8 94       	cli
    25ac:	9e bf       	out	0x3e, r25	; 62
    25ae:	0f be       	out	0x3f, r0	; 63
    25b0:	8d bf       	out	0x3d, r24	; 61
    25b2:	ed b7       	in	r30, 0x3d	; 61
    25b4:	fe b7       	in	r31, 0x3e	; 62
    25b6:	31 96       	adiw	r30, 0x01	; 1
    25b8:	ce 01       	movw	r24, r28
    25ba:	01 96       	adiw	r24, 0x01	; 1
    25bc:	91 83       	std	Z+1, r25	; 0x01
    25be:	80 83       	st	Z, r24
    25c0:	80 e6       	ldi	r24, 0x60	; 96
    25c2:	90 e0       	ldi	r25, 0x00	; 0
    25c4:	93 83       	std	Z+3, r25	; 0x03
    25c6:	82 83       	std	Z+2, r24	; 0x02
    25c8:	89 89       	ldd	r24, Y+17	; 0x11
    25ca:	9a 89       	ldd	r25, Y+18	; 0x12
    25cc:	ab 89       	ldd	r26, Y+19	; 0x13
    25ce:	bc 89       	ldd	r27, Y+20	; 0x14
    25d0:	84 83       	std	Z+4, r24	; 0x04
    25d2:	95 83       	std	Z+5, r25	; 0x05
    25d4:	a6 83       	std	Z+6, r26	; 0x06
    25d6:	b7 83       	std	Z+7, r27	; 0x07
    25d8:	0e 94 cc 19 	call	0x3398	; 0x3398 <sprintf>
    25dc:	8d b7       	in	r24, 0x3d	; 61
    25de:	9e b7       	in	r25, 0x3e	; 62
    25e0:	08 96       	adiw	r24, 0x08	; 8
    25e2:	0f b6       	in	r0, 0x3f	; 63
    25e4:	f8 94       	cli
    25e6:	9e bf       	out	0x3e, r25	; 62
    25e8:	0f be       	out	0x3f, r0	; 63
    25ea:	8d bf       	out	0x3d, r24	; 61

	LCD_voidSendString(Local_chNumber);
    25ec:	ce 01       	movw	r24, r28
    25ee:	01 96       	adiw	r24, 0x01	; 1
    25f0:	0e 94 f7 11 	call	0x23ee	; 0x23ee <LCD_voidSendString>
}
    25f4:	64 96       	adiw	r28, 0x14	; 20
    25f6:	0f b6       	in	r0, 0x3f	; 63
    25f8:	f8 94       	cli
    25fa:	de bf       	out	0x3e, r29	; 62
    25fc:	0f be       	out	0x3f, r0	; 63
    25fe:	cd bf       	out	0x3d, r28	; 61
    2600:	cf 91       	pop	r28
    2602:	df 91       	pop	r29
    2604:	08 95       	ret

00002606 <KPD_voidInit>:
#include "KPD_private.h"

static const u8 KPD_u8Keys[KPD_ROWS_NUM][KPD_COLS_NUM] = KPD_KEYS;

void KPD_voidInit(void)
{
    2606:	df 93       	push	r29
    2608:	cf 93       	push	r28
    260a:	cd b7       	in	r28, 0x3d	; 61
    260c:	de b7       	in	r29, 0x3e	; 62
    /* Rows Input Pull-Up */

    DIO_voidSetPinDirection(KPD_R0, INPUT);
    260e:	82 e0       	ldi	r24, 0x02	; 2
    2610:	60 e0       	ldi	r22, 0x00	; 0
    2612:	40 e0       	ldi	r20, 0x00	; 0
    2614:	0e 94 19 0a 	call	0x1432	; 0x1432 <DIO_voidSetPinDirection>
    DIO_voidSetPinDirection(KPD_R1, INPUT);
    2618:	82 e0       	ldi	r24, 0x02	; 2
    261a:	61 e0       	ldi	r22, 0x01	; 1
    261c:	40 e0       	ldi	r20, 0x00	; 0
    261e:	0e 94 19 0a 	call	0x1432	; 0x1432 <DIO_voidSetPinDirection>
    DIO_voidSetPinDirection(KPD_R2, INPUT);
    2622:	82 e0       	ldi	r24, 0x02	; 2
    2624:	62 e0       	ldi	r22, 0x02	; 2
    2626:	40 e0       	ldi	r20, 0x00	; 0
    2628:	0e 94 19 0a 	call	0x1432	; 0x1432 <DIO_voidSetPinDirection>
    DIO_voidSetPinDirection(KPD_R3, INPUT);
    262c:	82 e0       	ldi	r24, 0x02	; 2
    262e:	63 e0       	ldi	r22, 0x03	; 3
    2630:	40 e0       	ldi	r20, 0x00	; 0
    2632:	0e 94 19 0a 	call	0x1432	; 0x1432 <DIO_voidSetPinDirection>

    DIO_voidSetPinValue(KPD_R0, HIGH);
    2636:	82 e0       	ldi	r24, 0x02	; 2
    2638:	60 e0       	ldi	r22, 0x00	; 0
    263a:	41 e0       	ldi	r20, 0x01	; 1
    263c:	0e 94 1d 0b 	call	0x163a	; 0x163a <DIO_voidSetPinValue>
    DIO_voidSetPinValue(KPD_R1, HIGH);
    2640:	82 e0       	ldi	r24, 0x02	; 2
    2642:	61 e0       	ldi	r22, 0x01	; 1
    2644:	41 e0       	ldi	r20, 0x01	; 1
    2646:	0e 94 1d 0b 	call	0x163a	; 0x163a <DIO_voidSetPinValue>
    DIO_voidSetPinValue(KPD_R2, HIGH);
    264a:	82 e0       	ldi	r24, 0x02	; 2
    264c:	62 e0       	ldi	r22, 0x02	; 2
    264e:	41 e0       	ldi	r20, 0x01	; 1
    2650:	0e 94 1d 0b 	call	0x163a	; 0x163a <DIO_voidSetPinValue>
    DIO_voidSetPinValue(KPD_R3, HIGH);
    2654:	82 e0       	ldi	r24, 0x02	; 2
    2656:	63 e0       	ldi	r22, 0x03	; 3
    2658:	41 e0       	ldi	r20, 0x01	; 1
    265a:	0e 94 1d 0b 	call	0x163a	; 0x163a <DIO_voidSetPinValue>

    /* Columns Output */

    DIO_voidSetPinDirection(KPD_C0, OUTPUT);
    265e:	82 e0       	ldi	r24, 0x02	; 2
    2660:	64 e0       	ldi	r22, 0x04	; 4
    2662:	41 e0       	ldi	r20, 0x01	; 1
    2664:	0e 94 19 0a 	call	0x1432	; 0x1432 <DIO_voidSetPinDirection>
    DIO_voidSetPinDirection(KPD_C1, OUTPUT);
    2668:	82 e0       	ldi	r24, 0x02	; 2
    266a:	65 e0       	ldi	r22, 0x05	; 5
    266c:	41 e0       	ldi	r20, 0x01	; 1
    266e:	0e 94 19 0a 	call	0x1432	; 0x1432 <DIO_voidSetPinDirection>
    DIO_voidSetPinDirection(KPD_C2, OUTPUT);
    2672:	82 e0       	ldi	r24, 0x02	; 2
    2674:	66 e0       	ldi	r22, 0x06	; 6
    2676:	41 e0       	ldi	r20, 0x01	; 1
    2678:	0e 94 19 0a 	call	0x1432	; 0x1432 <DIO_voidSetPinDirection>
    DIO_voidSetPinDirection(KPD_C3, OUTPUT);
    267c:	82 e0       	ldi	r24, 0x02	; 2
    267e:	67 e0       	ldi	r22, 0x07	; 7
    2680:	41 e0       	ldi	r20, 0x01	; 1
    2682:	0e 94 19 0a 	call	0x1432	; 0x1432 <DIO_voidSetPinDirection>

    DIO_voidSetPinValue(KPD_C0, HIGH);
    2686:	82 e0       	ldi	r24, 0x02	; 2
    2688:	64 e0       	ldi	r22, 0x04	; 4
    268a:	41 e0       	ldi	r20, 0x01	; 1
    268c:	0e 94 1d 0b 	call	0x163a	; 0x163a <DIO_voidSetPinValue>
    DIO_voidSetPinValue(KPD_C1, HIGH);
    2690:	82 e0       	ldi	r24, 0x02	; 2
    2692:	65 e0       	ldi	r22, 0x05	; 5
    2694:	41 e0       	ldi	r20, 0x01	; 1
    2696:	0e 94 1d 0b 	call	0x163a	; 0x163a <DIO_voidSetPinValue>
    DIO_voidSetPinValue(KPD_C2, HIGH);
    269a:	82 e0       	ldi	r24, 0x02	; 2
    269c:	66 e0       	ldi	r22, 0x06	; 6
    269e:	41 e0       	ldi	r20, 0x01	; 1
    26a0:	0e 94 1d 0b 	call	0x163a	; 0x163a <DIO_voidSetPinValue>
    DIO_voidSetPinValue(KPD_C3, HIGH);
    26a4:	82 e0       	ldi	r24, 0x02	; 2
    26a6:	67 e0       	ldi	r22, 0x07	; 7
    26a8:	41 e0       	ldi	r20, 0x01	; 1
    26aa:	0e 94 1d 0b 	call	0x163a	; 0x163a <DIO_voidSetPinValue>
}
    26ae:	cf 91       	pop	r28
    26b0:	df 91       	pop	r29
    26b2:	08 95       	ret

000026b4 <KPD_u8GetPressedKey>:

u8 KPD_u8GetPressedKey(void)
{
    26b4:	df 93       	push	r29
    26b6:	cf 93       	push	r28
    26b8:	cd b7       	in	r28, 0x3d	; 61
    26ba:	de b7       	in	r29, 0x3e	; 62
    26bc:	2b 97       	sbiw	r28, 0x0b	; 11
    26be:	0f b6       	in	r0, 0x3f	; 63
    26c0:	f8 94       	cli
    26c2:	de bf       	out	0x3e, r29	; 62
    26c4:	0f be       	out	0x3f, r0	; 63
    26c6:	cd bf       	out	0x3d, r28	; 61
    u8 Local_u8PressedKey = KPD_NOT_PRESSED;
    26c8:	8f ef       	ldi	r24, 0xFF	; 255
    26ca:	8c 83       	std	Y+4, r24	; 0x04
    u8 Local_u8Row;
    u8 Local_u8Col;
    u8 Local_u8PinValue;

    for(Local_u8Col = 0 ; Local_u8Col < KPD_COLS_NUM ; Local_u8Col++)
    26cc:	1a 82       	std	Y+2, r1	; 0x02
    26ce:	df c0       	rjmp	.+446    	; 0x288e <KPD_u8GetPressedKey+0x1da>
    {
        /* Make all columns HIGH */

        DIO_voidSetPinValue(KPD_C0,HIGH);
    26d0:	82 e0       	ldi	r24, 0x02	; 2
    26d2:	64 e0       	ldi	r22, 0x04	; 4
    26d4:	41 e0       	ldi	r20, 0x01	; 1
    26d6:	0e 94 1d 0b 	call	0x163a	; 0x163a <DIO_voidSetPinValue>
        DIO_voidSetPinValue(KPD_C1,HIGH);
    26da:	82 e0       	ldi	r24, 0x02	; 2
    26dc:	65 e0       	ldi	r22, 0x05	; 5
    26de:	41 e0       	ldi	r20, 0x01	; 1
    26e0:	0e 94 1d 0b 	call	0x163a	; 0x163a <DIO_voidSetPinValue>
        DIO_voidSetPinValue(KPD_C2,HIGH);
    26e4:	82 e0       	ldi	r24, 0x02	; 2
    26e6:	66 e0       	ldi	r22, 0x06	; 6
    26e8:	41 e0       	ldi	r20, 0x01	; 1
    26ea:	0e 94 1d 0b 	call	0x163a	; 0x163a <DIO_voidSetPinValue>
        DIO_voidSetPinValue(KPD_C3,HIGH);
    26ee:	82 e0       	ldi	r24, 0x02	; 2
    26f0:	67 e0       	ldi	r22, 0x07	; 7
    26f2:	41 e0       	ldi	r20, 0x01	; 1
    26f4:	0e 94 1d 0b 	call	0x163a	; 0x163a <DIO_voidSetPinValue>

        /* Make current column LOW */

        switch(Local_u8Col)
    26f8:	8a 81       	ldd	r24, Y+2	; 0x02
    26fa:	28 2f       	mov	r18, r24
    26fc:	30 e0       	ldi	r19, 0x00	; 0
    26fe:	3b 87       	std	Y+11, r19	; 0x0b
    2700:	2a 87       	std	Y+10, r18	; 0x0a
    2702:	8a 85       	ldd	r24, Y+10	; 0x0a
    2704:	9b 85       	ldd	r25, Y+11	; 0x0b
    2706:	81 30       	cpi	r24, 0x01	; 1
    2708:	91 05       	cpc	r25, r1
    270a:	d9 f0       	breq	.+54     	; 0x2742 <KPD_u8GetPressedKey+0x8e>
    270c:	2a 85       	ldd	r18, Y+10	; 0x0a
    270e:	3b 85       	ldd	r19, Y+11	; 0x0b
    2710:	22 30       	cpi	r18, 0x02	; 2
    2712:	31 05       	cpc	r19, r1
    2714:	2c f4       	brge	.+10     	; 0x2720 <KPD_u8GetPressedKey+0x6c>
    2716:	8a 85       	ldd	r24, Y+10	; 0x0a
    2718:	9b 85       	ldd	r25, Y+11	; 0x0b
    271a:	00 97       	sbiw	r24, 0x00	; 0
    271c:	61 f0       	breq	.+24     	; 0x2736 <KPD_u8GetPressedKey+0x82>
    271e:	22 c0       	rjmp	.+68     	; 0x2764 <KPD_u8GetPressedKey+0xb0>
    2720:	2a 85       	ldd	r18, Y+10	; 0x0a
    2722:	3b 85       	ldd	r19, Y+11	; 0x0b
    2724:	22 30       	cpi	r18, 0x02	; 2
    2726:	31 05       	cpc	r19, r1
    2728:	91 f0       	breq	.+36     	; 0x274e <KPD_u8GetPressedKey+0x9a>
    272a:	8a 85       	ldd	r24, Y+10	; 0x0a
    272c:	9b 85       	ldd	r25, Y+11	; 0x0b
    272e:	83 30       	cpi	r24, 0x03	; 3
    2730:	91 05       	cpc	r25, r1
    2732:	99 f0       	breq	.+38     	; 0x275a <KPD_u8GetPressedKey+0xa6>
    2734:	17 c0       	rjmp	.+46     	; 0x2764 <KPD_u8GetPressedKey+0xb0>
        {
            case 0: DIO_voidSetPinValue(KPD_C0,LOW); break;
    2736:	82 e0       	ldi	r24, 0x02	; 2
    2738:	64 e0       	ldi	r22, 0x04	; 4
    273a:	40 e0       	ldi	r20, 0x00	; 0
    273c:	0e 94 1d 0b 	call	0x163a	; 0x163a <DIO_voidSetPinValue>
    2740:	11 c0       	rjmp	.+34     	; 0x2764 <KPD_u8GetPressedKey+0xb0>
            case 1: DIO_voidSetPinValue(KPD_C1,LOW); break;
    2742:	82 e0       	ldi	r24, 0x02	; 2
    2744:	65 e0       	ldi	r22, 0x05	; 5
    2746:	40 e0       	ldi	r20, 0x00	; 0
    2748:	0e 94 1d 0b 	call	0x163a	; 0x163a <DIO_voidSetPinValue>
    274c:	0b c0       	rjmp	.+22     	; 0x2764 <KPD_u8GetPressedKey+0xb0>
            case 2: DIO_voidSetPinValue(KPD_C2,LOW); break;
    274e:	82 e0       	ldi	r24, 0x02	; 2
    2750:	66 e0       	ldi	r22, 0x06	; 6
    2752:	40 e0       	ldi	r20, 0x00	; 0
    2754:	0e 94 1d 0b 	call	0x163a	; 0x163a <DIO_voidSetPinValue>
    2758:	05 c0       	rjmp	.+10     	; 0x2764 <KPD_u8GetPressedKey+0xb0>
            case 3: DIO_voidSetPinValue(KPD_C3,LOW); break;
    275a:	82 e0       	ldi	r24, 0x02	; 2
    275c:	67 e0       	ldi	r22, 0x07	; 7
    275e:	40 e0       	ldi	r20, 0x00	; 0
    2760:	0e 94 1d 0b 	call	0x163a	; 0x163a <DIO_voidSetPinValue>
        }

        for(Local_u8Row = 0 ; Local_u8Row < KPD_ROWS_NUM ; Local_u8Row++)
    2764:	1b 82       	std	Y+3, r1	; 0x03
    2766:	8c c0       	rjmp	.+280    	; 0x2880 <KPD_u8GetPressedKey+0x1cc>
        {
            switch(Local_u8Row)
    2768:	8b 81       	ldd	r24, Y+3	; 0x03
    276a:	28 2f       	mov	r18, r24
    276c:	30 e0       	ldi	r19, 0x00	; 0
    276e:	39 87       	std	Y+9, r19	; 0x09
    2770:	28 87       	std	Y+8, r18	; 0x08
    2772:	88 85       	ldd	r24, Y+8	; 0x08
    2774:	99 85       	ldd	r25, Y+9	; 0x09
    2776:	81 30       	cpi	r24, 0x01	; 1
    2778:	91 05       	cpc	r25, r1
    277a:	d9 f0       	breq	.+54     	; 0x27b2 <KPD_u8GetPressedKey+0xfe>
    277c:	28 85       	ldd	r18, Y+8	; 0x08
    277e:	39 85       	ldd	r19, Y+9	; 0x09
    2780:	22 30       	cpi	r18, 0x02	; 2
    2782:	31 05       	cpc	r19, r1
    2784:	2c f4       	brge	.+10     	; 0x2790 <KPD_u8GetPressedKey+0xdc>
    2786:	88 85       	ldd	r24, Y+8	; 0x08
    2788:	99 85       	ldd	r25, Y+9	; 0x09
    278a:	00 97       	sbiw	r24, 0x00	; 0
    278c:	61 f0       	breq	.+24     	; 0x27a6 <KPD_u8GetPressedKey+0xf2>
    278e:	22 c0       	rjmp	.+68     	; 0x27d4 <KPD_u8GetPressedKey+0x120>
    2790:	28 85       	ldd	r18, Y+8	; 0x08
    2792:	39 85       	ldd	r19, Y+9	; 0x09
    2794:	22 30       	cpi	r18, 0x02	; 2
    2796:	31 05       	cpc	r19, r1
    2798:	91 f0       	breq	.+36     	; 0x27be <KPD_u8GetPressedKey+0x10a>
    279a:	88 85       	ldd	r24, Y+8	; 0x08
    279c:	99 85       	ldd	r25, Y+9	; 0x09
    279e:	83 30       	cpi	r24, 0x03	; 3
    27a0:	91 05       	cpc	r25, r1
    27a2:	99 f0       	breq	.+38     	; 0x27ca <KPD_u8GetPressedKey+0x116>
    27a4:	17 c0       	rjmp	.+46     	; 0x27d4 <KPD_u8GetPressedKey+0x120>
            {
                case 0:
                    Local_u8PinValue = DIO_u8GetPinValue(KPD_R0);
    27a6:	82 e0       	ldi	r24, 0x02	; 2
    27a8:	60 e0       	ldi	r22, 0x00	; 0
    27aa:	0e 94 21 0c 	call	0x1842	; 0x1842 <DIO_u8GetPinValue>
    27ae:	89 83       	std	Y+1, r24	; 0x01
    27b0:	11 c0       	rjmp	.+34     	; 0x27d4 <KPD_u8GetPressedKey+0x120>
                    break;

                case 1:
                    Local_u8PinValue = DIO_u8GetPinValue(KPD_R1);
    27b2:	82 e0       	ldi	r24, 0x02	; 2
    27b4:	61 e0       	ldi	r22, 0x01	; 1
    27b6:	0e 94 21 0c 	call	0x1842	; 0x1842 <DIO_u8GetPinValue>
    27ba:	89 83       	std	Y+1, r24	; 0x01
    27bc:	0b c0       	rjmp	.+22     	; 0x27d4 <KPD_u8GetPressedKey+0x120>
                    break;

                case 2:
                    Local_u8PinValue = DIO_u8GetPinValue(KPD_R2);
    27be:	82 e0       	ldi	r24, 0x02	; 2
    27c0:	62 e0       	ldi	r22, 0x02	; 2
    27c2:	0e 94 21 0c 	call	0x1842	; 0x1842 <DIO_u8GetPinValue>
    27c6:	89 83       	std	Y+1, r24	; 0x01
    27c8:	05 c0       	rjmp	.+10     	; 0x27d4 <KPD_u8GetPressedKey+0x120>
                    break;

                case 3:
                    Local_u8PinValue = DIO_u8GetPinValue(KPD_R3);
    27ca:	82 e0       	ldi	r24, 0x02	; 2
    27cc:	63 e0       	ldi	r22, 0x03	; 3
    27ce:	0e 94 21 0c 	call	0x1842	; 0x1842 <DIO_u8GetPinValue>
    27d2:	89 83       	std	Y+1, r24	; 0x01
                    break;
            }

            if(Local_u8PinValue == LOW)
    27d4:	89 81       	ldd	r24, Y+1	; 0x01
    27d6:	88 23       	and	r24, r24
    27d8:	09 f0       	breq	.+2      	; 0x27dc <KPD_u8GetPressedKey+0x128>
    27da:	4f c0       	rjmp	.+158    	; 0x287a <KPD_u8GetPressedKey+0x1c6>
            {
                Local_u8PressedKey = KPD_u8Keys[Local_u8Row][Local_u8Col];
    27dc:	8b 81       	ldd	r24, Y+3	; 0x03
    27de:	48 2f       	mov	r20, r24
    27e0:	50 e0       	ldi	r21, 0x00	; 0
    27e2:	8a 81       	ldd	r24, Y+2	; 0x02
    27e4:	28 2f       	mov	r18, r24
    27e6:	30 e0       	ldi	r19, 0x00	; 0
    27e8:	ca 01       	movw	r24, r20
    27ea:	88 0f       	add	r24, r24
    27ec:	99 1f       	adc	r25, r25
    27ee:	88 0f       	add	r24, r24
    27f0:	99 1f       	adc	r25, r25
    27f2:	82 0f       	add	r24, r18
    27f4:	93 1f       	adc	r25, r19
    27f6:	fc 01       	movw	r30, r24
    27f8:	e6 54       	subi	r30, 0x46	; 70
    27fa:	fe 4f       	sbci	r31, 0xFE	; 254
    27fc:	80 81       	ld	r24, Z
    27fe:	8c 83       	std	Y+4, r24	; 0x04
    2800:	36 c0       	rjmp	.+108    	; 0x286e <KPD_u8GetPressedKey+0x1ba>

                /* Wait until key released */

                while(Local_u8PinValue == LOW)
                {
                    switch(Local_u8Row)
    2802:	8b 81       	ldd	r24, Y+3	; 0x03
    2804:	28 2f       	mov	r18, r24
    2806:	30 e0       	ldi	r19, 0x00	; 0
    2808:	3f 83       	std	Y+7, r19	; 0x07
    280a:	2e 83       	std	Y+6, r18	; 0x06
    280c:	8e 81       	ldd	r24, Y+6	; 0x06
    280e:	9f 81       	ldd	r25, Y+7	; 0x07
    2810:	81 30       	cpi	r24, 0x01	; 1
    2812:	91 05       	cpc	r25, r1
    2814:	d9 f0       	breq	.+54     	; 0x284c <KPD_u8GetPressedKey+0x198>
    2816:	2e 81       	ldd	r18, Y+6	; 0x06
    2818:	3f 81       	ldd	r19, Y+7	; 0x07
    281a:	22 30       	cpi	r18, 0x02	; 2
    281c:	31 05       	cpc	r19, r1
    281e:	2c f4       	brge	.+10     	; 0x282a <KPD_u8GetPressedKey+0x176>
    2820:	8e 81       	ldd	r24, Y+6	; 0x06
    2822:	9f 81       	ldd	r25, Y+7	; 0x07
    2824:	00 97       	sbiw	r24, 0x00	; 0
    2826:	61 f0       	breq	.+24     	; 0x2840 <KPD_u8GetPressedKey+0x18c>
    2828:	22 c0       	rjmp	.+68     	; 0x286e <KPD_u8GetPressedKey+0x1ba>
    282a:	2e 81       	ldd	r18, Y+6	; 0x06
    282c:	3f 81       	ldd	r19, Y+7	; 0x07
    282e:	22 30       	cpi	r18, 0x02	; 2
    2830:	31 05       	cpc	r19, r1
    2832:	91 f0       	breq	.+36     	; 0x2858 <KPD_u8GetPressedKey+0x1a4>
    2834:	8e 81       	ldd	r24, Y+6	; 0x06
    2836:	9f 81       	ldd	r25, Y+7	; 0x07
    2838:	83 30       	cpi	r24, 0x03	; 3
    283a:	91 05       	cpc	r25, r1
    283c:	99 f0       	breq	.+38     	; 0x2864 <KPD_u8GetPressedKey+0x1b0>
    283e:	17 c0       	rjmp	.+46     	; 0x286e <KPD_u8GetPressedKey+0x1ba>
                    {
                        case 0:
                            Local_u8PinValue = DIO_u8GetPinValue(KPD_R0);
    2840:	82 e0       	ldi	r24, 0x02	; 2
    2842:	60 e0       	ldi	r22, 0x00	; 0
    2844:	0e 94 21 0c 	call	0x1842	; 0x1842 <DIO_u8GetPinValue>
    2848:	89 83       	std	Y+1, r24	; 0x01
    284a:	11 c0       	rjmp	.+34     	; 0x286e <KPD_u8GetPressedKey+0x1ba>
                            break;

                        case 1:
                            Local_u8PinValue = DIO_u8GetPinValue(KPD_R1);
    284c:	82 e0       	ldi	r24, 0x02	; 2
    284e:	61 e0       	ldi	r22, 0x01	; 1
    2850:	0e 94 21 0c 	call	0x1842	; 0x1842 <DIO_u8GetPinValue>
    2854:	89 83       	std	Y+1, r24	; 0x01
    2856:	0b c0       	rjmp	.+22     	; 0x286e <KPD_u8GetPressedKey+0x1ba>
                            break;

                        case 2:
                            Local_u8PinValue = DIO_u8GetPinValue(KPD_R2);
    2858:	82 e0       	ldi	r24, 0x02	; 2
    285a:	62 e0       	ldi	r22, 0x02	; 2
    285c:	0e 94 21 0c 	call	0x1842	; 0x1842 <DIO_u8GetPinValue>
    2860:	89 83       	std	Y+1, r24	; 0x01
    2862:	05 c0       	rjmp	.+10     	; 0x286e <KPD_u8GetPressedKey+0x1ba>
                            break;

                        case 3:
                            Local_u8PinValue = DIO_u8GetPinValue(KPD_R3);
    2864:	82 e0       	ldi	r24, 0x02	; 2
    2866:	63 e0       	ldi	r22, 0x03	; 3
    2868:	0e 94 21 0c 	call	0x1842	; 0x1842 <DIO_u8GetPinValue>
    286c:	89 83       	std	Y+1, r24	; 0x01
            {
                Local_u8PressedKey = KPD_u8Keys[Local_u8Row][Local_u8Col];

                /* Wait until key released */

                while(Local_u8PinValue == LOW)
    286e:	89 81       	ldd	r24, Y+1	; 0x01
    2870:	88 23       	and	r24, r24
    2872:	39 f2       	breq	.-114    	; 0x2802 <KPD_u8GetPressedKey+0x14e>
                            Local_u8PinValue = DIO_u8GetPinValue(KPD_R3);
                            break;
                    }
                }

                return Local_u8PressedKey;
    2874:	9c 81       	ldd	r25, Y+4	; 0x04
    2876:	9d 83       	std	Y+5, r25	; 0x05
    2878:	10 c0       	rjmp	.+32     	; 0x289a <KPD_u8GetPressedKey+0x1e6>
            case 1: DIO_voidSetPinValue(KPD_C1,LOW); break;
            case 2: DIO_voidSetPinValue(KPD_C2,LOW); break;
            case 3: DIO_voidSetPinValue(KPD_C3,LOW); break;
        }

        for(Local_u8Row = 0 ; Local_u8Row < KPD_ROWS_NUM ; Local_u8Row++)
    287a:	8b 81       	ldd	r24, Y+3	; 0x03
    287c:	8f 5f       	subi	r24, 0xFF	; 255
    287e:	8b 83       	std	Y+3, r24	; 0x03
    2880:	8b 81       	ldd	r24, Y+3	; 0x03
    2882:	84 30       	cpi	r24, 0x04	; 4
    2884:	08 f4       	brcc	.+2      	; 0x2888 <KPD_u8GetPressedKey+0x1d4>
    2886:	70 cf       	rjmp	.-288    	; 0x2768 <KPD_u8GetPressedKey+0xb4>
    u8 Local_u8PressedKey = KPD_NOT_PRESSED;
    u8 Local_u8Row;
    u8 Local_u8Col;
    u8 Local_u8PinValue;

    for(Local_u8Col = 0 ; Local_u8Col < KPD_COLS_NUM ; Local_u8Col++)
    2888:	8a 81       	ldd	r24, Y+2	; 0x02
    288a:	8f 5f       	subi	r24, 0xFF	; 255
    288c:	8a 83       	std	Y+2, r24	; 0x02
    288e:	8a 81       	ldd	r24, Y+2	; 0x02
    2890:	84 30       	cpi	r24, 0x04	; 4
    2892:	08 f4       	brcc	.+2      	; 0x2896 <KPD_u8GetPressedKey+0x1e2>
    2894:	1d cf       	rjmp	.-454    	; 0x26d0 <KPD_u8GetPressedKey+0x1c>
                return Local_u8PressedKey;
            }
        }
    }

    return KPD_NOT_PRESSED;
    2896:	2f ef       	ldi	r18, 0xFF	; 255
    2898:	2d 83       	std	Y+5, r18	; 0x05
    289a:	8d 81       	ldd	r24, Y+5	; 0x05
}
    289c:	2b 96       	adiw	r28, 0x0b	; 11
    289e:	0f b6       	in	r0, 0x3f	; 63
    28a0:	f8 94       	cli
    28a2:	de bf       	out	0x3e, r29	; 62
    28a4:	0f be       	out	0x3f, r0	; 63
    28a6:	cd bf       	out	0x3d, r28	; 61
    28a8:	cf 91       	pop	r28
    28aa:	df 91       	pop	r29
    28ac:	08 95       	ret

000028ae <TIM0_1sCallback>:

/*============================================================================
 *  TIM0 CTC Callback — fires every ~16ms, counts to 1 second
 *============================================================================*/
static void TIM0_1sCallback(void)
{
    28ae:	df 93       	push	r29
    28b0:	cf 93       	push	r28
    28b2:	cd b7       	in	r28, 0x3d	; 61
    28b4:	de b7       	in	r29, 0x3e	; 62
    G_TickCnt++;
    28b6:	80 91 dc 01 	lds	r24, 0x01DC
    28ba:	8f 5f       	subi	r24, 0xFF	; 255
    28bc:	80 93 dc 01 	sts	0x01DC, r24
    if (G_TickCnt >= TICKS_PER_SEC)
    28c0:	80 91 dc 01 	lds	r24, 0x01DC
    28c4:	8f 33       	cpi	r24, 0x3F	; 63
    28c6:	28 f0       	brcs	.+10     	; 0x28d2 <TIM0_1sCallback+0x24>
    {
        G_TickCnt    = 0u;
    28c8:	10 92 dc 01 	sts	0x01DC, r1
        G_SecondFlag = 1u;   /* tell main loop: 1 second elapsed */
    28cc:	81 e0       	ldi	r24, 0x01	; 1
    28ce:	80 93 d6 01 	sts	0x01D6, r24
    }
}
    28d2:	cf 91       	pop	r28
    28d4:	df 91       	pop	r29
    28d6:	08 95       	ret

000028d8 <EXTI0_DisconnectCallback>:

/*============================================================================
 *  EXTI INT0 Callback — falling edge on PD2 => battery disconnected
 *============================================================================*/
static void EXTI0_DisconnectCallback(void)
{
    28d8:	df 93       	push	r29
    28da:	cf 93       	push	r28
    28dc:	cd b7       	in	r28, 0x3d	; 61
    28de:	de b7       	in	r29, 0x3e	; 62
    G_DisconnectFlag = 1u;
    28e0:	81 e0       	ldi	r24, 0x01	; 1
    28e2:	80 93 d7 01 	sts	0x01D7, r24
}
    28e6:	cf 91       	pop	r28
    28e8:	df 91       	pop	r29
    28ea:	08 95       	ret

000028ec <LCD_PrintVoltage>:
/*============================================================================
 *  Helper: convert ADC value to voltage string and send to LCD
 *  Format: "XX.XV"
 *============================================================================*/
static void LCD_PrintVoltage(u16 Copy_u16ADC)
{
    28ec:	df 93       	push	r29
    28ee:	cf 93       	push	r28
    28f0:	cd b7       	in	r28, 0x3d	; 61
    28f2:	de b7       	in	r29, 0x3e	; 62
    28f4:	28 97       	sbiw	r28, 0x08	; 8
    28f6:	0f b6       	in	r0, 0x3f	; 63
    28f8:	f8 94       	cli
    28fa:	de bf       	out	0x3e, r29	; 62
    28fc:	0f be       	out	0x3f, r0	; 63
    28fe:	cd bf       	out	0x3d, r28	; 61
    2900:	98 87       	std	Y+8, r25	; 0x08
    2902:	8f 83       	std	Y+7, r24	; 0x07
    /* V_bat(mV) = ADC * 5000 * 3 / 1024  (divider ratio = 3) */
    u32 mV    = ((u32)Copy_u16ADC * 15000UL) / 1024UL;
    2904:	8f 81       	ldd	r24, Y+7	; 0x07
    2906:	98 85       	ldd	r25, Y+8	; 0x08
    2908:	cc 01       	movw	r24, r24
    290a:	a0 e0       	ldi	r26, 0x00	; 0
    290c:	b0 e0       	ldi	r27, 0x00	; 0
    290e:	28 e9       	ldi	r18, 0x98	; 152
    2910:	3a e3       	ldi	r19, 0x3A	; 58
    2912:	40 e0       	ldi	r20, 0x00	; 0
    2914:	50 e0       	ldi	r21, 0x00	; 0
    2916:	bc 01       	movw	r22, r24
    2918:	cd 01       	movw	r24, r26
    291a:	0e 94 54 19 	call	0x32a8	; 0x32a8 <__mulsi3>
    291e:	dc 01       	movw	r26, r24
    2920:	cb 01       	movw	r24, r22
    2922:	07 2e       	mov	r0, r23
    2924:	7a e0       	ldi	r23, 0x0A	; 10
    2926:	b6 95       	lsr	r27
    2928:	a7 95       	ror	r26
    292a:	97 95       	ror	r25
    292c:	87 95       	ror	r24
    292e:	7a 95       	dec	r23
    2930:	d1 f7       	brne	.-12     	; 0x2926 <LCD_PrintVoltage+0x3a>
    2932:	70 2d       	mov	r23, r0
    2934:	8b 83       	std	Y+3, r24	; 0x03
    2936:	9c 83       	std	Y+4, r25	; 0x04
    2938:	ad 83       	std	Y+5, r26	; 0x05
    293a:	be 83       	std	Y+6, r27	; 0x06
    u8  volts = (u8)(mV / 1000u);
    293c:	8b 81       	ldd	r24, Y+3	; 0x03
    293e:	9c 81       	ldd	r25, Y+4	; 0x04
    2940:	ad 81       	ldd	r26, Y+5	; 0x05
    2942:	be 81       	ldd	r27, Y+6	; 0x06
    2944:	28 ee       	ldi	r18, 0xE8	; 232
    2946:	33 e0       	ldi	r19, 0x03	; 3
    2948:	40 e0       	ldi	r20, 0x00	; 0
    294a:	50 e0       	ldi	r21, 0x00	; 0
    294c:	bc 01       	movw	r22, r24
    294e:	cd 01       	movw	r24, r26
    2950:	0e 94 73 19 	call	0x32e6	; 0x32e6 <__udivmodsi4>
    2954:	da 01       	movw	r26, r20
    2956:	c9 01       	movw	r24, r18
    2958:	8a 83       	std	Y+2, r24	; 0x02
    u8  tenth = (u8)((mV % 1000u) / 100u);
    295a:	8b 81       	ldd	r24, Y+3	; 0x03
    295c:	9c 81       	ldd	r25, Y+4	; 0x04
    295e:	ad 81       	ldd	r26, Y+5	; 0x05
    2960:	be 81       	ldd	r27, Y+6	; 0x06
    2962:	28 ee       	ldi	r18, 0xE8	; 232
    2964:	33 e0       	ldi	r19, 0x03	; 3
    2966:	40 e0       	ldi	r20, 0x00	; 0
    2968:	50 e0       	ldi	r21, 0x00	; 0
    296a:	bc 01       	movw	r22, r24
    296c:	cd 01       	movw	r24, r26
    296e:	0e 94 73 19 	call	0x32e6	; 0x32e6 <__udivmodsi4>
    2972:	dc 01       	movw	r26, r24
    2974:	cb 01       	movw	r24, r22
    2976:	24 e6       	ldi	r18, 0x64	; 100
    2978:	30 e0       	ldi	r19, 0x00	; 0
    297a:	40 e0       	ldi	r20, 0x00	; 0
    297c:	50 e0       	ldi	r21, 0x00	; 0
    297e:	bc 01       	movw	r22, r24
    2980:	cd 01       	movw	r24, r26
    2982:	0e 94 73 19 	call	0x32e6	; 0x32e6 <__udivmodsi4>
    2986:	da 01       	movw	r26, r20
    2988:	c9 01       	movw	r24, r18
    298a:	89 83       	std	Y+1, r24	; 0x01

    LCD_voidSendNumber((s32)volts);
    298c:	8a 81       	ldd	r24, Y+2	; 0x02
    298e:	88 2f       	mov	r24, r24
    2990:	90 e0       	ldi	r25, 0x00	; 0
    2992:	a0 e0       	ldi	r26, 0x00	; 0
    2994:	b0 e0       	ldi	r27, 0x00	; 0
    2996:	bc 01       	movw	r22, r24
    2998:	cd 01       	movw	r24, r26
    299a:	0e 94 c3 12 	call	0x2586	; 0x2586 <LCD_voidSendNumber>
    LCD_voidSendString(".");
    299e:	84 e6       	ldi	r24, 0x64	; 100
    29a0:	90 e0       	ldi	r25, 0x00	; 0
    29a2:	0e 94 f7 11 	call	0x23ee	; 0x23ee <LCD_voidSendString>
    LCD_voidSendNumber((s32)tenth);
    29a6:	89 81       	ldd	r24, Y+1	; 0x01
    29a8:	88 2f       	mov	r24, r24
    29aa:	90 e0       	ldi	r25, 0x00	; 0
    29ac:	a0 e0       	ldi	r26, 0x00	; 0
    29ae:	b0 e0       	ldi	r27, 0x00	; 0
    29b0:	bc 01       	movw	r22, r24
    29b2:	cd 01       	movw	r24, r26
    29b4:	0e 94 c3 12 	call	0x2586	; 0x2586 <LCD_voidSendNumber>
    LCD_voidSendString("V");
    29b8:	86 e6       	ldi	r24, 0x66	; 102
    29ba:	90 e0       	ldi	r25, 0x00	; 0
    29bc:	0e 94 f7 11 	call	0x23ee	; 0x23ee <LCD_voidSendString>
}
    29c0:	28 96       	adiw	r28, 0x08	; 8
    29c2:	0f b6       	in	r0, 0x3f	; 63
    29c4:	f8 94       	cli
    29c6:	de bf       	out	0x3e, r29	; 62
    29c8:	0f be       	out	0x3f, r0	; 63
    29ca:	cd bf       	out	0x3d, r28	; 61
    29cc:	cf 91       	pop	r28
    29ce:	df 91       	pop	r29
    29d0:	08 95       	ret

000029d2 <LCD_PrintTemp>:
/*============================================================================
 *  Helper: convert ADC value to temperature and send to LCD
 *  Format: "XXC"
 *============================================================================*/
static void LCD_PrintTemp(u16 Copy_u16ADC)
{
    29d2:	df 93       	push	r29
    29d4:	cf 93       	push	r28
    29d6:	00 d0       	rcall	.+0      	; 0x29d8 <LCD_PrintTemp+0x6>
    29d8:	00 d0       	rcall	.+0      	; 0x29da <LCD_PrintTemp+0x8>
    29da:	cd b7       	in	r28, 0x3d	; 61
    29dc:	de b7       	in	r29, 0x3e	; 62
    29de:	9c 83       	std	Y+4, r25	; 0x04
    29e0:	8b 83       	std	Y+3, r24	; 0x03
    /* Temp(C) = ADC * 500 / 1024  (LM35: 10mV/C, AVCC=5V) */
    u16 temp = (u16)((u32)Copy_u16ADC * 500UL / 1024UL);
    29e2:	8b 81       	ldd	r24, Y+3	; 0x03
    29e4:	9c 81       	ldd	r25, Y+4	; 0x04
    29e6:	cc 01       	movw	r24, r24
    29e8:	a0 e0       	ldi	r26, 0x00	; 0
    29ea:	b0 e0       	ldi	r27, 0x00	; 0
    29ec:	24 ef       	ldi	r18, 0xF4	; 244
    29ee:	31 e0       	ldi	r19, 0x01	; 1
    29f0:	40 e0       	ldi	r20, 0x00	; 0
    29f2:	50 e0       	ldi	r21, 0x00	; 0
    29f4:	bc 01       	movw	r22, r24
    29f6:	cd 01       	movw	r24, r26
    29f8:	0e 94 54 19 	call	0x32a8	; 0x32a8 <__mulsi3>
    29fc:	dc 01       	movw	r26, r24
    29fe:	cb 01       	movw	r24, r22
    2a00:	07 2e       	mov	r0, r23
    2a02:	7a e0       	ldi	r23, 0x0A	; 10
    2a04:	b6 95       	lsr	r27
    2a06:	a7 95       	ror	r26
    2a08:	97 95       	ror	r25
    2a0a:	87 95       	ror	r24
    2a0c:	7a 95       	dec	r23
    2a0e:	d1 f7       	brne	.-12     	; 0x2a04 <LCD_PrintTemp+0x32>
    2a10:	70 2d       	mov	r23, r0
    2a12:	9a 83       	std	Y+2, r25	; 0x02
    2a14:	89 83       	std	Y+1, r24	; 0x01

    LCD_voidSendNumber((s32)temp);
    2a16:	89 81       	ldd	r24, Y+1	; 0x01
    2a18:	9a 81       	ldd	r25, Y+2	; 0x02
    2a1a:	cc 01       	movw	r24, r24
    2a1c:	a0 e0       	ldi	r26, 0x00	; 0
    2a1e:	b0 e0       	ldi	r27, 0x00	; 0
    2a20:	bc 01       	movw	r22, r24
    2a22:	cd 01       	movw	r24, r26
    2a24:	0e 94 c3 12 	call	0x2586	; 0x2586 <LCD_voidSendNumber>
    LCD_voidSendString("C");
    2a28:	88 e6       	ldi	r24, 0x68	; 104
    2a2a:	90 e0       	ldi	r25, 0x00	; 0
    2a2c:	0e 94 f7 11 	call	0x23ee	; 0x23ee <LCD_voidSendString>
}
    2a30:	0f 90       	pop	r0
    2a32:	0f 90       	pop	r0
    2a34:	0f 90       	pop	r0
    2a36:	0f 90       	pop	r0
    2a38:	cf 91       	pop	r28
    2a3a:	df 91       	pop	r29
    2a3c:	08 95       	ret

00002a3e <LCD_PrintState>:

/*============================================================================
 *  Helper: print current state name on LCD row 0
 *============================================================================*/
static void LCD_PrintState(void)
{
    2a3e:	df 93       	push	r29
    2a40:	cf 93       	push	r28
    2a42:	00 d0       	rcall	.+0      	; 0x2a44 <LCD_PrintState+0x6>
    2a44:	cd b7       	in	r28, 0x3d	; 61
    2a46:	de b7       	in	r29, 0x3e	; 62
    LCD_voidGoToXY(0, 0);
    2a48:	80 e0       	ldi	r24, 0x00	; 0
    2a4a:	60 e0       	ldi	r22, 0x00	; 0
    2a4c:	0e 94 a8 12 	call	0x2550	; 0x2550 <LCD_voidGoToXY>
    switch (G_State)
    2a50:	80 91 d4 01 	lds	r24, 0x01D4
    2a54:	28 2f       	mov	r18, r24
    2a56:	30 e0       	ldi	r19, 0x00	; 0
    2a58:	3a 83       	std	Y+2, r19	; 0x02
    2a5a:	29 83       	std	Y+1, r18	; 0x01
    2a5c:	89 81       	ldd	r24, Y+1	; 0x01
    2a5e:	9a 81       	ldd	r25, Y+2	; 0x02
    2a60:	83 30       	cpi	r24, 0x03	; 3
    2a62:	91 05       	cpc	r25, r1
    2a64:	99 f1       	breq	.+102    	; 0x2acc <LCD_PrintState+0x8e>
    2a66:	29 81       	ldd	r18, Y+1	; 0x01
    2a68:	3a 81       	ldd	r19, Y+2	; 0x02
    2a6a:	24 30       	cpi	r18, 0x04	; 4
    2a6c:	31 05       	cpc	r19, r1
    2a6e:	7c f4       	brge	.+30     	; 0x2a8e <LCD_PrintState+0x50>
    2a70:	89 81       	ldd	r24, Y+1	; 0x01
    2a72:	9a 81       	ldd	r25, Y+2	; 0x02
    2a74:	81 30       	cpi	r24, 0x01	; 1
    2a76:	91 05       	cpc	r25, r1
    2a78:	f9 f0       	breq	.+62     	; 0x2ab8 <LCD_PrintState+0x7a>
    2a7a:	29 81       	ldd	r18, Y+1	; 0x01
    2a7c:	3a 81       	ldd	r19, Y+2	; 0x02
    2a7e:	22 30       	cpi	r18, 0x02	; 2
    2a80:	31 05       	cpc	r19, r1
    2a82:	fc f4       	brge	.+62     	; 0x2ac2 <LCD_PrintState+0x84>
    2a84:	89 81       	ldd	r24, Y+1	; 0x01
    2a86:	9a 81       	ldd	r25, Y+2	; 0x02
    2a88:	00 97       	sbiw	r24, 0x00	; 0
    2a8a:	89 f0       	breq	.+34     	; 0x2aae <LCD_PrintState+0x70>
    2a8c:	32 c0       	rjmp	.+100    	; 0x2af2 <LCD_PrintState+0xb4>
    2a8e:	29 81       	ldd	r18, Y+1	; 0x01
    2a90:	3a 81       	ldd	r19, Y+2	; 0x02
    2a92:	25 30       	cpi	r18, 0x05	; 5
    2a94:	31 05       	cpc	r19, r1
    2a96:	21 f1       	breq	.+72     	; 0x2ae0 <LCD_PrintState+0xa2>
    2a98:	89 81       	ldd	r24, Y+1	; 0x01
    2a9a:	9a 81       	ldd	r25, Y+2	; 0x02
    2a9c:	85 30       	cpi	r24, 0x05	; 5
    2a9e:	91 05       	cpc	r25, r1
    2aa0:	d4 f0       	brlt	.+52     	; 0x2ad6 <LCD_PrintState+0x98>
    2aa2:	29 81       	ldd	r18, Y+1	; 0x01
    2aa4:	3a 81       	ldd	r19, Y+2	; 0x02
    2aa6:	26 30       	cpi	r18, 0x06	; 6
    2aa8:	31 05       	cpc	r19, r1
    2aaa:	f9 f0       	breq	.+62     	; 0x2aea <LCD_PrintState+0xac>
    2aac:	22 c0       	rjmp	.+68     	; 0x2af2 <LCD_PrintState+0xb4>
    {
        case STATE_IDLE:        LCD_voidSendString("State:IDLE      "); break;
    2aae:	8a e6       	ldi	r24, 0x6A	; 106
    2ab0:	90 e0       	ldi	r25, 0x00	; 0
    2ab2:	0e 94 f7 11 	call	0x23ee	; 0x23ee <LCD_voidSendString>
    2ab6:	1d c0       	rjmp	.+58     	; 0x2af2 <LCD_PrintState+0xb4>
        case STATE_BULK:        LCD_voidSendString("State:BULK      "); break;
    2ab8:	8b e7       	ldi	r24, 0x7B	; 123
    2aba:	90 e0       	ldi	r25, 0x00	; 0
    2abc:	0e 94 f7 11 	call	0x23ee	; 0x23ee <LCD_voidSendString>
    2ac0:	18 c0       	rjmp	.+48     	; 0x2af2 <LCD_PrintState+0xb4>
        case STATE_ABSORPTION:  LCD_voidSendString("State:ABSORB    "); break;
    2ac2:	8c e8       	ldi	r24, 0x8C	; 140
    2ac4:	90 e0       	ldi	r25, 0x00	; 0
    2ac6:	0e 94 f7 11 	call	0x23ee	; 0x23ee <LCD_voidSendString>
    2aca:	13 c0       	rjmp	.+38     	; 0x2af2 <LCD_PrintState+0xb4>
        case STATE_FLOAT:       LCD_voidSendString("State:FLOAT     "); break;
    2acc:	8d e9       	ldi	r24, 0x9D	; 157
    2ace:	90 e0       	ldi	r25, 0x00	; 0
    2ad0:	0e 94 f7 11 	call	0x23ee	; 0x23ee <LCD_voidSendString>
    2ad4:	0e c0       	rjmp	.+28     	; 0x2af2 <LCD_PrintState+0xb4>
        case STATE_COMPLETE:    LCD_voidSendString("State:COMPLETE  "); break;
    2ad6:	8e ea       	ldi	r24, 0xAE	; 174
    2ad8:	90 e0       	ldi	r25, 0x00	; 0
    2ada:	0e 94 f7 11 	call	0x23ee	; 0x23ee <LCD_voidSendString>
    2ade:	09 c0       	rjmp	.+18     	; 0x2af2 <LCD_PrintState+0xb4>
        case STATE_ALARM:       LCD_voidSendString("**ALARM**       "); break;
    2ae0:	8f eb       	ldi	r24, 0xBF	; 191
    2ae2:	90 e0       	ldi	r25, 0x00	; 0
    2ae4:	0e 94 f7 11 	call	0x23ee	; 0x23ee <LCD_voidSendString>
    2ae8:	04 c0       	rjmp	.+8      	; 0x2af2 <LCD_PrintState+0xb4>
        case STATE_DISCONNECT:  LCD_voidSendString("**DISCONNECT**  "); break;
    2aea:	80 ed       	ldi	r24, 0xD0	; 208
    2aec:	90 e0       	ldi	r25, 0x00	; 0
    2aee:	0e 94 f7 11 	call	0x23ee	; 0x23ee <LCD_voidSendString>
        default:                                                          break;
    }
}
    2af2:	0f 90       	pop	r0
    2af4:	0f 90       	pop	r0
    2af6:	cf 91       	pop	r28
    2af8:	df 91       	pop	r29
    2afa:	08 95       	ret

00002afc <main>:

/*============================================================================
 *  MAIN
 *============================================================================*/
int main(void)
{
    2afc:	df 93       	push	r29
    2afe:	cf 93       	push	r28
    2b00:	cd b7       	in	r28, 0x3d	; 61
    2b02:	de b7       	in	r29, 0x3e	; 62
    2b04:	c1 54       	subi	r28, 0x41	; 65
    2b06:	d0 40       	sbci	r29, 0x00	; 0
    2b08:	0f b6       	in	r0, 0x3f	; 63
    2b0a:	f8 94       	cli
    2b0c:	de bf       	out	0x3e, r29	; 62
    2b0e:	0f be       	out	0x3f, r0	; 63
    2b10:	cd bf       	out	0x3d, r28	; 61
    u16 batADC  = 0u;
    2b12:	1d ae       	std	Y+61, r1	; 0x3d
    2b14:	1c ae       	std	Y+60, r1	; 0x3c
    u16 tempADC = 0u;
    2b16:	1b ae       	std	Y+59, r1	; 0x3b
    2b18:	1a ae       	std	Y+58, r1	; 0x3a
    u8  key     = KPD_NOT_PRESSED;
    2b1a:	8f ef       	ldi	r24, 0xFF	; 255
    2b1c:	89 af       	std	Y+57, r24	; 0x39

    /*------------------------------------------------------------------------
     *  Configure output pins (relay + LEDs)
     *------------------------------------------------------------------------*/
    DIO_voidSetPinDirection(CHARGER_PORT,  CHARGER_PIN,  OUTPUT);
    2b1e:	81 e0       	ldi	r24, 0x01	; 1
    2b20:	60 e0       	ldi	r22, 0x00	; 0
    2b22:	41 e0       	ldi	r20, 0x01	; 1
    2b24:	0e 94 19 0a 	call	0x1432	; 0x1432 <DIO_voidSetPinDirection>
    DIO_voidSetPinDirection(ALARM_PORT,    ALARM_PIN,    OUTPUT);
    2b28:	81 e0       	ldi	r24, 0x01	; 1
    2b2a:	61 e0       	ldi	r22, 0x01	; 1
    2b2c:	41 e0       	ldi	r20, 0x01	; 1
    2b2e:	0e 94 19 0a 	call	0x1432	; 0x1432 <DIO_voidSetPinDirection>
    DIO_voidSetPinDirection(COMPLETE_PORT, COMPLETE_PIN, OUTPUT);
    2b32:	81 e0       	ldi	r24, 0x01	; 1
    2b34:	62 e0       	ldi	r22, 0x02	; 2
    2b36:	41 e0       	ldi	r20, 0x01	; 1
    2b38:	0e 94 19 0a 	call	0x1432	; 0x1432 <DIO_voidSetPinDirection>

    DIO_voidSetPinValue(CHARGER_PORT,  CHARGER_PIN,  LOW);
    2b3c:	81 e0       	ldi	r24, 0x01	; 1
    2b3e:	60 e0       	ldi	r22, 0x00	; 0
    2b40:	40 e0       	ldi	r20, 0x00	; 0
    2b42:	0e 94 1d 0b 	call	0x163a	; 0x163a <DIO_voidSetPinValue>
    DIO_voidSetPinValue(ALARM_PORT,    ALARM_PIN,    LOW);
    2b46:	81 e0       	ldi	r24, 0x01	; 1
    2b48:	61 e0       	ldi	r22, 0x01	; 1
    2b4a:	40 e0       	ldi	r20, 0x00	; 0
    2b4c:	0e 94 1d 0b 	call	0x163a	; 0x163a <DIO_voidSetPinValue>
    DIO_voidSetPinValue(COMPLETE_PORT, COMPLETE_PIN, LOW);
    2b50:	81 e0       	ldi	r24, 0x01	; 1
    2b52:	62 e0       	ldi	r22, 0x02	; 2
    2b54:	40 e0       	ldi	r20, 0x00	; 0
    2b56:	0e 94 1d 0b 	call	0x163a	; 0x163a <DIO_voidSetPinValue>

    /*------------------------------------------------------------------------
     *  Initialize all drivers
     *------------------------------------------------------------------------*/
    ADC_voidInit();
    2b5a:	0e 94 53 0d 	call	0x1aa6	; 0x1aa6 <ADC_voidInit>
    LCD_voidInit();
    2b5e:	0e 94 dd 0d 	call	0x1bba	; 0x1bba <LCD_voidInit>
    KPD_voidInit();
    2b62:	0e 94 03 13 	call	0x2606	; 0x2606 <KPD_voidInit>

    /* EXTI INT0: falling edge on PD2 => emergency disconnect */
    EXTI_voidInit(EXTI_INT0, EXTI_FALLING_EDGE);
    2b66:	80 e0       	ldi	r24, 0x00	; 0
    2b68:	62 e0       	ldi	r22, 0x02	; 2
    2b6a:	0e 94 ed 07 	call	0xfda	; 0xfda <EXTI_voidInit>
    EXTI_voidSetCallBack(EXTI_INT0, EXTI0_DisconnectCallback);
    2b6e:	2c e6       	ldi	r18, 0x6C	; 108
    2b70:	34 e1       	ldi	r19, 0x14	; 20
    2b72:	80 e0       	ldi	r24, 0x00	; 0
    2b74:	b9 01       	movw	r22, r18
    2b76:	0e 94 50 09 	call	0x12a0	; 0x12a0 <EXTI_voidSetCallBack>
    EXTI_voidEnable(EXTI_INT0);
    2b7a:	80 e0       	ldi	r24, 0x00	; 0
    2b7c:	0e 94 e2 08 	call	0x11c4	; 0x11c4 <EXTI_voidEnable>

    /* Timer0 CTC: OCR0=124, prescaler=1024 => interrupt ~every 16ms */
    TIM0_voidInit();
    2b80:	0e 94 a3 05 	call	0xb46	; 0xb46 <TIM0_voidInit>
    TIM0_voidSetCTCReg(124u);
    2b84:	8c e7       	ldi	r24, 0x7C	; 124
    2b86:	0e 94 74 07 	call	0xee8	; 0xee8 <TIM0_voidSetCTCReg>
    TIM0_voidCTCSetCallBack(TIM0_1sCallback);
    2b8a:	87 e5       	ldi	r24, 0x57	; 87
    2b8c:	94 e1       	ldi	r25, 0x14	; 20
    2b8e:	0e 94 8c 07 	call	0xf18	; 0xf18 <TIM0_voidCTCSetCallBack>
    TIM0_voidEnableCTCInterrupt();
    2b92:	0e 94 58 07 	call	0xeb0	; 0xeb0 <TIM0_voidEnableCTCInterrupt>

    /* Enable global interrupts */
    GIE_VoidEnable();
    2b96:	0e 94 d1 07 	call	0xfa2	; 0xfa2 <GIE_VoidEnable>

    /*------------------------------------------------------------------------
     *  Welcome screen
     *------------------------------------------------------------------------*/
    LCD_voidGoToXY(0, 0);
    2b9a:	80 e0       	ldi	r24, 0x00	; 0
    2b9c:	60 e0       	ldi	r22, 0x00	; 0
    2b9e:	0e 94 a8 12 	call	0x2550	; 0x2550 <LCD_voidGoToXY>
    LCD_voidSendString("Battery Charger ");
    2ba2:	81 ee       	ldi	r24, 0xE1	; 225
    2ba4:	90 e0       	ldi	r25, 0x00	; 0
    2ba6:	0e 94 f7 11 	call	0x23ee	; 0x23ee <LCD_voidSendString>
    LCD_voidGoToXY(1, 0);
    2baa:	81 e0       	ldi	r24, 0x01	; 1
    2bac:	60 e0       	ldi	r22, 0x00	; 0
    2bae:	0e 94 a8 12 	call	0x2550	; 0x2550 <LCD_voidGoToXY>
    LCD_voidSendString(" Simulator v1.0 ");
    2bb2:	82 ef       	ldi	r24, 0xF2	; 242
    2bb4:	90 e0       	ldi	r25, 0x00	; 0
    2bb6:	0e 94 f7 11 	call	0x23ee	; 0x23ee <LCD_voidSendString>
    2bba:	80 e0       	ldi	r24, 0x00	; 0
    2bbc:	90 e0       	ldi	r25, 0x00	; 0
    2bbe:	aa ef       	ldi	r26, 0xFA	; 250
    2bc0:	b4 e4       	ldi	r27, 0x44	; 68
    2bc2:	8d ab       	std	Y+53, r24	; 0x35
    2bc4:	9e ab       	std	Y+54, r25	; 0x36
    2bc6:	af ab       	std	Y+55, r26	; 0x37
    2bc8:	b8 af       	std	Y+56, r27	; 0x38
 */
void
_delay_ms(double __ms)
{
	uint16_t __ticks;
	double __tmp = ((F_CPU) / 4e3) * __ms;
    2bca:	6d a9       	ldd	r22, Y+53	; 0x35
    2bcc:	7e a9       	ldd	r23, Y+54	; 0x36
    2bce:	8f a9       	ldd	r24, Y+55	; 0x37
    2bd0:	98 ad       	ldd	r25, Y+56	; 0x38
    2bd2:	20 e0       	ldi	r18, 0x00	; 0
    2bd4:	30 e0       	ldi	r19, 0x00	; 0
    2bd6:	4a ef       	ldi	r20, 0xFA	; 250
    2bd8:	54 e4       	ldi	r21, 0x44	; 68
    2bda:	0e 94 1f 02 	call	0x43e	; 0x43e <__mulsf3>
    2bde:	dc 01       	movw	r26, r24
    2be0:	cb 01       	movw	r24, r22
    2be2:	89 ab       	std	Y+49, r24	; 0x31
    2be4:	9a ab       	std	Y+50, r25	; 0x32
    2be6:	ab ab       	std	Y+51, r26	; 0x33
    2be8:	bc ab       	std	Y+52, r27	; 0x34
	if (__tmp < 1.0)
    2bea:	69 a9       	ldd	r22, Y+49	; 0x31
    2bec:	7a a9       	ldd	r23, Y+50	; 0x32
    2bee:	8b a9       	ldd	r24, Y+51	; 0x33
    2bf0:	9c a9       	ldd	r25, Y+52	; 0x34
    2bf2:	20 e0       	ldi	r18, 0x00	; 0
    2bf4:	30 e0       	ldi	r19, 0x00	; 0
    2bf6:	40 e8       	ldi	r20, 0x80	; 128
    2bf8:	5f e3       	ldi	r21, 0x3F	; 63
    2bfa:	0e 94 79 03 	call	0x6f2	; 0x6f2 <__ltsf2>
    2bfe:	88 23       	and	r24, r24
    2c00:	2c f4       	brge	.+10     	; 0x2c0c <main+0x110>
		__ticks = 1;
    2c02:	81 e0       	ldi	r24, 0x01	; 1
    2c04:	90 e0       	ldi	r25, 0x00	; 0
    2c06:	98 ab       	std	Y+48, r25	; 0x30
    2c08:	8f a7       	std	Y+47, r24	; 0x2f
    2c0a:	3f c0       	rjmp	.+126    	; 0x2c8a <main+0x18e>
	else if (__tmp > 65535)
    2c0c:	69 a9       	ldd	r22, Y+49	; 0x31
    2c0e:	7a a9       	ldd	r23, Y+50	; 0x32
    2c10:	8b a9       	ldd	r24, Y+51	; 0x33
    2c12:	9c a9       	ldd	r25, Y+52	; 0x34
    2c14:	20 e0       	ldi	r18, 0x00	; 0
    2c16:	3f ef       	ldi	r19, 0xFF	; 255
    2c18:	4f e7       	ldi	r20, 0x7F	; 127
    2c1a:	57 e4       	ldi	r21, 0x47	; 71
    2c1c:	0e 94 19 03 	call	0x632	; 0x632 <__gtsf2>
    2c20:	18 16       	cp	r1, r24
    2c22:	4c f5       	brge	.+82     	; 0x2c76 <main+0x17a>
	{
		//	__ticks = requested delay in 1/10 ms
		__ticks = (uint16_t) (__ms * 10.0);
    2c24:	6d a9       	ldd	r22, Y+53	; 0x35
    2c26:	7e a9       	ldd	r23, Y+54	; 0x36
    2c28:	8f a9       	ldd	r24, Y+55	; 0x37
    2c2a:	98 ad       	ldd	r25, Y+56	; 0x38
    2c2c:	20 e0       	ldi	r18, 0x00	; 0
    2c2e:	30 e0       	ldi	r19, 0x00	; 0
    2c30:	40 e2       	ldi	r20, 0x20	; 32
    2c32:	51 e4       	ldi	r21, 0x41	; 65
    2c34:	0e 94 1f 02 	call	0x43e	; 0x43e <__mulsf3>
    2c38:	dc 01       	movw	r26, r24
    2c3a:	cb 01       	movw	r24, r22
    2c3c:	bc 01       	movw	r22, r24
    2c3e:	cd 01       	movw	r24, r26
    2c40:	0e 94 49 00 	call	0x92	; 0x92 <__fixunssfsi>
    2c44:	dc 01       	movw	r26, r24
    2c46:	cb 01       	movw	r24, r22
    2c48:	98 ab       	std	Y+48, r25	; 0x30
    2c4a:	8f a7       	std	Y+47, r24	; 0x2f
    2c4c:	0f c0       	rjmp	.+30     	; 0x2c6c <main+0x170>
    2c4e:	88 ec       	ldi	r24, 0xC8	; 200
    2c50:	90 e0       	ldi	r25, 0x00	; 0
    2c52:	9e a7       	std	Y+46, r25	; 0x2e
    2c54:	8d a7       	std	Y+45, r24	; 0x2d
    2c56:	8d a5       	ldd	r24, Y+45	; 0x2d
    2c58:	9e a5       	ldd	r25, Y+46	; 0x2e
    2c5a:	01 97       	sbiw	r24, 0x01	; 1
    2c5c:	f1 f7       	brne	.-4      	; 0x2c5a <main+0x15e>
    2c5e:	9e a7       	std	Y+46, r25	; 0x2e
    2c60:	8d a7       	std	Y+45, r24	; 0x2d
		while(__ticks)
		{
			// wait 1/10 ms
			_delay_loop_2(((F_CPU) / 4e3) / 10);
			__ticks --;
    2c62:	8f a5       	ldd	r24, Y+47	; 0x2f
    2c64:	98 a9       	ldd	r25, Y+48	; 0x30
    2c66:	01 97       	sbiw	r24, 0x01	; 1
    2c68:	98 ab       	std	Y+48, r25	; 0x30
    2c6a:	8f a7       	std	Y+47, r24	; 0x2f
		__ticks = 1;
	else if (__tmp > 65535)
	{
		//	__ticks = requested delay in 1/10 ms
		__ticks = (uint16_t) (__ms * 10.0);
		while(__ticks)
    2c6c:	8f a5       	ldd	r24, Y+47	; 0x2f
    2c6e:	98 a9       	ldd	r25, Y+48	; 0x30
    2c70:	00 97       	sbiw	r24, 0x00	; 0
    2c72:	69 f7       	brne	.-38     	; 0x2c4e <main+0x152>
    2c74:	14 c0       	rjmp	.+40     	; 0x2c9e <main+0x1a2>
			__ticks --;
		}
		return;
	}
	else
		__ticks = (uint16_t)__tmp;
    2c76:	69 a9       	ldd	r22, Y+49	; 0x31
    2c78:	7a a9       	ldd	r23, Y+50	; 0x32
    2c7a:	8b a9       	ldd	r24, Y+51	; 0x33
    2c7c:	9c a9       	ldd	r25, Y+52	; 0x34
    2c7e:	0e 94 49 00 	call	0x92	; 0x92 <__fixunssfsi>
    2c82:	dc 01       	movw	r26, r24
    2c84:	cb 01       	movw	r24, r22
    2c86:	98 ab       	std	Y+48, r25	; 0x30
    2c88:	8f a7       	std	Y+47, r24	; 0x2f
    2c8a:	8f a5       	ldd	r24, Y+47	; 0x2f
    2c8c:	98 a9       	ldd	r25, Y+48	; 0x30
    2c8e:	9c a7       	std	Y+44, r25	; 0x2c
    2c90:	8b a7       	std	Y+43, r24	; 0x2b
    2c92:	8b a5       	ldd	r24, Y+43	; 0x2b
    2c94:	9c a5       	ldd	r25, Y+44	; 0x2c
    2c96:	01 97       	sbiw	r24, 0x01	; 1
    2c98:	f1 f7       	brne	.-4      	; 0x2c96 <main+0x19a>
    2c9a:	9c a7       	std	Y+44, r25	; 0x2c
    2c9c:	8b a7       	std	Y+43, r24	; 0x2b
    _delay_ms(2000);
    LCD_voidClear();
    2c9e:	0e 94 20 12 	call	0x2440	; 0x2440 <LCD_voidClear>

    /*------------------------------------------------------------------------
     *  Mode selection screen — block until user presses 1, 2, or 3
     *------------------------------------------------------------------------*/
    LCD_voidGoToXY(0, 0);
    2ca2:	80 e0       	ldi	r24, 0x00	; 0
    2ca4:	60 e0       	ldi	r22, 0x00	; 0
    2ca6:	0e 94 a8 12 	call	0x2550	; 0x2550 <LCD_voidGoToXY>
    LCD_voidSendString("Select Mode:    ");
    2caa:	83 e0       	ldi	r24, 0x03	; 3
    2cac:	91 e0       	ldi	r25, 0x01	; 1
    2cae:	0e 94 f7 11 	call	0x23ee	; 0x23ee <LCD_voidSendString>
    LCD_voidGoToXY(1, 0);
    2cb2:	81 e0       	ldi	r24, 0x01	; 1
    2cb4:	60 e0       	ldi	r22, 0x00	; 0
    2cb6:	0e 94 a8 12 	call	0x2550	; 0x2550 <LCD_voidGoToXY>
    LCD_voidSendString("1:Slw 2:Fst 3:Tr");
    2cba:	84 e1       	ldi	r24, 0x14	; 20
    2cbc:	91 e0       	ldi	r25, 0x01	; 1
    2cbe:	0e 94 f7 11 	call	0x23ee	; 0x23ee <LCD_voidSendString>
    2cc2:	89 c0       	rjmp	.+274    	; 0x2dd6 <main+0x2da>

    while (G_ChargeMode == MODE_NONE)
    {
        key = KPD_u8GetPressedKey();
    2cc4:	0e 94 5a 13 	call	0x26b4	; 0x26b4 <KPD_u8GetPressedKey>
    2cc8:	89 af       	std	Y+57, r24	; 0x39

        if      (key == '1') { G_ChargeMode = MODE_SLOW;    }
    2cca:	89 ad       	ldd	r24, Y+57	; 0x39
    2ccc:	81 33       	cpi	r24, 0x31	; 49
    2cce:	21 f4       	brne	.+8      	; 0x2cd8 <main+0x1dc>
    2cd0:	81 e0       	ldi	r24, 0x01	; 1
    2cd2:	80 93 d5 01 	sts	0x01D5, r24
    2cd6:	0d c0       	rjmp	.+26     	; 0x2cf2 <main+0x1f6>
        else if (key == '2') { G_ChargeMode = MODE_FAST;    }
    2cd8:	89 ad       	ldd	r24, Y+57	; 0x39
    2cda:	82 33       	cpi	r24, 0x32	; 50
    2cdc:	21 f4       	brne	.+8      	; 0x2ce6 <main+0x1ea>
    2cde:	82 e0       	ldi	r24, 0x02	; 2
    2ce0:	80 93 d5 01 	sts	0x01D5, r24
    2ce4:	06 c0       	rjmp	.+12     	; 0x2cf2 <main+0x1f6>
        else if (key == '3') { G_ChargeMode = MODE_TRICKLE; }
    2ce6:	89 ad       	ldd	r24, Y+57	; 0x39
    2ce8:	83 33       	cpi	r24, 0x33	; 51
    2cea:	19 f4       	brne	.+6      	; 0x2cf2 <main+0x1f6>
    2cec:	83 e0       	ldi	r24, 0x03	; 3
    2cee:	80 93 d5 01 	sts	0x01D5, r24
    2cf2:	80 e0       	ldi	r24, 0x00	; 0
    2cf4:	90 e0       	ldi	r25, 0x00	; 0
    2cf6:	a8 e4       	ldi	r26, 0x48	; 72
    2cf8:	b2 e4       	ldi	r27, 0x42	; 66
    2cfa:	8f a3       	std	Y+39, r24	; 0x27
    2cfc:	98 a7       	std	Y+40, r25	; 0x28
    2cfe:	a9 a7       	std	Y+41, r26	; 0x29
    2d00:	ba a7       	std	Y+42, r27	; 0x2a
 */
void
_delay_ms(double __ms)
{
	uint16_t __ticks;
	double __tmp = ((F_CPU) / 4e3) * __ms;
    2d02:	6f a1       	ldd	r22, Y+39	; 0x27
    2d04:	78 a5       	ldd	r23, Y+40	; 0x28
    2d06:	89 a5       	ldd	r24, Y+41	; 0x29
    2d08:	9a a5       	ldd	r25, Y+42	; 0x2a
    2d0a:	20 e0       	ldi	r18, 0x00	; 0
    2d0c:	30 e0       	ldi	r19, 0x00	; 0
    2d0e:	4a ef       	ldi	r20, 0xFA	; 250
    2d10:	54 e4       	ldi	r21, 0x44	; 68
    2d12:	0e 94 1f 02 	call	0x43e	; 0x43e <__mulsf3>
    2d16:	dc 01       	movw	r26, r24
    2d18:	cb 01       	movw	r24, r22
    2d1a:	8b a3       	std	Y+35, r24	; 0x23
    2d1c:	9c a3       	std	Y+36, r25	; 0x24
    2d1e:	ad a3       	std	Y+37, r26	; 0x25
    2d20:	be a3       	std	Y+38, r27	; 0x26
	if (__tmp < 1.0)
    2d22:	6b a1       	ldd	r22, Y+35	; 0x23
    2d24:	7c a1       	ldd	r23, Y+36	; 0x24
    2d26:	8d a1       	ldd	r24, Y+37	; 0x25
    2d28:	9e a1       	ldd	r25, Y+38	; 0x26
    2d2a:	20 e0       	ldi	r18, 0x00	; 0
    2d2c:	30 e0       	ldi	r19, 0x00	; 0
    2d2e:	40 e8       	ldi	r20, 0x80	; 128
    2d30:	5f e3       	ldi	r21, 0x3F	; 63
    2d32:	0e 94 79 03 	call	0x6f2	; 0x6f2 <__ltsf2>
    2d36:	88 23       	and	r24, r24
    2d38:	2c f4       	brge	.+10     	; 0x2d44 <main+0x248>
		__ticks = 1;
    2d3a:	81 e0       	ldi	r24, 0x01	; 1
    2d3c:	90 e0       	ldi	r25, 0x00	; 0
    2d3e:	9a a3       	std	Y+34, r25	; 0x22
    2d40:	89 a3       	std	Y+33, r24	; 0x21
    2d42:	3f c0       	rjmp	.+126    	; 0x2dc2 <main+0x2c6>
	else if (__tmp > 65535)
    2d44:	6b a1       	ldd	r22, Y+35	; 0x23
    2d46:	7c a1       	ldd	r23, Y+36	; 0x24
    2d48:	8d a1       	ldd	r24, Y+37	; 0x25
    2d4a:	9e a1       	ldd	r25, Y+38	; 0x26
    2d4c:	20 e0       	ldi	r18, 0x00	; 0
    2d4e:	3f ef       	ldi	r19, 0xFF	; 255
    2d50:	4f e7       	ldi	r20, 0x7F	; 127
    2d52:	57 e4       	ldi	r21, 0x47	; 71
    2d54:	0e 94 19 03 	call	0x632	; 0x632 <__gtsf2>
    2d58:	18 16       	cp	r1, r24
    2d5a:	4c f5       	brge	.+82     	; 0x2dae <main+0x2b2>
	{
		//	__ticks = requested delay in 1/10 ms
		__ticks = (uint16_t) (__ms * 10.0);
    2d5c:	6f a1       	ldd	r22, Y+39	; 0x27
    2d5e:	78 a5       	ldd	r23, Y+40	; 0x28
    2d60:	89 a5       	ldd	r24, Y+41	; 0x29
    2d62:	9a a5       	ldd	r25, Y+42	; 0x2a
    2d64:	20 e0       	ldi	r18, 0x00	; 0
    2d66:	30 e0       	ldi	r19, 0x00	; 0
    2d68:	40 e2       	ldi	r20, 0x20	; 32
    2d6a:	51 e4       	ldi	r21, 0x41	; 65
    2d6c:	0e 94 1f 02 	call	0x43e	; 0x43e <__mulsf3>
    2d70:	dc 01       	movw	r26, r24
    2d72:	cb 01       	movw	r24, r22
    2d74:	bc 01       	movw	r22, r24
    2d76:	cd 01       	movw	r24, r26
    2d78:	0e 94 49 00 	call	0x92	; 0x92 <__fixunssfsi>
    2d7c:	dc 01       	movw	r26, r24
    2d7e:	cb 01       	movw	r24, r22
    2d80:	9a a3       	std	Y+34, r25	; 0x22
    2d82:	89 a3       	std	Y+33, r24	; 0x21
    2d84:	0f c0       	rjmp	.+30     	; 0x2da4 <main+0x2a8>
    2d86:	88 ec       	ldi	r24, 0xC8	; 200
    2d88:	90 e0       	ldi	r25, 0x00	; 0
    2d8a:	98 a3       	std	Y+32, r25	; 0x20
    2d8c:	8f 8f       	std	Y+31, r24	; 0x1f
    2d8e:	8f 8d       	ldd	r24, Y+31	; 0x1f
    2d90:	98 a1       	ldd	r25, Y+32	; 0x20
    2d92:	01 97       	sbiw	r24, 0x01	; 1
    2d94:	f1 f7       	brne	.-4      	; 0x2d92 <main+0x296>
    2d96:	98 a3       	std	Y+32, r25	; 0x20
    2d98:	8f 8f       	std	Y+31, r24	; 0x1f
		while(__ticks)
		{
			// wait 1/10 ms
			_delay_loop_2(((F_CPU) / 4e3) / 10);
			__ticks --;
    2d9a:	89 a1       	ldd	r24, Y+33	; 0x21
    2d9c:	9a a1       	ldd	r25, Y+34	; 0x22
    2d9e:	01 97       	sbiw	r24, 0x01	; 1
    2da0:	9a a3       	std	Y+34, r25	; 0x22
    2da2:	89 a3       	std	Y+33, r24	; 0x21
		__ticks = 1;
	else if (__tmp > 65535)
	{
		//	__ticks = requested delay in 1/10 ms
		__ticks = (uint16_t) (__ms * 10.0);
		while(__ticks)
    2da4:	89 a1       	ldd	r24, Y+33	; 0x21
    2da6:	9a a1       	ldd	r25, Y+34	; 0x22
    2da8:	00 97       	sbiw	r24, 0x00	; 0
    2daa:	69 f7       	brne	.-38     	; 0x2d86 <main+0x28a>
    2dac:	14 c0       	rjmp	.+40     	; 0x2dd6 <main+0x2da>
			__ticks --;
		}
		return;
	}
	else
		__ticks = (uint16_t)__tmp;
    2dae:	6b a1       	ldd	r22, Y+35	; 0x23
    2db0:	7c a1       	ldd	r23, Y+36	; 0x24
    2db2:	8d a1       	ldd	r24, Y+37	; 0x25
    2db4:	9e a1       	ldd	r25, Y+38	; 0x26
    2db6:	0e 94 49 00 	call	0x92	; 0x92 <__fixunssfsi>
    2dba:	dc 01       	movw	r26, r24
    2dbc:	cb 01       	movw	r24, r22
    2dbe:	9a a3       	std	Y+34, r25	; 0x22
    2dc0:	89 a3       	std	Y+33, r24	; 0x21
    2dc2:	89 a1       	ldd	r24, Y+33	; 0x21
    2dc4:	9a a1       	ldd	r25, Y+34	; 0x22
    2dc6:	9e 8f       	std	Y+30, r25	; 0x1e
    2dc8:	8d 8f       	std	Y+29, r24	; 0x1d
    2dca:	8d 8d       	ldd	r24, Y+29	; 0x1d
    2dcc:	9e 8d       	ldd	r25, Y+30	; 0x1e
    2dce:	01 97       	sbiw	r24, 0x01	; 1
    2dd0:	f1 f7       	brne	.-4      	; 0x2dce <main+0x2d2>
    2dd2:	9e 8f       	std	Y+30, r25	; 0x1e
    2dd4:	8d 8f       	std	Y+29, r24	; 0x1d
    LCD_voidGoToXY(0, 0);
    LCD_voidSendString("Select Mode:    ");
    LCD_voidGoToXY(1, 0);
    LCD_voidSendString("1:Slw 2:Fst 3:Tr");

    while (G_ChargeMode == MODE_NONE)
    2dd6:	80 91 d5 01 	lds	r24, 0x01D5
    2dda:	88 23       	and	r24, r24
    2ddc:	09 f4       	brne	.+2      	; 0x2de0 <main+0x2e4>
    2dde:	72 cf       	rjmp	.-284    	; 0x2cc4 <main+0x1c8>

        _delay_ms(50);
    }

    /* Confirm selected mode on LCD */
    LCD_voidClear();
    2de0:	0e 94 20 12 	call	0x2440	; 0x2440 <LCD_voidClear>
    LCD_voidGoToXY(0, 0);
    2de4:	80 e0       	ldi	r24, 0x00	; 0
    2de6:	60 e0       	ldi	r22, 0x00	; 0
    2de8:	0e 94 a8 12 	call	0x2550	; 0x2550 <LCD_voidGoToXY>
    LCD_voidSendString("Mode Selected:  ");
    2dec:	85 e2       	ldi	r24, 0x25	; 37
    2dee:	91 e0       	ldi	r25, 0x01	; 1
    2df0:	0e 94 f7 11 	call	0x23ee	; 0x23ee <LCD_voidSendString>
    LCD_voidGoToXY(1, 0);
    2df4:	81 e0       	ldi	r24, 0x01	; 1
    2df6:	60 e0       	ldi	r22, 0x00	; 0
    2df8:	0e 94 a8 12 	call	0x2550	; 0x2550 <LCD_voidGoToXY>

    if      (G_ChargeMode == MODE_SLOW)    { LCD_voidSendString("  SLOW CHARGE   "); }
    2dfc:	80 91 d5 01 	lds	r24, 0x01D5
    2e00:	81 30       	cpi	r24, 0x01	; 1
    2e02:	29 f4       	brne	.+10     	; 0x2e0e <main+0x312>
    2e04:	86 e3       	ldi	r24, 0x36	; 54
    2e06:	91 e0       	ldi	r25, 0x01	; 1
    2e08:	0e 94 f7 11 	call	0x23ee	; 0x23ee <LCD_voidSendString>
    2e0c:	11 c0       	rjmp	.+34     	; 0x2e30 <main+0x334>
    else if (G_ChargeMode == MODE_FAST)    { LCD_voidSendString("  FAST CHARGE   "); }
    2e0e:	80 91 d5 01 	lds	r24, 0x01D5
    2e12:	82 30       	cpi	r24, 0x02	; 2
    2e14:	29 f4       	brne	.+10     	; 0x2e20 <main+0x324>
    2e16:	87 e4       	ldi	r24, 0x47	; 71
    2e18:	91 e0       	ldi	r25, 0x01	; 1
    2e1a:	0e 94 f7 11 	call	0x23ee	; 0x23ee <LCD_voidSendString>
    2e1e:	08 c0       	rjmp	.+16     	; 0x2e30 <main+0x334>
    else if (G_ChargeMode == MODE_TRICKLE) { LCD_voidSendString("TRICKLE CHARGE  "); }
    2e20:	80 91 d5 01 	lds	r24, 0x01D5
    2e24:	83 30       	cpi	r24, 0x03	; 3
    2e26:	21 f4       	brne	.+8      	; 0x2e30 <main+0x334>
    2e28:	88 e5       	ldi	r24, 0x58	; 88
    2e2a:	91 e0       	ldi	r25, 0x01	; 1
    2e2c:	0e 94 f7 11 	call	0x23ee	; 0x23ee <LCD_voidSendString>
    2e30:	80 e0       	ldi	r24, 0x00	; 0
    2e32:	90 e8       	ldi	r25, 0x80	; 128
    2e34:	ab eb       	ldi	r26, 0xBB	; 187
    2e36:	b4 e4       	ldi	r27, 0x44	; 68
    2e38:	89 8f       	std	Y+25, r24	; 0x19
    2e3a:	9a 8f       	std	Y+26, r25	; 0x1a
    2e3c:	ab 8f       	std	Y+27, r26	; 0x1b
    2e3e:	bc 8f       	std	Y+28, r27	; 0x1c
 */
void
_delay_ms(double __ms)
{
	uint16_t __ticks;
	double __tmp = ((F_CPU) / 4e3) * __ms;
    2e40:	69 8d       	ldd	r22, Y+25	; 0x19
    2e42:	7a 8d       	ldd	r23, Y+26	; 0x1a
    2e44:	8b 8d       	ldd	r24, Y+27	; 0x1b
    2e46:	9c 8d       	ldd	r25, Y+28	; 0x1c
    2e48:	20 e0       	ldi	r18, 0x00	; 0
    2e4a:	30 e0       	ldi	r19, 0x00	; 0
    2e4c:	4a ef       	ldi	r20, 0xFA	; 250
    2e4e:	54 e4       	ldi	r21, 0x44	; 68
    2e50:	0e 94 1f 02 	call	0x43e	; 0x43e <__mulsf3>
    2e54:	dc 01       	movw	r26, r24
    2e56:	cb 01       	movw	r24, r22
    2e58:	8d 8b       	std	Y+21, r24	; 0x15
    2e5a:	9e 8b       	std	Y+22, r25	; 0x16
    2e5c:	af 8b       	std	Y+23, r26	; 0x17
    2e5e:	b8 8f       	std	Y+24, r27	; 0x18
	if (__tmp < 1.0)
    2e60:	6d 89       	ldd	r22, Y+21	; 0x15
    2e62:	7e 89       	ldd	r23, Y+22	; 0x16
    2e64:	8f 89       	ldd	r24, Y+23	; 0x17
    2e66:	98 8d       	ldd	r25, Y+24	; 0x18
    2e68:	20 e0       	ldi	r18, 0x00	; 0
    2e6a:	30 e0       	ldi	r19, 0x00	; 0
    2e6c:	40 e8       	ldi	r20, 0x80	; 128
    2e6e:	5f e3       	ldi	r21, 0x3F	; 63
    2e70:	0e 94 79 03 	call	0x6f2	; 0x6f2 <__ltsf2>
    2e74:	88 23       	and	r24, r24
    2e76:	2c f4       	brge	.+10     	; 0x2e82 <main+0x386>
		__ticks = 1;
    2e78:	81 e0       	ldi	r24, 0x01	; 1
    2e7a:	90 e0       	ldi	r25, 0x00	; 0
    2e7c:	9c 8b       	std	Y+20, r25	; 0x14
    2e7e:	8b 8b       	std	Y+19, r24	; 0x13
    2e80:	3f c0       	rjmp	.+126    	; 0x2f00 <main+0x404>
	else if (__tmp > 65535)
    2e82:	6d 89       	ldd	r22, Y+21	; 0x15
    2e84:	7e 89       	ldd	r23, Y+22	; 0x16
    2e86:	8f 89       	ldd	r24, Y+23	; 0x17
    2e88:	98 8d       	ldd	r25, Y+24	; 0x18
    2e8a:	20 e0       	ldi	r18, 0x00	; 0
    2e8c:	3f ef       	ldi	r19, 0xFF	; 255
    2e8e:	4f e7       	ldi	r20, 0x7F	; 127
    2e90:	57 e4       	ldi	r21, 0x47	; 71
    2e92:	0e 94 19 03 	call	0x632	; 0x632 <__gtsf2>
    2e96:	18 16       	cp	r1, r24
    2e98:	4c f5       	brge	.+82     	; 0x2eec <main+0x3f0>
	{
		//	__ticks = requested delay in 1/10 ms
		__ticks = (uint16_t) (__ms * 10.0);
    2e9a:	69 8d       	ldd	r22, Y+25	; 0x19
    2e9c:	7a 8d       	ldd	r23, Y+26	; 0x1a
    2e9e:	8b 8d       	ldd	r24, Y+27	; 0x1b
    2ea0:	9c 8d       	ldd	r25, Y+28	; 0x1c
    2ea2:	20 e0       	ldi	r18, 0x00	; 0
    2ea4:	30 e0       	ldi	r19, 0x00	; 0
    2ea6:	40 e2       	ldi	r20, 0x20	; 32
    2ea8:	51 e4       	ldi	r21, 0x41	; 65
    2eaa:	0e 94 1f 02 	call	0x43e	; 0x43e <__mulsf3>
    2eae:	dc 01       	movw	r26, r24
    2eb0:	cb 01       	movw	r24, r22
    2eb2:	bc 01       	movw	r22, r24
    2eb4:	cd 01       	movw	r24, r26
    2eb6:	0e 94 49 00 	call	0x92	; 0x92 <__fixunssfsi>
    2eba:	dc 01       	movw	r26, r24
    2ebc:	cb 01       	movw	r24, r22
    2ebe:	9c 8b       	std	Y+20, r25	; 0x14
    2ec0:	8b 8b       	std	Y+19, r24	; 0x13
    2ec2:	0f c0       	rjmp	.+30     	; 0x2ee2 <main+0x3e6>
    2ec4:	88 ec       	ldi	r24, 0xC8	; 200
    2ec6:	90 e0       	ldi	r25, 0x00	; 0
    2ec8:	9a 8b       	std	Y+18, r25	; 0x12
    2eca:	89 8b       	std	Y+17, r24	; 0x11
    2ecc:	89 89       	ldd	r24, Y+17	; 0x11
    2ece:	9a 89       	ldd	r25, Y+18	; 0x12
    2ed0:	01 97       	sbiw	r24, 0x01	; 1
    2ed2:	f1 f7       	brne	.-4      	; 0x2ed0 <main+0x3d4>
    2ed4:	9a 8b       	std	Y+18, r25	; 0x12
    2ed6:	89 8b       	std	Y+17, r24	; 0x11
		while(__ticks)
		{
			// wait 1/10 ms
			_delay_loop_2(((F_CPU) / 4e3) / 10);
			__ticks --;
    2ed8:	8b 89       	ldd	r24, Y+19	; 0x13
    2eda:	9c 89       	ldd	r25, Y+20	; 0x14
    2edc:	01 97       	sbiw	r24, 0x01	; 1
    2ede:	9c 8b       	std	Y+20, r25	; 0x14
    2ee0:	8b 8b       	std	Y+19, r24	; 0x13
		__ticks = 1;
	else if (__tmp > 65535)
	{
		//	__ticks = requested delay in 1/10 ms
		__ticks = (uint16_t) (__ms * 10.0);
		while(__ticks)
    2ee2:	8b 89       	ldd	r24, Y+19	; 0x13
    2ee4:	9c 89       	ldd	r25, Y+20	; 0x14
    2ee6:	00 97       	sbiw	r24, 0x00	; 0
    2ee8:	69 f7       	brne	.-38     	; 0x2ec4 <main+0x3c8>
    2eea:	14 c0       	rjmp	.+40     	; 0x2f14 <main+0x418>
			__ticks --;
		}
		return;
	}
	else
		__ticks = (uint16_t)__tmp;
    2eec:	6d 89       	ldd	r22, Y+21	; 0x15
    2eee:	7e 89       	ldd	r23, Y+22	; 0x16
    2ef0:	8f 89       	ldd	r24, Y+23	; 0x17
    2ef2:	98 8d       	ldd	r25, Y+24	; 0x18
    2ef4:	0e 94 49 00 	call	0x92	; 0x92 <__fixunssfsi>
    2ef8:	dc 01       	movw	r26, r24
    2efa:	cb 01       	movw	r24, r22
    2efc:	9c 8b       	std	Y+20, r25	; 0x14
    2efe:	8b 8b       	std	Y+19, r24	; 0x13
    2f00:	8b 89       	ldd	r24, Y+19	; 0x13
    2f02:	9c 89       	ldd	r25, Y+20	; 0x14
    2f04:	98 8b       	std	Y+16, r25	; 0x10
    2f06:	8f 87       	std	Y+15, r24	; 0x0f
    2f08:	8f 85       	ldd	r24, Y+15	; 0x0f
    2f0a:	98 89       	ldd	r25, Y+16	; 0x10
    2f0c:	01 97       	sbiw	r24, 0x01	; 1
    2f0e:	f1 f7       	brne	.-4      	; 0x2f0c <main+0x410>
    2f10:	98 8b       	std	Y+16, r25	; 0x10
    2f12:	8f 87       	std	Y+15, r24	; 0x0f

    _delay_ms(1500);
    LCD_voidClear();
    2f14:	0e 94 20 12 	call	0x2440	; 0x2440 <LCD_voidClear>

    /* Start charging — enter BULK state */
    G_State = STATE_BULK;
    2f18:	81 e0       	ldi	r24, 0x01	; 1
    2f1a:	80 93 d4 01 	sts	0x01D4, r24
    DIO_voidSetPinValue(CHARGER_PORT, CHARGER_PIN, HIGH);   /* Relay ON */
    2f1e:	81 e0       	ldi	r24, 0x01	; 1
    2f20:	60 e0       	ldi	r22, 0x00	; 0
    2f22:	41 e0       	ldi	r20, 0x01	; 1
    2f24:	0e 94 1d 0b 	call	0x163a	; 0x163a <DIO_voidSetPinValue>
    while (1)
    {
        /*--------------------------------------------------------------------
         *  1) Check emergency disconnect flag (set by EXTI ISR)
         *--------------------------------------------------------------------*/
        if (G_DisconnectFlag == 1u)
    2f28:	80 91 d7 01 	lds	r24, 0x01D7
    2f2c:	81 30       	cpi	r24, 0x01	; 1
    2f2e:	89 f4       	brne	.+34     	; 0x2f52 <main+0x456>
        {
            G_DisconnectFlag = 0u;
    2f30:	10 92 d7 01 	sts	0x01D7, r1
            G_State = STATE_DISCONNECT;
    2f34:	86 e0       	ldi	r24, 0x06	; 6
    2f36:	80 93 d4 01 	sts	0x01D4, r24
            DIO_voidSetPinValue(CHARGER_PORT, CHARGER_PIN, LOW);
    2f3a:	81 e0       	ldi	r24, 0x01	; 1
    2f3c:	60 e0       	ldi	r22, 0x00	; 0
    2f3e:	40 e0       	ldi	r20, 0x00	; 0
    2f40:	0e 94 1d 0b 	call	0x163a	; 0x163a <DIO_voidSetPinValue>
            DIO_voidSetPinValue(ALARM_PORT,   ALARM_PIN,   HIGH);
    2f44:	81 e0       	ldi	r24, 0x01	; 1
    2f46:	61 e0       	ldi	r22, 0x01	; 1
    2f48:	41 e0       	ldi	r20, 0x01	; 1
    2f4a:	0e 94 1d 0b 	call	0x163a	; 0x163a <DIO_voidSetPinValue>
            LCD_voidClear();
    2f4e:	0e 94 20 12 	call	0x2440	; 0x2440 <LCD_voidClear>
        }

        /*--------------------------------------------------------------------
         *  2) Read battery voltage and temperature from ADC
         *--------------------------------------------------------------------*/
        batADC  = ADC_u16ReadChannel(BAT_VOLT_CH);
    2f52:	80 e0       	ldi	r24, 0x00	; 0
    2f54:	0e 94 8b 0d 	call	0x1b16	; 0x1b16 <ADC_u16ReadChannel>
    2f58:	9d af       	std	Y+61, r25	; 0x3d
    2f5a:	8c af       	std	Y+60, r24	; 0x3c
        tempADC = ADC_u16ReadChannel(BAT_TEMP_CH);
    2f5c:	81 e0       	ldi	r24, 0x01	; 1
    2f5e:	0e 94 8b 0d 	call	0x1b16	; 0x1b16 <ADC_u16ReadChannel>
    2f62:	9b af       	std	Y+59, r25	; 0x3b
    2f64:	8a af       	std	Y+58, r24	; 0x3a

        /*--------------------------------------------------------------------
         *  3) Over-voltage / Over-temperature protection
         *--------------------------------------------------------------------*/
        if ((G_State != STATE_ALARM)      &&
    2f66:	80 91 d4 01 	lds	r24, 0x01D4
    2f6a:	85 30       	cpi	r24, 0x05	; 5
    2f6c:	31 f1       	breq	.+76     	; 0x2fba <main+0x4be>
    2f6e:	80 91 d4 01 	lds	r24, 0x01D4
    2f72:	86 30       	cpi	r24, 0x06	; 6
    2f74:	11 f1       	breq	.+68     	; 0x2fba <main+0x4be>
    2f76:	80 91 d4 01 	lds	r24, 0x01D4
    2f7a:	88 23       	and	r24, r24
    2f7c:	f1 f0       	breq	.+60     	; 0x2fba <main+0x4be>
    2f7e:	80 91 d4 01 	lds	r24, 0x01D4
    2f82:	84 30       	cpi	r24, 0x04	; 4
    2f84:	d1 f0       	breq	.+52     	; 0x2fba <main+0x4be>
            (G_State != STATE_DISCONNECT) &&
            (G_State != STATE_IDLE)       &&
            (G_State != STATE_COMPLETE))
        {
            if ((batADC >= OVERVOLTAGE_ADC) || (tempADC >= OVERTEMP_ADC))
    2f86:	8c ad       	ldd	r24, Y+60	; 0x3c
    2f88:	9d ad       	ldd	r25, Y+61	; 0x3d
    2f8a:	23 e0       	ldi	r18, 0x03	; 3
    2f8c:	8d 3d       	cpi	r24, 0xDD	; 221
    2f8e:	92 07       	cpc	r25, r18
    2f90:	28 f4       	brcc	.+10     	; 0x2f9c <main+0x4a0>
    2f92:	8a ad       	ldd	r24, Y+58	; 0x3a
    2f94:	9b ad       	ldd	r25, Y+59	; 0x3b
    2f96:	8c 35       	cpi	r24, 0x5C	; 92
    2f98:	91 05       	cpc	r25, r1
    2f9a:	78 f0       	brcs	.+30     	; 0x2fba <main+0x4be>
            {
                G_State = STATE_ALARM;
    2f9c:	85 e0       	ldi	r24, 0x05	; 5
    2f9e:	80 93 d4 01 	sts	0x01D4, r24
                DIO_voidSetPinValue(CHARGER_PORT, CHARGER_PIN, LOW);
    2fa2:	81 e0       	ldi	r24, 0x01	; 1
    2fa4:	60 e0       	ldi	r22, 0x00	; 0
    2fa6:	40 e0       	ldi	r20, 0x00	; 0
    2fa8:	0e 94 1d 0b 	call	0x163a	; 0x163a <DIO_voidSetPinValue>
                DIO_voidSetPinValue(ALARM_PORT,   ALARM_PIN,   HIGH);
    2fac:	81 e0       	ldi	r24, 0x01	; 1
    2fae:	61 e0       	ldi	r22, 0x01	; 1
    2fb0:	41 e0       	ldi	r20, 0x01	; 1
    2fb2:	0e 94 1d 0b 	call	0x163a	; 0x163a <DIO_voidSetPinValue>
                LCD_voidClear();
    2fb6:	0e 94 20 12 	call	0x2440	; 0x2440 <LCD_voidClear>
        }

        /*--------------------------------------------------------------------
         *  4) State Machine
         *--------------------------------------------------------------------*/
        switch (G_State)
    2fba:	80 91 d4 01 	lds	r24, 0x01D4
    2fbe:	28 2f       	mov	r18, r24
    2fc0:	30 e0       	ldi	r19, 0x00	; 0
    2fc2:	22 96       	adiw	r28, 0x02	; 2
    2fc4:	3f af       	std	Y+63, r19	; 0x3f
    2fc6:	2e af       	std	Y+62, r18	; 0x3e
    2fc8:	22 97       	sbiw	r28, 0x02	; 2
    2fca:	22 96       	adiw	r28, 0x02	; 2
    2fcc:	8e ad       	ldd	r24, Y+62	; 0x3e
    2fce:	9f ad       	ldd	r25, Y+63	; 0x3f
    2fd0:	22 97       	sbiw	r28, 0x02	; 2
    2fd2:	82 30       	cpi	r24, 0x02	; 2
    2fd4:	91 05       	cpc	r25, r1
    2fd6:	09 f4       	brne	.+2      	; 0x2fda <main+0x4de>
    2fd8:	45 c0       	rjmp	.+138    	; 0x3064 <main+0x568>
    2fda:	22 96       	adiw	r28, 0x02	; 2
    2fdc:	2e ad       	ldd	r18, Y+62	; 0x3e
    2fde:	3f ad       	ldd	r19, Y+63	; 0x3f
    2fe0:	22 97       	sbiw	r28, 0x02	; 2
    2fe2:	23 30       	cpi	r18, 0x03	; 3
    2fe4:	31 05       	cpc	r19, r1
    2fe6:	74 f4       	brge	.+28     	; 0x3004 <main+0x508>
    2fe8:	22 96       	adiw	r28, 0x02	; 2
    2fea:	8e ad       	ldd	r24, Y+62	; 0x3e
    2fec:	9f ad       	ldd	r25, Y+63	; 0x3f
    2fee:	22 97       	sbiw	r28, 0x02	; 2
    2ff0:	00 97       	sbiw	r24, 0x00	; 0
    2ff2:	09 f1       	breq	.+66     	; 0x3036 <main+0x53a>
    2ff4:	22 96       	adiw	r28, 0x02	; 2
    2ff6:	2e ad       	ldd	r18, Y+62	; 0x3e
    2ff8:	3f ad       	ldd	r19, Y+63	; 0x3f
    2ffa:	22 97       	sbiw	r28, 0x02	; 2
    2ffc:	21 30       	cpi	r18, 0x01	; 1
    2ffe:	31 05       	cpc	r19, r1
    3000:	01 f1       	breq	.+64     	; 0x3042 <main+0x546>
    3002:	9a c0       	rjmp	.+308    	; 0x3138 <main+0x63c>
    3004:	22 96       	adiw	r28, 0x02	; 2
    3006:	8e ad       	ldd	r24, Y+62	; 0x3e
    3008:	9f ad       	ldd	r25, Y+63	; 0x3f
    300a:	22 97       	sbiw	r28, 0x02	; 2
    300c:	84 30       	cpi	r24, 0x04	; 4
    300e:	91 05       	cpc	r25, r1
    3010:	09 f4       	brne	.+2      	; 0x3014 <main+0x518>
    3012:	92 c0       	rjmp	.+292    	; 0x3138 <main+0x63c>
    3014:	22 96       	adiw	r28, 0x02	; 2
    3016:	2e ad       	ldd	r18, Y+62	; 0x3e
    3018:	3f ad       	ldd	r19, Y+63	; 0x3f
    301a:	22 97       	sbiw	r28, 0x02	; 2
    301c:	24 30       	cpi	r18, 0x04	; 4
    301e:	31 05       	cpc	r19, r1
    3020:	0c f4       	brge	.+2      	; 0x3024 <main+0x528>
    3022:	42 c0       	rjmp	.+132    	; 0x30a8 <main+0x5ac>
    3024:	22 96       	adiw	r28, 0x02	; 2
    3026:	8e ad       	ldd	r24, Y+62	; 0x3e
    3028:	9f ad       	ldd	r25, Y+63	; 0x3f
    302a:	22 97       	sbiw	r28, 0x02	; 2
    302c:	85 30       	cpi	r24, 0x05	; 5
    302e:	91 05       	cpc	r25, r1
    3030:	09 f4       	brne	.+2      	; 0x3034 <main+0x538>
    3032:	68 c0       	rjmp	.+208    	; 0x3104 <main+0x608>
    3034:	81 c0       	rjmp	.+258    	; 0x3138 <main+0x63c>
        {
            /*----------------------------------------------------------------
             *  IDLE: charger OFF — should not reach here normally
             *----------------------------------------------------------------*/
            case STATE_IDLE:
                DIO_voidSetPinValue(CHARGER_PORT, CHARGER_PIN, LOW);
    3036:	81 e0       	ldi	r24, 0x01	; 1
    3038:	60 e0       	ldi	r22, 0x00	; 0
    303a:	40 e0       	ldi	r20, 0x00	; 0
    303c:	0e 94 1d 0b 	call	0x163a	; 0x163a <DIO_voidSetPinValue>
    3040:	7b c0       	rjmp	.+246    	; 0x3138 <main+0x63c>

            /*----------------------------------------------------------------
             *  BULK: full current charge until absorption voltage reached
             *----------------------------------------------------------------*/
            case STATE_BULK:
                if (batADC >= ABSORPTION_VOLT_ADC)
    3042:	8c ad       	ldd	r24, Y+60	; 0x3c
    3044:	9d ad       	ldd	r25, Y+61	; 0x3d
    3046:	23 e0       	ldi	r18, 0x03	; 3
    3048:	87 3d       	cpi	r24, 0xD7	; 215
    304a:	92 07       	cpc	r25, r18
    304c:	08 f4       	brcc	.+2      	; 0x3050 <main+0x554>
    304e:	74 c0       	rjmp	.+232    	; 0x3138 <main+0x63c>
                {
                    G_State    = STATE_ABSORPTION;
    3050:	82 e0       	ldi	r24, 0x02	; 2
    3052:	80 93 d4 01 	sts	0x01D4, r24
                    G_AbsTimer = 0u;
    3056:	10 92 d9 01 	sts	0x01D9, r1
    305a:	10 92 d8 01 	sts	0x01D8, r1
                    LCD_voidClear();
    305e:	0e 94 20 12 	call	0x2440	; 0x2440 <LCD_voidClear>
    3062:	6a c0       	rjmp	.+212    	; 0x3138 <main+0x63c>

            /*----------------------------------------------------------------
             *  ABSORPTION: hold voltage for ABSORPTION_TIME_S seconds
             *----------------------------------------------------------------*/
            case STATE_ABSORPTION:
                if (G_SecondFlag == 1u)
    3064:	80 91 d6 01 	lds	r24, 0x01D6
    3068:	81 30       	cpi	r24, 0x01	; 1
    306a:	09 f0       	breq	.+2      	; 0x306e <main+0x572>
    306c:	65 c0       	rjmp	.+202    	; 0x3138 <main+0x63c>
                {
                    G_SecondFlag = 0u;
    306e:	10 92 d6 01 	sts	0x01D6, r1
                    G_AbsTimer++;
    3072:	80 91 d8 01 	lds	r24, 0x01D8
    3076:	90 91 d9 01 	lds	r25, 0x01D9
    307a:	01 96       	adiw	r24, 0x01	; 1
    307c:	90 93 d9 01 	sts	0x01D9, r25
    3080:	80 93 d8 01 	sts	0x01D8, r24

                    if (G_AbsTimer >= ABSORPTION_TIME_S)
    3084:	80 91 d8 01 	lds	r24, 0x01D8
    3088:	90 91 d9 01 	lds	r25, 0x01D9
    308c:	8e 31       	cpi	r24, 0x1E	; 30
    308e:	91 05       	cpc	r25, r1
    3090:	08 f4       	brcc	.+2      	; 0x3094 <main+0x598>
    3092:	52 c0       	rjmp	.+164    	; 0x3138 <main+0x63c>
                    {
                        G_State      = STATE_FLOAT;
    3094:	83 e0       	ldi	r24, 0x03	; 3
    3096:	80 93 d4 01 	sts	0x01D4, r24
                        G_FloatTimer = 0u;
    309a:	10 92 db 01 	sts	0x01DB, r1
    309e:	10 92 da 01 	sts	0x01DA, r1
                        LCD_voidClear();
    30a2:	0e 94 20 12 	call	0x2440	; 0x2440 <LCD_voidClear>
    30a6:	48 c0       	rjmp	.+144    	; 0x3138 <main+0x63c>
             *  FLOAT: reduced voltage maintenance
             *  Trickle mode => stay here forever
             *  Slow/Fast    => complete after FLOAT_TIME_S seconds
             *----------------------------------------------------------------*/
            case STATE_FLOAT:
                if (G_ChargeMode != MODE_TRICKLE)
    30a8:	80 91 d5 01 	lds	r24, 0x01D5
    30ac:	83 30       	cpi	r24, 0x03	; 3
    30ae:	39 f1       	breq	.+78     	; 0x30fe <main+0x602>
                {
                    if (G_SecondFlag == 1u)
    30b0:	80 91 d6 01 	lds	r24, 0x01D6
    30b4:	81 30       	cpi	r24, 0x01	; 1
    30b6:	09 f0       	breq	.+2      	; 0x30ba <main+0x5be>
    30b8:	3f c0       	rjmp	.+126    	; 0x3138 <main+0x63c>
                    {
                        G_SecondFlag = 0u;
    30ba:	10 92 d6 01 	sts	0x01D6, r1
                        G_FloatTimer++;
    30be:	80 91 da 01 	lds	r24, 0x01DA
    30c2:	90 91 db 01 	lds	r25, 0x01DB
    30c6:	01 96       	adiw	r24, 0x01	; 1
    30c8:	90 93 db 01 	sts	0x01DB, r25
    30cc:	80 93 da 01 	sts	0x01DA, r24

                        if (G_FloatTimer >= FLOAT_TIME_S)
    30d0:	80 91 da 01 	lds	r24, 0x01DA
    30d4:	90 91 db 01 	lds	r25, 0x01DB
    30d8:	85 30       	cpi	r24, 0x05	; 5
    30da:	91 05       	cpc	r25, r1
    30dc:	68 f1       	brcs	.+90     	; 0x3138 <main+0x63c>
                        {
                            G_State = STATE_COMPLETE;
    30de:	84 e0       	ldi	r24, 0x04	; 4
    30e0:	80 93 d4 01 	sts	0x01D4, r24
                            DIO_voidSetPinValue(CHARGER_PORT,  CHARGER_PIN,  LOW);
    30e4:	81 e0       	ldi	r24, 0x01	; 1
    30e6:	60 e0       	ldi	r22, 0x00	; 0
    30e8:	40 e0       	ldi	r20, 0x00	; 0
    30ea:	0e 94 1d 0b 	call	0x163a	; 0x163a <DIO_voidSetPinValue>
                            DIO_voidSetPinValue(COMPLETE_PORT, COMPLETE_PIN, HIGH);
    30ee:	81 e0       	ldi	r24, 0x01	; 1
    30f0:	62 e0       	ldi	r22, 0x02	; 2
    30f2:	41 e0       	ldi	r20, 0x01	; 1
    30f4:	0e 94 1d 0b 	call	0x163a	; 0x163a <DIO_voidSetPinValue>
                            LCD_voidClear();
    30f8:	0e 94 20 12 	call	0x2440	; 0x2440 <LCD_voidClear>
    30fc:	1d c0       	rjmp	.+58     	; 0x3138 <main+0x63c>
                    }
                }
                /* Trickle mode: clear flag and stay in FLOAT */
                else
                {
                    G_SecondFlag = 0u;
    30fe:	10 92 d6 01 	sts	0x01D6, r1
    3102:	1a c0       	rjmp	.+52     	; 0x3138 <main+0x63c>
            /*----------------------------------------------------------------
             *  ALARM: over-voltage or over-temperature
             *  Auto-resume to BULK when condition clears
             *----------------------------------------------------------------*/
            case STATE_ALARM:
                if ((batADC < OVERVOLTAGE_ADC) && (tempADC < OVERTEMP_ADC))
    3104:	8c ad       	ldd	r24, Y+60	; 0x3c
    3106:	9d ad       	ldd	r25, Y+61	; 0x3d
    3108:	33 e0       	ldi	r19, 0x03	; 3
    310a:	8d 3d       	cpi	r24, 0xDD	; 221
    310c:	93 07       	cpc	r25, r19
    310e:	a0 f4       	brcc	.+40     	; 0x3138 <main+0x63c>
    3110:	8a ad       	ldd	r24, Y+58	; 0x3a
    3112:	9b ad       	ldd	r25, Y+59	; 0x3b
    3114:	8c 35       	cpi	r24, 0x5C	; 92
    3116:	91 05       	cpc	r25, r1
    3118:	78 f4       	brcc	.+30     	; 0x3138 <main+0x63c>
                {
                    G_State = STATE_BULK;
    311a:	81 e0       	ldi	r24, 0x01	; 1
    311c:	80 93 d4 01 	sts	0x01D4, r24
                    DIO_voidSetPinValue(CHARGER_PORT, CHARGER_PIN, HIGH);
    3120:	81 e0       	ldi	r24, 0x01	; 1
    3122:	60 e0       	ldi	r22, 0x00	; 0
    3124:	41 e0       	ldi	r20, 0x01	; 1
    3126:	0e 94 1d 0b 	call	0x163a	; 0x163a <DIO_voidSetPinValue>
                    DIO_voidSetPinValue(ALARM_PORT,   ALARM_PIN,   LOW);
    312a:	81 e0       	ldi	r24, 0x01	; 1
    312c:	61 e0       	ldi	r22, 0x01	; 1
    312e:	40 e0       	ldi	r20, 0x00	; 0
    3130:	0e 94 1d 0b 	call	0x163a	; 0x163a <DIO_voidSetPinValue>
                    LCD_voidClear();
    3134:	0e 94 20 12 	call	0x2440	; 0x2440 <LCD_voidClear>
        }

        /*--------------------------------------------------------------------
         *  5) Update LCD display
         *--------------------------------------------------------------------*/
        LCD_PrintState();
    3138:	0e 94 1f 15 	call	0x2a3e	; 0x2a3e <LCD_PrintState>
        LCD_voidGoToXY(1, 0);
    313c:	81 e0       	ldi	r24, 0x01	; 1
    313e:	60 e0       	ldi	r22, 0x00	; 0
    3140:	0e 94 a8 12 	call	0x2550	; 0x2550 <LCD_voidGoToXY>

        switch (G_State)
    3144:	80 91 d4 01 	lds	r24, 0x01D4
    3148:	28 2f       	mov	r18, r24
    314a:	30 e0       	ldi	r19, 0x00	; 0
    314c:	3f af       	std	Y+63, r19	; 0x3f
    314e:	2e af       	std	Y+62, r18	; 0x3e
    3150:	8e ad       	ldd	r24, Y+62	; 0x3e
    3152:	9f ad       	ldd	r25, Y+63	; 0x3f
    3154:	85 30       	cpi	r24, 0x05	; 5
    3156:	91 05       	cpc	r25, r1
    3158:	59 f0       	breq	.+22     	; 0x3170 <main+0x674>
    315a:	2e ad       	ldd	r18, Y+62	; 0x3e
    315c:	3f ad       	ldd	r19, Y+63	; 0x3f
    315e:	26 30       	cpi	r18, 0x06	; 6
    3160:	31 05       	cpc	r19, r1
    3162:	a9 f0       	breq	.+42     	; 0x318e <main+0x692>
    3164:	8e ad       	ldd	r24, Y+62	; 0x3e
    3166:	9f ad       	ldd	r25, Y+63	; 0x3f
    3168:	84 30       	cpi	r24, 0x04	; 4
    316a:	91 05       	cpc	r25, r1
    316c:	a9 f0       	breq	.+42     	; 0x3198 <main+0x69c>
    316e:	19 c0       	rjmp	.+50     	; 0x31a2 <main+0x6a6>
        {
            case STATE_ALARM:
                if (tempADC >= OVERTEMP_ADC)
    3170:	8a ad       	ldd	r24, Y+58	; 0x3a
    3172:	9b ad       	ldd	r25, Y+59	; 0x3b
    3174:	8c 35       	cpi	r24, 0x5C	; 92
    3176:	91 05       	cpc	r25, r1
    3178:	28 f0       	brcs	.+10     	; 0x3184 <main+0x688>
                    { LCD_voidSendString("OVER-TEMP!      "); }
    317a:	89 e6       	ldi	r24, 0x69	; 105
    317c:	91 e0       	ldi	r25, 0x01	; 1
    317e:	0e 94 f7 11 	call	0x23ee	; 0x23ee <LCD_voidSendString>
    3182:	1f c0       	rjmp	.+62     	; 0x31c2 <main+0x6c6>
                else
                    { LCD_voidSendString("OVER-VOLTAGE!   "); }
    3184:	8a e7       	ldi	r24, 0x7A	; 122
    3186:	91 e0       	ldi	r25, 0x01	; 1
    3188:	0e 94 f7 11 	call	0x23ee	; 0x23ee <LCD_voidSendString>
    318c:	1a c0       	rjmp	.+52     	; 0x31c2 <main+0x6c6>
                break;

            case STATE_DISCONNECT:
                LCD_voidSendString("Bat Disconnected");
    318e:	8b e8       	ldi	r24, 0x8B	; 139
    3190:	91 e0       	ldi	r25, 0x01	; 1
    3192:	0e 94 f7 11 	call	0x23ee	; 0x23ee <LCD_voidSendString>
    3196:	15 c0       	rjmp	.+42     	; 0x31c2 <main+0x6c6>
                break;

            case STATE_COMPLETE:
                LCD_voidSendString("Charge Complete!");
    3198:	8c e9       	ldi	r24, 0x9C	; 156
    319a:	91 e0       	ldi	r25, 0x01	; 1
    319c:	0e 94 f7 11 	call	0x23ee	; 0x23ee <LCD_voidSendString>
    31a0:	10 c0       	rjmp	.+32     	; 0x31c2 <main+0x6c6>
                break;

            default:
                /* Show live voltage and temperature readings */
                LCD_PrintVoltage(batADC);
    31a2:	8c ad       	ldd	r24, Y+60	; 0x3c
    31a4:	9d ad       	ldd	r25, Y+61	; 0x3d
    31a6:	0e 94 76 14 	call	0x28ec	; 0x28ec <LCD_PrintVoltage>
                LCD_voidSendString(" ");
    31aa:	8d ea       	ldi	r24, 0xAD	; 173
    31ac:	91 e0       	ldi	r25, 0x01	; 1
    31ae:	0e 94 f7 11 	call	0x23ee	; 0x23ee <LCD_voidSendString>
                LCD_PrintTemp(tempADC);
    31b2:	8a ad       	ldd	r24, Y+58	; 0x3a
    31b4:	9b ad       	ldd	r25, Y+59	; 0x3b
    31b6:	0e 94 e9 14 	call	0x29d2	; 0x29d2 <LCD_PrintTemp>
                LCD_voidSendString("  ");
    31ba:	8f ea       	ldi	r24, 0xAF	; 175
    31bc:	91 e0       	ldi	r25, 0x01	; 1
    31be:	0e 94 f7 11 	call	0x23ee	; 0x23ee <LCD_voidSendString>
    31c2:	80 e0       	ldi	r24, 0x00	; 0
    31c4:	90 e0       	ldi	r25, 0x00	; 0
    31c6:	a6 e9       	ldi	r26, 0x96	; 150
    31c8:	b3 e4       	ldi	r27, 0x43	; 67
    31ca:	8b 87       	std	Y+11, r24	; 0x0b
    31cc:	9c 87       	std	Y+12, r25	; 0x0c
    31ce:	ad 87       	std	Y+13, r26	; 0x0d
    31d0:	be 87       	std	Y+14, r27	; 0x0e
 */
void
_delay_ms(double __ms)
{
	uint16_t __ticks;
	double __tmp = ((F_CPU) / 4e3) * __ms;
    31d2:	6b 85       	ldd	r22, Y+11	; 0x0b
    31d4:	7c 85       	ldd	r23, Y+12	; 0x0c
    31d6:	8d 85       	ldd	r24, Y+13	; 0x0d
    31d8:	9e 85       	ldd	r25, Y+14	; 0x0e
    31da:	20 e0       	ldi	r18, 0x00	; 0
    31dc:	30 e0       	ldi	r19, 0x00	; 0
    31de:	4a ef       	ldi	r20, 0xFA	; 250
    31e0:	54 e4       	ldi	r21, 0x44	; 68
    31e2:	0e 94 1f 02 	call	0x43e	; 0x43e <__mulsf3>
    31e6:	dc 01       	movw	r26, r24
    31e8:	cb 01       	movw	r24, r22
    31ea:	8f 83       	std	Y+7, r24	; 0x07
    31ec:	98 87       	std	Y+8, r25	; 0x08
    31ee:	a9 87       	std	Y+9, r26	; 0x09
    31f0:	ba 87       	std	Y+10, r27	; 0x0a
	if (__tmp < 1.0)
    31f2:	6f 81       	ldd	r22, Y+7	; 0x07
    31f4:	78 85       	ldd	r23, Y+8	; 0x08
    31f6:	89 85       	ldd	r24, Y+9	; 0x09
    31f8:	9a 85       	ldd	r25, Y+10	; 0x0a
    31fa:	20 e0       	ldi	r18, 0x00	; 0
    31fc:	30 e0       	ldi	r19, 0x00	; 0
    31fe:	40 e8       	ldi	r20, 0x80	; 128
    3200:	5f e3       	ldi	r21, 0x3F	; 63
    3202:	0e 94 79 03 	call	0x6f2	; 0x6f2 <__ltsf2>
    3206:	88 23       	and	r24, r24
    3208:	2c f4       	brge	.+10     	; 0x3214 <main+0x718>
		__ticks = 1;
    320a:	81 e0       	ldi	r24, 0x01	; 1
    320c:	90 e0       	ldi	r25, 0x00	; 0
    320e:	9e 83       	std	Y+6, r25	; 0x06
    3210:	8d 83       	std	Y+5, r24	; 0x05
    3212:	3f c0       	rjmp	.+126    	; 0x3292 <main+0x796>
	else if (__tmp > 65535)
    3214:	6f 81       	ldd	r22, Y+7	; 0x07
    3216:	78 85       	ldd	r23, Y+8	; 0x08
    3218:	89 85       	ldd	r24, Y+9	; 0x09
    321a:	9a 85       	ldd	r25, Y+10	; 0x0a
    321c:	20 e0       	ldi	r18, 0x00	; 0
    321e:	3f ef       	ldi	r19, 0xFF	; 255
    3220:	4f e7       	ldi	r20, 0x7F	; 127
    3222:	57 e4       	ldi	r21, 0x47	; 71
    3224:	0e 94 19 03 	call	0x632	; 0x632 <__gtsf2>
    3228:	18 16       	cp	r1, r24
    322a:	4c f5       	brge	.+82     	; 0x327e <main+0x782>
	{
		//	__ticks = requested delay in 1/10 ms
		__ticks = (uint16_t) (__ms * 10.0);
    322c:	6b 85       	ldd	r22, Y+11	; 0x0b
    322e:	7c 85       	ldd	r23, Y+12	; 0x0c
    3230:	8d 85       	ldd	r24, Y+13	; 0x0d
    3232:	9e 85       	ldd	r25, Y+14	; 0x0e
    3234:	20 e0       	ldi	r18, 0x00	; 0
    3236:	30 e0       	ldi	r19, 0x00	; 0
    3238:	40 e2       	ldi	r20, 0x20	; 32
    323a:	51 e4       	ldi	r21, 0x41	; 65
    323c:	0e 94 1f 02 	call	0x43e	; 0x43e <__mulsf3>
    3240:	dc 01       	movw	r26, r24
    3242:	cb 01       	movw	r24, r22
    3244:	bc 01       	movw	r22, r24
    3246:	cd 01       	movw	r24, r26
    3248:	0e 94 49 00 	call	0x92	; 0x92 <__fixunssfsi>
    324c:	dc 01       	movw	r26, r24
    324e:	cb 01       	movw	r24, r22
    3250:	9e 83       	std	Y+6, r25	; 0x06
    3252:	8d 83       	std	Y+5, r24	; 0x05
    3254:	0f c0       	rjmp	.+30     	; 0x3274 <main+0x778>
    3256:	88 ec       	ldi	r24, 0xC8	; 200
    3258:	90 e0       	ldi	r25, 0x00	; 0
    325a:	9c 83       	std	Y+4, r25	; 0x04
    325c:	8b 83       	std	Y+3, r24	; 0x03
    325e:	8b 81       	ldd	r24, Y+3	; 0x03
    3260:	9c 81       	ldd	r25, Y+4	; 0x04
    3262:	01 97       	sbiw	r24, 0x01	; 1
    3264:	f1 f7       	brne	.-4      	; 0x3262 <main+0x766>
    3266:	9c 83       	std	Y+4, r25	; 0x04
    3268:	8b 83       	std	Y+3, r24	; 0x03
		while(__ticks)
		{
			// wait 1/10 ms
			_delay_loop_2(((F_CPU) / 4e3) / 10);
			__ticks --;
    326a:	8d 81       	ldd	r24, Y+5	; 0x05
    326c:	9e 81       	ldd	r25, Y+6	; 0x06
    326e:	01 97       	sbiw	r24, 0x01	; 1
    3270:	9e 83       	std	Y+6, r25	; 0x06
    3272:	8d 83       	std	Y+5, r24	; 0x05
		__ticks = 1;
	else if (__tmp > 65535)
	{
		//	__ticks = requested delay in 1/10 ms
		__ticks = (uint16_t) (__ms * 10.0);
		while(__ticks)
    3274:	8d 81       	ldd	r24, Y+5	; 0x05
    3276:	9e 81       	ldd	r25, Y+6	; 0x06
    3278:	00 97       	sbiw	r24, 0x00	; 0
    327a:	69 f7       	brne	.-38     	; 0x3256 <main+0x75a>
    327c:	55 ce       	rjmp	.-854    	; 0x2f28 <main+0x42c>
			__ticks --;
		}
		return;
	}
	else
		__ticks = (uint16_t)__tmp;
    327e:	6f 81       	ldd	r22, Y+7	; 0x07
    3280:	78 85       	ldd	r23, Y+8	; 0x08
    3282:	89 85       	ldd	r24, Y+9	; 0x09
    3284:	9a 85       	ldd	r25, Y+10	; 0x0a
    3286:	0e 94 49 00 	call	0x92	; 0x92 <__fixunssfsi>
    328a:	dc 01       	movw	r26, r24
    328c:	cb 01       	movw	r24, r22
    328e:	9e 83       	std	Y+6, r25	; 0x06
    3290:	8d 83       	std	Y+5, r24	; 0x05
    3292:	8d 81       	ldd	r24, Y+5	; 0x05
    3294:	9e 81       	ldd	r25, Y+6	; 0x06
    3296:	9a 83       	std	Y+2, r25	; 0x02
    3298:	89 83       	std	Y+1, r24	; 0x01
    329a:	89 81       	ldd	r24, Y+1	; 0x01
    329c:	9a 81       	ldd	r25, Y+2	; 0x02
    329e:	01 97       	sbiw	r24, 0x01	; 1
    32a0:	f1 f7       	brne	.-4      	; 0x329e <main+0x7a2>
    32a2:	9a 83       	std	Y+2, r25	; 0x02
    32a4:	89 83       	std	Y+1, r24	; 0x01
    32a6:	40 ce       	rjmp	.-896    	; 0x2f28 <main+0x42c>

000032a8 <__mulsi3>:
    32a8:	62 9f       	mul	r22, r18
    32aa:	d0 01       	movw	r26, r0
    32ac:	73 9f       	mul	r23, r19
    32ae:	f0 01       	movw	r30, r0
    32b0:	82 9f       	mul	r24, r18
    32b2:	e0 0d       	add	r30, r0
    32b4:	f1 1d       	adc	r31, r1
    32b6:	64 9f       	mul	r22, r20
    32b8:	e0 0d       	add	r30, r0
    32ba:	f1 1d       	adc	r31, r1
    32bc:	92 9f       	mul	r25, r18
    32be:	f0 0d       	add	r31, r0
    32c0:	83 9f       	mul	r24, r19
    32c2:	f0 0d       	add	r31, r0
    32c4:	74 9f       	mul	r23, r20
    32c6:	f0 0d       	add	r31, r0
    32c8:	65 9f       	mul	r22, r21
    32ca:	f0 0d       	add	r31, r0
    32cc:	99 27       	eor	r25, r25
    32ce:	72 9f       	mul	r23, r18
    32d0:	b0 0d       	add	r27, r0
    32d2:	e1 1d       	adc	r30, r1
    32d4:	f9 1f       	adc	r31, r25
    32d6:	63 9f       	mul	r22, r19
    32d8:	b0 0d       	add	r27, r0
    32da:	e1 1d       	adc	r30, r1
    32dc:	f9 1f       	adc	r31, r25
    32de:	bd 01       	movw	r22, r26
    32e0:	cf 01       	movw	r24, r30
    32e2:	11 24       	eor	r1, r1
    32e4:	08 95       	ret

000032e6 <__udivmodsi4>:
    32e6:	a1 e2       	ldi	r26, 0x21	; 33
    32e8:	1a 2e       	mov	r1, r26
    32ea:	aa 1b       	sub	r26, r26
    32ec:	bb 1b       	sub	r27, r27
    32ee:	fd 01       	movw	r30, r26
    32f0:	0d c0       	rjmp	.+26     	; 0x330c <__udivmodsi4_ep>

000032f2 <__udivmodsi4_loop>:
    32f2:	aa 1f       	adc	r26, r26
    32f4:	bb 1f       	adc	r27, r27
    32f6:	ee 1f       	adc	r30, r30
    32f8:	ff 1f       	adc	r31, r31
    32fa:	a2 17       	cp	r26, r18
    32fc:	b3 07       	cpc	r27, r19
    32fe:	e4 07       	cpc	r30, r20
    3300:	f5 07       	cpc	r31, r21
    3302:	20 f0       	brcs	.+8      	; 0x330c <__udivmodsi4_ep>
    3304:	a2 1b       	sub	r26, r18
    3306:	b3 0b       	sbc	r27, r19
    3308:	e4 0b       	sbc	r30, r20
    330a:	f5 0b       	sbc	r31, r21

0000330c <__udivmodsi4_ep>:
    330c:	66 1f       	adc	r22, r22
    330e:	77 1f       	adc	r23, r23
    3310:	88 1f       	adc	r24, r24
    3312:	99 1f       	adc	r25, r25
    3314:	1a 94       	dec	r1
    3316:	69 f7       	brne	.-38     	; 0x32f2 <__udivmodsi4_loop>
    3318:	60 95       	com	r22
    331a:	70 95       	com	r23
    331c:	80 95       	com	r24
    331e:	90 95       	com	r25
    3320:	9b 01       	movw	r18, r22
    3322:	ac 01       	movw	r20, r24
    3324:	bd 01       	movw	r22, r26
    3326:	cf 01       	movw	r24, r30
    3328:	08 95       	ret

0000332a <__prologue_saves__>:
    332a:	2f 92       	push	r2
    332c:	3f 92       	push	r3
    332e:	4f 92       	push	r4
    3330:	5f 92       	push	r5
    3332:	6f 92       	push	r6
    3334:	7f 92       	push	r7
    3336:	8f 92       	push	r8
    3338:	9f 92       	push	r9
    333a:	af 92       	push	r10
    333c:	bf 92       	push	r11
    333e:	cf 92       	push	r12
    3340:	df 92       	push	r13
    3342:	ef 92       	push	r14
    3344:	ff 92       	push	r15
    3346:	0f 93       	push	r16
    3348:	1f 93       	push	r17
    334a:	cf 93       	push	r28
    334c:	df 93       	push	r29
    334e:	cd b7       	in	r28, 0x3d	; 61
    3350:	de b7       	in	r29, 0x3e	; 62
    3352:	ca 1b       	sub	r28, r26
    3354:	db 0b       	sbc	r29, r27
    3356:	0f b6       	in	r0, 0x3f	; 63
    3358:	f8 94       	cli
    335a:	de bf       	out	0x3e, r29	; 62
    335c:	0f be       	out	0x3f, r0	; 63
    335e:	cd bf       	out	0x3d, r28	; 61
    3360:	09 94       	ijmp

00003362 <__epilogue_restores__>:
    3362:	2a 88       	ldd	r2, Y+18	; 0x12
    3364:	39 88       	ldd	r3, Y+17	; 0x11
    3366:	48 88       	ldd	r4, Y+16	; 0x10
    3368:	5f 84       	ldd	r5, Y+15	; 0x0f
    336a:	6e 84       	ldd	r6, Y+14	; 0x0e
    336c:	7d 84       	ldd	r7, Y+13	; 0x0d
    336e:	8c 84       	ldd	r8, Y+12	; 0x0c
    3370:	9b 84       	ldd	r9, Y+11	; 0x0b
    3372:	aa 84       	ldd	r10, Y+10	; 0x0a
    3374:	b9 84       	ldd	r11, Y+9	; 0x09
    3376:	c8 84       	ldd	r12, Y+8	; 0x08
    3378:	df 80       	ldd	r13, Y+7	; 0x07
    337a:	ee 80       	ldd	r14, Y+6	; 0x06
    337c:	fd 80       	ldd	r15, Y+5	; 0x05
    337e:	0c 81       	ldd	r16, Y+4	; 0x04
    3380:	1b 81       	ldd	r17, Y+3	; 0x03
    3382:	aa 81       	ldd	r26, Y+2	; 0x02
    3384:	b9 81       	ldd	r27, Y+1	; 0x01
    3386:	ce 0f       	add	r28, r30
    3388:	d1 1d       	adc	r29, r1
    338a:	0f b6       	in	r0, 0x3f	; 63
    338c:	f8 94       	cli
    338e:	de bf       	out	0x3e, r29	; 62
    3390:	0f be       	out	0x3f, r0	; 63
    3392:	cd bf       	out	0x3d, r28	; 61
    3394:	ed 01       	movw	r28, r26
    3396:	08 95       	ret

00003398 <sprintf>:
    3398:	ae e0       	ldi	r26, 0x0E	; 14
    339a:	b0 e0       	ldi	r27, 0x00	; 0
    339c:	e2 ed       	ldi	r30, 0xD2	; 210
    339e:	f9 e1       	ldi	r31, 0x19	; 25
    33a0:	0c 94 a3 19 	jmp	0x3346	; 0x3346 <__prologue_saves__+0x1c>
    33a4:	0d 89       	ldd	r16, Y+21	; 0x15
    33a6:	1e 89       	ldd	r17, Y+22	; 0x16
    33a8:	86 e0       	ldi	r24, 0x06	; 6
    33aa:	8c 83       	std	Y+4, r24	; 0x04
    33ac:	1a 83       	std	Y+2, r17	; 0x02
    33ae:	09 83       	std	Y+1, r16	; 0x01
    33b0:	8f ef       	ldi	r24, 0xFF	; 255
    33b2:	9f e7       	ldi	r25, 0x7F	; 127
    33b4:	9e 83       	std	Y+6, r25	; 0x06
    33b6:	8d 83       	std	Y+5, r24	; 0x05
    33b8:	9e 01       	movw	r18, r28
    33ba:	27 5e       	subi	r18, 0xE7	; 231
    33bc:	3f 4f       	sbci	r19, 0xFF	; 255
    33be:	ce 01       	movw	r24, r28
    33c0:	01 96       	adiw	r24, 0x01	; 1
    33c2:	6f 89       	ldd	r22, Y+23	; 0x17
    33c4:	78 8d       	ldd	r23, Y+24	; 0x18
    33c6:	a9 01       	movw	r20, r18
    33c8:	0e 94 f0 19 	call	0x33e0	; 0x33e0 <vfprintf>
    33cc:	2f 81       	ldd	r18, Y+7	; 0x07
    33ce:	38 85       	ldd	r19, Y+8	; 0x08
    33d0:	02 0f       	add	r16, r18
    33d2:	13 1f       	adc	r17, r19
    33d4:	f8 01       	movw	r30, r16
    33d6:	10 82       	st	Z, r1
    33d8:	2e 96       	adiw	r28, 0x0e	; 14
    33da:	e4 e0       	ldi	r30, 0x04	; 4
    33dc:	0c 94 bf 19 	jmp	0x337e	; 0x337e <__epilogue_restores__+0x1c>

000033e0 <vfprintf>:
    33e0:	ab e0       	ldi	r26, 0x0B	; 11
    33e2:	b0 e0       	ldi	r27, 0x00	; 0
    33e4:	e6 ef       	ldi	r30, 0xF6	; 246
    33e6:	f9 e1       	ldi	r31, 0x19	; 25
    33e8:	0c 94 95 19 	jmp	0x332a	; 0x332a <__prologue_saves__>
    33ec:	3c 01       	movw	r6, r24
    33ee:	2b 01       	movw	r4, r22
    33f0:	5a 01       	movw	r10, r20
    33f2:	fc 01       	movw	r30, r24
    33f4:	17 82       	std	Z+7, r1	; 0x07
    33f6:	16 82       	std	Z+6, r1	; 0x06
    33f8:	83 81       	ldd	r24, Z+3	; 0x03
    33fa:	81 fd       	sbrc	r24, 1
    33fc:	03 c0       	rjmp	.+6      	; 0x3404 <vfprintf+0x24>
    33fe:	6f ef       	ldi	r22, 0xFF	; 255
    3400:	7f ef       	ldi	r23, 0xFF	; 255
    3402:	c6 c1       	rjmp	.+908    	; 0x3790 <vfprintf+0x3b0>
    3404:	9a e0       	ldi	r25, 0x0A	; 10
    3406:	89 2e       	mov	r8, r25
    3408:	1e 01       	movw	r2, r28
    340a:	08 94       	sec
    340c:	21 1c       	adc	r2, r1
    340e:	31 1c       	adc	r3, r1
    3410:	f3 01       	movw	r30, r6
    3412:	23 81       	ldd	r18, Z+3	; 0x03
    3414:	f2 01       	movw	r30, r4
    3416:	23 fd       	sbrc	r18, 3
    3418:	85 91       	lpm	r24, Z+
    341a:	23 ff       	sbrs	r18, 3
    341c:	81 91       	ld	r24, Z+
    341e:	2f 01       	movw	r4, r30
    3420:	88 23       	and	r24, r24
    3422:	09 f4       	brne	.+2      	; 0x3426 <vfprintf+0x46>
    3424:	b2 c1       	rjmp	.+868    	; 0x378a <vfprintf+0x3aa>
    3426:	85 32       	cpi	r24, 0x25	; 37
    3428:	39 f4       	brne	.+14     	; 0x3438 <vfprintf+0x58>
    342a:	23 fd       	sbrc	r18, 3
    342c:	85 91       	lpm	r24, Z+
    342e:	23 ff       	sbrs	r18, 3
    3430:	81 91       	ld	r24, Z+
    3432:	2f 01       	movw	r4, r30
    3434:	85 32       	cpi	r24, 0x25	; 37
    3436:	29 f4       	brne	.+10     	; 0x3442 <vfprintf+0x62>
    3438:	90 e0       	ldi	r25, 0x00	; 0
    343a:	b3 01       	movw	r22, r6
    343c:	0e 94 e3 1b 	call	0x37c6	; 0x37c6 <fputc>
    3440:	e7 cf       	rjmp	.-50     	; 0x3410 <vfprintf+0x30>
    3442:	98 2f       	mov	r25, r24
    3444:	ff 24       	eor	r15, r15
    3446:	ee 24       	eor	r14, r14
    3448:	99 24       	eor	r9, r9
    344a:	ff e1       	ldi	r31, 0x1F	; 31
    344c:	ff 15       	cp	r31, r15
    344e:	d0 f0       	brcs	.+52     	; 0x3484 <vfprintf+0xa4>
    3450:	9b 32       	cpi	r25, 0x2B	; 43
    3452:	69 f0       	breq	.+26     	; 0x346e <vfprintf+0x8e>
    3454:	9c 32       	cpi	r25, 0x2C	; 44
    3456:	28 f4       	brcc	.+10     	; 0x3462 <vfprintf+0x82>
    3458:	90 32       	cpi	r25, 0x20	; 32
    345a:	59 f0       	breq	.+22     	; 0x3472 <vfprintf+0x92>
    345c:	93 32       	cpi	r25, 0x23	; 35
    345e:	91 f4       	brne	.+36     	; 0x3484 <vfprintf+0xa4>
    3460:	0e c0       	rjmp	.+28     	; 0x347e <vfprintf+0x9e>
    3462:	9d 32       	cpi	r25, 0x2D	; 45
    3464:	49 f0       	breq	.+18     	; 0x3478 <vfprintf+0x98>
    3466:	90 33       	cpi	r25, 0x30	; 48
    3468:	69 f4       	brne	.+26     	; 0x3484 <vfprintf+0xa4>
    346a:	41 e0       	ldi	r20, 0x01	; 1
    346c:	24 c0       	rjmp	.+72     	; 0x34b6 <vfprintf+0xd6>
    346e:	52 e0       	ldi	r21, 0x02	; 2
    3470:	f5 2a       	or	r15, r21
    3472:	84 e0       	ldi	r24, 0x04	; 4
    3474:	f8 2a       	or	r15, r24
    3476:	28 c0       	rjmp	.+80     	; 0x34c8 <vfprintf+0xe8>
    3478:	98 e0       	ldi	r25, 0x08	; 8
    347a:	f9 2a       	or	r15, r25
    347c:	25 c0       	rjmp	.+74     	; 0x34c8 <vfprintf+0xe8>
    347e:	e0 e1       	ldi	r30, 0x10	; 16
    3480:	fe 2a       	or	r15, r30
    3482:	22 c0       	rjmp	.+68     	; 0x34c8 <vfprintf+0xe8>
    3484:	f7 fc       	sbrc	r15, 7
    3486:	29 c0       	rjmp	.+82     	; 0x34da <vfprintf+0xfa>
    3488:	89 2f       	mov	r24, r25
    348a:	80 53       	subi	r24, 0x30	; 48
    348c:	8a 30       	cpi	r24, 0x0A	; 10
    348e:	70 f4       	brcc	.+28     	; 0x34ac <vfprintf+0xcc>
    3490:	f6 fe       	sbrs	r15, 6
    3492:	05 c0       	rjmp	.+10     	; 0x349e <vfprintf+0xbe>
    3494:	98 9c       	mul	r9, r8
    3496:	90 2c       	mov	r9, r0
    3498:	11 24       	eor	r1, r1
    349a:	98 0e       	add	r9, r24
    349c:	15 c0       	rjmp	.+42     	; 0x34c8 <vfprintf+0xe8>
    349e:	e8 9c       	mul	r14, r8
    34a0:	e0 2c       	mov	r14, r0
    34a2:	11 24       	eor	r1, r1
    34a4:	e8 0e       	add	r14, r24
    34a6:	f0 e2       	ldi	r31, 0x20	; 32
    34a8:	ff 2a       	or	r15, r31
    34aa:	0e c0       	rjmp	.+28     	; 0x34c8 <vfprintf+0xe8>
    34ac:	9e 32       	cpi	r25, 0x2E	; 46
    34ae:	29 f4       	brne	.+10     	; 0x34ba <vfprintf+0xda>
    34b0:	f6 fc       	sbrc	r15, 6
    34b2:	6b c1       	rjmp	.+726    	; 0x378a <vfprintf+0x3aa>
    34b4:	40 e4       	ldi	r20, 0x40	; 64
    34b6:	f4 2a       	or	r15, r20
    34b8:	07 c0       	rjmp	.+14     	; 0x34c8 <vfprintf+0xe8>
    34ba:	9c 36       	cpi	r25, 0x6C	; 108
    34bc:	19 f4       	brne	.+6      	; 0x34c4 <vfprintf+0xe4>
    34be:	50 e8       	ldi	r21, 0x80	; 128
    34c0:	f5 2a       	or	r15, r21
    34c2:	02 c0       	rjmp	.+4      	; 0x34c8 <vfprintf+0xe8>
    34c4:	98 36       	cpi	r25, 0x68	; 104
    34c6:	49 f4       	brne	.+18     	; 0x34da <vfprintf+0xfa>
    34c8:	f2 01       	movw	r30, r4
    34ca:	23 fd       	sbrc	r18, 3
    34cc:	95 91       	lpm	r25, Z+
    34ce:	23 ff       	sbrs	r18, 3
    34d0:	91 91       	ld	r25, Z+
    34d2:	2f 01       	movw	r4, r30
    34d4:	99 23       	and	r25, r25
    34d6:	09 f0       	breq	.+2      	; 0x34da <vfprintf+0xfa>
    34d8:	b8 cf       	rjmp	.-144    	; 0x344a <vfprintf+0x6a>
    34da:	89 2f       	mov	r24, r25
    34dc:	85 54       	subi	r24, 0x45	; 69
    34de:	83 30       	cpi	r24, 0x03	; 3
    34e0:	18 f0       	brcs	.+6      	; 0x34e8 <vfprintf+0x108>
    34e2:	80 52       	subi	r24, 0x20	; 32
    34e4:	83 30       	cpi	r24, 0x03	; 3
    34e6:	38 f4       	brcc	.+14     	; 0x34f6 <vfprintf+0x116>
    34e8:	44 e0       	ldi	r20, 0x04	; 4
    34ea:	50 e0       	ldi	r21, 0x00	; 0
    34ec:	a4 0e       	add	r10, r20
    34ee:	b5 1e       	adc	r11, r21
    34f0:	5f e3       	ldi	r21, 0x3F	; 63
    34f2:	59 83       	std	Y+1, r21	; 0x01
    34f4:	0f c0       	rjmp	.+30     	; 0x3514 <vfprintf+0x134>
    34f6:	93 36       	cpi	r25, 0x63	; 99
    34f8:	31 f0       	breq	.+12     	; 0x3506 <vfprintf+0x126>
    34fa:	93 37       	cpi	r25, 0x73	; 115
    34fc:	79 f0       	breq	.+30     	; 0x351c <vfprintf+0x13c>
    34fe:	93 35       	cpi	r25, 0x53	; 83
    3500:	09 f0       	breq	.+2      	; 0x3504 <vfprintf+0x124>
    3502:	56 c0       	rjmp	.+172    	; 0x35b0 <vfprintf+0x1d0>
    3504:	20 c0       	rjmp	.+64     	; 0x3546 <vfprintf+0x166>
    3506:	f5 01       	movw	r30, r10
    3508:	80 81       	ld	r24, Z
    350a:	89 83       	std	Y+1, r24	; 0x01
    350c:	42 e0       	ldi	r20, 0x02	; 2
    350e:	50 e0       	ldi	r21, 0x00	; 0
    3510:	a4 0e       	add	r10, r20
    3512:	b5 1e       	adc	r11, r21
    3514:	61 01       	movw	r12, r2
    3516:	01 e0       	ldi	r16, 0x01	; 1
    3518:	10 e0       	ldi	r17, 0x00	; 0
    351a:	12 c0       	rjmp	.+36     	; 0x3540 <vfprintf+0x160>
    351c:	f5 01       	movw	r30, r10
    351e:	c0 80       	ld	r12, Z
    3520:	d1 80       	ldd	r13, Z+1	; 0x01
    3522:	f6 fc       	sbrc	r15, 6
    3524:	03 c0       	rjmp	.+6      	; 0x352c <vfprintf+0x14c>
    3526:	6f ef       	ldi	r22, 0xFF	; 255
    3528:	7f ef       	ldi	r23, 0xFF	; 255
    352a:	02 c0       	rjmp	.+4      	; 0x3530 <vfprintf+0x150>
    352c:	69 2d       	mov	r22, r9
    352e:	70 e0       	ldi	r23, 0x00	; 0
    3530:	42 e0       	ldi	r20, 0x02	; 2
    3532:	50 e0       	ldi	r21, 0x00	; 0
    3534:	a4 0e       	add	r10, r20
    3536:	b5 1e       	adc	r11, r21
    3538:	c6 01       	movw	r24, r12
    353a:	0e 94 d8 1b 	call	0x37b0	; 0x37b0 <strnlen>
    353e:	8c 01       	movw	r16, r24
    3540:	5f e7       	ldi	r21, 0x7F	; 127
    3542:	f5 22       	and	r15, r21
    3544:	14 c0       	rjmp	.+40     	; 0x356e <vfprintf+0x18e>
    3546:	f5 01       	movw	r30, r10
    3548:	c0 80       	ld	r12, Z
    354a:	d1 80       	ldd	r13, Z+1	; 0x01
    354c:	f6 fc       	sbrc	r15, 6
    354e:	03 c0       	rjmp	.+6      	; 0x3556 <vfprintf+0x176>
    3550:	6f ef       	ldi	r22, 0xFF	; 255
    3552:	7f ef       	ldi	r23, 0xFF	; 255
    3554:	02 c0       	rjmp	.+4      	; 0x355a <vfprintf+0x17a>
    3556:	69 2d       	mov	r22, r9
    3558:	70 e0       	ldi	r23, 0x00	; 0
    355a:	42 e0       	ldi	r20, 0x02	; 2
    355c:	50 e0       	ldi	r21, 0x00	; 0
    355e:	a4 0e       	add	r10, r20
    3560:	b5 1e       	adc	r11, r21
    3562:	c6 01       	movw	r24, r12
    3564:	0e 94 cd 1b 	call	0x379a	; 0x379a <strnlen_P>
    3568:	8c 01       	movw	r16, r24
    356a:	50 e8       	ldi	r21, 0x80	; 128
    356c:	f5 2a       	or	r15, r21
    356e:	f3 fe       	sbrs	r15, 3
    3570:	07 c0       	rjmp	.+14     	; 0x3580 <vfprintf+0x1a0>
    3572:	1a c0       	rjmp	.+52     	; 0x35a8 <vfprintf+0x1c8>
    3574:	80 e2       	ldi	r24, 0x20	; 32
    3576:	90 e0       	ldi	r25, 0x00	; 0
    3578:	b3 01       	movw	r22, r6
    357a:	0e 94 e3 1b 	call	0x37c6	; 0x37c6 <fputc>
    357e:	ea 94       	dec	r14
    3580:	8e 2d       	mov	r24, r14
    3582:	90 e0       	ldi	r25, 0x00	; 0
    3584:	08 17       	cp	r16, r24
    3586:	19 07       	cpc	r17, r25
    3588:	a8 f3       	brcs	.-22     	; 0x3574 <vfprintf+0x194>
    358a:	0e c0       	rjmp	.+28     	; 0x35a8 <vfprintf+0x1c8>
    358c:	f6 01       	movw	r30, r12
    358e:	f7 fc       	sbrc	r15, 7
    3590:	85 91       	lpm	r24, Z+
    3592:	f7 fe       	sbrs	r15, 7
    3594:	81 91       	ld	r24, Z+
    3596:	6f 01       	movw	r12, r30
    3598:	90 e0       	ldi	r25, 0x00	; 0
    359a:	b3 01       	movw	r22, r6
    359c:	0e 94 e3 1b 	call	0x37c6	; 0x37c6 <fputc>
    35a0:	e1 10       	cpse	r14, r1
    35a2:	ea 94       	dec	r14
    35a4:	01 50       	subi	r16, 0x01	; 1
    35a6:	10 40       	sbci	r17, 0x00	; 0
    35a8:	01 15       	cp	r16, r1
    35aa:	11 05       	cpc	r17, r1
    35ac:	79 f7       	brne	.-34     	; 0x358c <vfprintf+0x1ac>
    35ae:	ea c0       	rjmp	.+468    	; 0x3784 <vfprintf+0x3a4>
    35b0:	94 36       	cpi	r25, 0x64	; 100
    35b2:	11 f0       	breq	.+4      	; 0x35b8 <vfprintf+0x1d8>
    35b4:	99 36       	cpi	r25, 0x69	; 105
    35b6:	69 f5       	brne	.+90     	; 0x3612 <vfprintf+0x232>
    35b8:	f7 fe       	sbrs	r15, 7
    35ba:	08 c0       	rjmp	.+16     	; 0x35cc <vfprintf+0x1ec>
    35bc:	f5 01       	movw	r30, r10
    35be:	20 81       	ld	r18, Z
    35c0:	31 81       	ldd	r19, Z+1	; 0x01
    35c2:	42 81       	ldd	r20, Z+2	; 0x02
    35c4:	53 81       	ldd	r21, Z+3	; 0x03
    35c6:	84 e0       	ldi	r24, 0x04	; 4
    35c8:	90 e0       	ldi	r25, 0x00	; 0
    35ca:	0a c0       	rjmp	.+20     	; 0x35e0 <vfprintf+0x200>
    35cc:	f5 01       	movw	r30, r10
    35ce:	80 81       	ld	r24, Z
    35d0:	91 81       	ldd	r25, Z+1	; 0x01
    35d2:	9c 01       	movw	r18, r24
    35d4:	44 27       	eor	r20, r20
    35d6:	37 fd       	sbrc	r19, 7
    35d8:	40 95       	com	r20
    35da:	54 2f       	mov	r21, r20
    35dc:	82 e0       	ldi	r24, 0x02	; 2
    35de:	90 e0       	ldi	r25, 0x00	; 0
    35e0:	a8 0e       	add	r10, r24
    35e2:	b9 1e       	adc	r11, r25
    35e4:	9f e6       	ldi	r25, 0x6F	; 111
    35e6:	f9 22       	and	r15, r25
    35e8:	57 ff       	sbrs	r21, 7
    35ea:	09 c0       	rjmp	.+18     	; 0x35fe <vfprintf+0x21e>
    35ec:	50 95       	com	r21
    35ee:	40 95       	com	r20
    35f0:	30 95       	com	r19
    35f2:	21 95       	neg	r18
    35f4:	3f 4f       	sbci	r19, 0xFF	; 255
    35f6:	4f 4f       	sbci	r20, 0xFF	; 255
    35f8:	5f 4f       	sbci	r21, 0xFF	; 255
    35fa:	e0 e8       	ldi	r30, 0x80	; 128
    35fc:	fe 2a       	or	r15, r30
    35fe:	ca 01       	movw	r24, r20
    3600:	b9 01       	movw	r22, r18
    3602:	a1 01       	movw	r20, r2
    3604:	2a e0       	ldi	r18, 0x0A	; 10
    3606:	30 e0       	ldi	r19, 0x00	; 0
    3608:	0e 94 0f 1c 	call	0x381e	; 0x381e <__ultoa_invert>
    360c:	d8 2e       	mov	r13, r24
    360e:	d2 18       	sub	r13, r2
    3610:	40 c0       	rjmp	.+128    	; 0x3692 <vfprintf+0x2b2>
    3612:	95 37       	cpi	r25, 0x75	; 117
    3614:	29 f4       	brne	.+10     	; 0x3620 <vfprintf+0x240>
    3616:	1f 2d       	mov	r17, r15
    3618:	1f 7e       	andi	r17, 0xEF	; 239
    361a:	2a e0       	ldi	r18, 0x0A	; 10
    361c:	30 e0       	ldi	r19, 0x00	; 0
    361e:	1d c0       	rjmp	.+58     	; 0x365a <vfprintf+0x27a>
    3620:	1f 2d       	mov	r17, r15
    3622:	19 7f       	andi	r17, 0xF9	; 249
    3624:	9f 36       	cpi	r25, 0x6F	; 111
    3626:	61 f0       	breq	.+24     	; 0x3640 <vfprintf+0x260>
    3628:	90 37       	cpi	r25, 0x70	; 112
    362a:	20 f4       	brcc	.+8      	; 0x3634 <vfprintf+0x254>
    362c:	98 35       	cpi	r25, 0x58	; 88
    362e:	09 f0       	breq	.+2      	; 0x3632 <vfprintf+0x252>
    3630:	ac c0       	rjmp	.+344    	; 0x378a <vfprintf+0x3aa>
    3632:	0f c0       	rjmp	.+30     	; 0x3652 <vfprintf+0x272>
    3634:	90 37       	cpi	r25, 0x70	; 112
    3636:	39 f0       	breq	.+14     	; 0x3646 <vfprintf+0x266>
    3638:	98 37       	cpi	r25, 0x78	; 120
    363a:	09 f0       	breq	.+2      	; 0x363e <vfprintf+0x25e>
    363c:	a6 c0       	rjmp	.+332    	; 0x378a <vfprintf+0x3aa>
    363e:	04 c0       	rjmp	.+8      	; 0x3648 <vfprintf+0x268>
    3640:	28 e0       	ldi	r18, 0x08	; 8
    3642:	30 e0       	ldi	r19, 0x00	; 0
    3644:	0a c0       	rjmp	.+20     	; 0x365a <vfprintf+0x27a>
    3646:	10 61       	ori	r17, 0x10	; 16
    3648:	14 fd       	sbrc	r17, 4
    364a:	14 60       	ori	r17, 0x04	; 4
    364c:	20 e1       	ldi	r18, 0x10	; 16
    364e:	30 e0       	ldi	r19, 0x00	; 0
    3650:	04 c0       	rjmp	.+8      	; 0x365a <vfprintf+0x27a>
    3652:	14 fd       	sbrc	r17, 4
    3654:	16 60       	ori	r17, 0x06	; 6
    3656:	20 e1       	ldi	r18, 0x10	; 16
    3658:	32 e0       	ldi	r19, 0x02	; 2
    365a:	17 ff       	sbrs	r17, 7
    365c:	08 c0       	rjmp	.+16     	; 0x366e <vfprintf+0x28e>
    365e:	f5 01       	movw	r30, r10
    3660:	60 81       	ld	r22, Z
    3662:	71 81       	ldd	r23, Z+1	; 0x01
    3664:	82 81       	ldd	r24, Z+2	; 0x02
    3666:	93 81       	ldd	r25, Z+3	; 0x03
    3668:	44 e0       	ldi	r20, 0x04	; 4
    366a:	50 e0       	ldi	r21, 0x00	; 0
    366c:	08 c0       	rjmp	.+16     	; 0x367e <vfprintf+0x29e>
    366e:	f5 01       	movw	r30, r10
    3670:	80 81       	ld	r24, Z
    3672:	91 81       	ldd	r25, Z+1	; 0x01
    3674:	bc 01       	movw	r22, r24
    3676:	80 e0       	ldi	r24, 0x00	; 0
    3678:	90 e0       	ldi	r25, 0x00	; 0
    367a:	42 e0       	ldi	r20, 0x02	; 2
    367c:	50 e0       	ldi	r21, 0x00	; 0
    367e:	a4 0e       	add	r10, r20
    3680:	b5 1e       	adc	r11, r21
    3682:	a1 01       	movw	r20, r2
    3684:	0e 94 0f 1c 	call	0x381e	; 0x381e <__ultoa_invert>
    3688:	d8 2e       	mov	r13, r24
    368a:	d2 18       	sub	r13, r2
    368c:	8f e7       	ldi	r24, 0x7F	; 127
    368e:	f8 2e       	mov	r15, r24
    3690:	f1 22       	and	r15, r17
    3692:	f6 fe       	sbrs	r15, 6
    3694:	0b c0       	rjmp	.+22     	; 0x36ac <vfprintf+0x2cc>
    3696:	5e ef       	ldi	r21, 0xFE	; 254
    3698:	f5 22       	and	r15, r21
    369a:	d9 14       	cp	r13, r9
    369c:	38 f4       	brcc	.+14     	; 0x36ac <vfprintf+0x2cc>
    369e:	f4 fe       	sbrs	r15, 4
    36a0:	07 c0       	rjmp	.+14     	; 0x36b0 <vfprintf+0x2d0>
    36a2:	f2 fc       	sbrc	r15, 2
    36a4:	05 c0       	rjmp	.+10     	; 0x36b0 <vfprintf+0x2d0>
    36a6:	8f ee       	ldi	r24, 0xEF	; 239
    36a8:	f8 22       	and	r15, r24
    36aa:	02 c0       	rjmp	.+4      	; 0x36b0 <vfprintf+0x2d0>
    36ac:	1d 2d       	mov	r17, r13
    36ae:	01 c0       	rjmp	.+2      	; 0x36b2 <vfprintf+0x2d2>
    36b0:	19 2d       	mov	r17, r9
    36b2:	f4 fe       	sbrs	r15, 4
    36b4:	0d c0       	rjmp	.+26     	; 0x36d0 <vfprintf+0x2f0>
    36b6:	fe 01       	movw	r30, r28
    36b8:	ed 0d       	add	r30, r13
    36ba:	f1 1d       	adc	r31, r1
    36bc:	80 81       	ld	r24, Z
    36be:	80 33       	cpi	r24, 0x30	; 48
    36c0:	19 f4       	brne	.+6      	; 0x36c8 <vfprintf+0x2e8>
    36c2:	99 ee       	ldi	r25, 0xE9	; 233
    36c4:	f9 22       	and	r15, r25
    36c6:	08 c0       	rjmp	.+16     	; 0x36d8 <vfprintf+0x2f8>
    36c8:	1f 5f       	subi	r17, 0xFF	; 255
    36ca:	f2 fe       	sbrs	r15, 2
    36cc:	05 c0       	rjmp	.+10     	; 0x36d8 <vfprintf+0x2f8>
    36ce:	03 c0       	rjmp	.+6      	; 0x36d6 <vfprintf+0x2f6>
    36d0:	8f 2d       	mov	r24, r15
    36d2:	86 78       	andi	r24, 0x86	; 134
    36d4:	09 f0       	breq	.+2      	; 0x36d8 <vfprintf+0x2f8>
    36d6:	1f 5f       	subi	r17, 0xFF	; 255
    36d8:	0f 2d       	mov	r16, r15
    36da:	f3 fc       	sbrc	r15, 3
    36dc:	14 c0       	rjmp	.+40     	; 0x3706 <vfprintf+0x326>
    36de:	f0 fe       	sbrs	r15, 0
    36e0:	0f c0       	rjmp	.+30     	; 0x3700 <vfprintf+0x320>
    36e2:	1e 15       	cp	r17, r14
    36e4:	10 f0       	brcs	.+4      	; 0x36ea <vfprintf+0x30a>
    36e6:	9d 2c       	mov	r9, r13
    36e8:	0b c0       	rjmp	.+22     	; 0x3700 <vfprintf+0x320>
    36ea:	9d 2c       	mov	r9, r13
    36ec:	9e 0c       	add	r9, r14
    36ee:	91 1a       	sub	r9, r17
    36f0:	1e 2d       	mov	r17, r14
    36f2:	06 c0       	rjmp	.+12     	; 0x3700 <vfprintf+0x320>
    36f4:	80 e2       	ldi	r24, 0x20	; 32
    36f6:	90 e0       	ldi	r25, 0x00	; 0
    36f8:	b3 01       	movw	r22, r6
    36fa:	0e 94 e3 1b 	call	0x37c6	; 0x37c6 <fputc>
    36fe:	1f 5f       	subi	r17, 0xFF	; 255
    3700:	1e 15       	cp	r17, r14
    3702:	c0 f3       	brcs	.-16     	; 0x36f4 <vfprintf+0x314>
    3704:	04 c0       	rjmp	.+8      	; 0x370e <vfprintf+0x32e>
    3706:	1e 15       	cp	r17, r14
    3708:	10 f4       	brcc	.+4      	; 0x370e <vfprintf+0x32e>
    370a:	e1 1a       	sub	r14, r17
    370c:	01 c0       	rjmp	.+2      	; 0x3710 <vfprintf+0x330>
    370e:	ee 24       	eor	r14, r14
    3710:	04 ff       	sbrs	r16, 4
    3712:	0f c0       	rjmp	.+30     	; 0x3732 <vfprintf+0x352>
    3714:	80 e3       	ldi	r24, 0x30	; 48
    3716:	90 e0       	ldi	r25, 0x00	; 0
    3718:	b3 01       	movw	r22, r6
    371a:	0e 94 e3 1b 	call	0x37c6	; 0x37c6 <fputc>
    371e:	02 ff       	sbrs	r16, 2
    3720:	1d c0       	rjmp	.+58     	; 0x375c <vfprintf+0x37c>
    3722:	01 fd       	sbrc	r16, 1
    3724:	03 c0       	rjmp	.+6      	; 0x372c <vfprintf+0x34c>
    3726:	88 e7       	ldi	r24, 0x78	; 120
    3728:	90 e0       	ldi	r25, 0x00	; 0
    372a:	0e c0       	rjmp	.+28     	; 0x3748 <vfprintf+0x368>
    372c:	88 e5       	ldi	r24, 0x58	; 88
    372e:	90 e0       	ldi	r25, 0x00	; 0
    3730:	0b c0       	rjmp	.+22     	; 0x3748 <vfprintf+0x368>
    3732:	80 2f       	mov	r24, r16
    3734:	86 78       	andi	r24, 0x86	; 134
    3736:	91 f0       	breq	.+36     	; 0x375c <vfprintf+0x37c>
    3738:	01 ff       	sbrs	r16, 1
    373a:	02 c0       	rjmp	.+4      	; 0x3740 <vfprintf+0x360>
    373c:	8b e2       	ldi	r24, 0x2B	; 43
    373e:	01 c0       	rjmp	.+2      	; 0x3742 <vfprintf+0x362>
    3740:	80 e2       	ldi	r24, 0x20	; 32
    3742:	f7 fc       	sbrc	r15, 7
    3744:	8d e2       	ldi	r24, 0x2D	; 45
    3746:	90 e0       	ldi	r25, 0x00	; 0
    3748:	b3 01       	movw	r22, r6
    374a:	0e 94 e3 1b 	call	0x37c6	; 0x37c6 <fputc>
    374e:	06 c0       	rjmp	.+12     	; 0x375c <vfprintf+0x37c>
    3750:	80 e3       	ldi	r24, 0x30	; 48
    3752:	90 e0       	ldi	r25, 0x00	; 0
    3754:	b3 01       	movw	r22, r6
    3756:	0e 94 e3 1b 	call	0x37c6	; 0x37c6 <fputc>
    375a:	9a 94       	dec	r9
    375c:	d9 14       	cp	r13, r9
    375e:	c0 f3       	brcs	.-16     	; 0x3750 <vfprintf+0x370>
    3760:	da 94       	dec	r13
    3762:	f1 01       	movw	r30, r2
    3764:	ed 0d       	add	r30, r13
    3766:	f1 1d       	adc	r31, r1
    3768:	80 81       	ld	r24, Z
    376a:	90 e0       	ldi	r25, 0x00	; 0
    376c:	b3 01       	movw	r22, r6
    376e:	0e 94 e3 1b 	call	0x37c6	; 0x37c6 <fputc>
    3772:	dd 20       	and	r13, r13
    3774:	a9 f7       	brne	.-22     	; 0x3760 <vfprintf+0x380>
    3776:	06 c0       	rjmp	.+12     	; 0x3784 <vfprintf+0x3a4>
    3778:	80 e2       	ldi	r24, 0x20	; 32
    377a:	90 e0       	ldi	r25, 0x00	; 0
    377c:	b3 01       	movw	r22, r6
    377e:	0e 94 e3 1b 	call	0x37c6	; 0x37c6 <fputc>
    3782:	ea 94       	dec	r14
    3784:	ee 20       	and	r14, r14
    3786:	c1 f7       	brne	.-16     	; 0x3778 <vfprintf+0x398>
    3788:	43 ce       	rjmp	.-890    	; 0x3410 <vfprintf+0x30>
    378a:	f3 01       	movw	r30, r6
    378c:	66 81       	ldd	r22, Z+6	; 0x06
    378e:	77 81       	ldd	r23, Z+7	; 0x07
    3790:	cb 01       	movw	r24, r22
    3792:	2b 96       	adiw	r28, 0x0b	; 11
    3794:	e2 e1       	ldi	r30, 0x12	; 18
    3796:	0c 94 b1 19 	jmp	0x3362	; 0x3362 <__epilogue_restores__>

0000379a <strnlen_P>:
    379a:	fc 01       	movw	r30, r24
    379c:	05 90       	lpm	r0, Z+
    379e:	61 50       	subi	r22, 0x01	; 1
    37a0:	70 40       	sbci	r23, 0x00	; 0
    37a2:	01 10       	cpse	r0, r1
    37a4:	d8 f7       	brcc	.-10     	; 0x379c <strnlen_P+0x2>
    37a6:	80 95       	com	r24
    37a8:	90 95       	com	r25
    37aa:	8e 0f       	add	r24, r30
    37ac:	9f 1f       	adc	r25, r31
    37ae:	08 95       	ret

000037b0 <strnlen>:
    37b0:	fc 01       	movw	r30, r24
    37b2:	61 50       	subi	r22, 0x01	; 1
    37b4:	70 40       	sbci	r23, 0x00	; 0
    37b6:	01 90       	ld	r0, Z+
    37b8:	01 10       	cpse	r0, r1
    37ba:	d8 f7       	brcc	.-10     	; 0x37b2 <strnlen+0x2>
    37bc:	80 95       	com	r24
    37be:	90 95       	com	r25
    37c0:	8e 0f       	add	r24, r30
    37c2:	9f 1f       	adc	r25, r31
    37c4:	08 95       	ret

000037c6 <fputc>:
    37c6:	0f 93       	push	r16
    37c8:	1f 93       	push	r17
    37ca:	cf 93       	push	r28
    37cc:	df 93       	push	r29
    37ce:	8c 01       	movw	r16, r24
    37d0:	eb 01       	movw	r28, r22
    37d2:	8b 81       	ldd	r24, Y+3	; 0x03
    37d4:	81 ff       	sbrs	r24, 1
    37d6:	1b c0       	rjmp	.+54     	; 0x380e <fputc+0x48>
    37d8:	82 ff       	sbrs	r24, 2
    37da:	0d c0       	rjmp	.+26     	; 0x37f6 <fputc+0x30>
    37dc:	2e 81       	ldd	r18, Y+6	; 0x06
    37de:	3f 81       	ldd	r19, Y+7	; 0x07
    37e0:	8c 81       	ldd	r24, Y+4	; 0x04
    37e2:	9d 81       	ldd	r25, Y+5	; 0x05
    37e4:	28 17       	cp	r18, r24
    37e6:	39 07       	cpc	r19, r25
    37e8:	64 f4       	brge	.+24     	; 0x3802 <fputc+0x3c>
    37ea:	e8 81       	ld	r30, Y
    37ec:	f9 81       	ldd	r31, Y+1	; 0x01
    37ee:	01 93       	st	Z+, r16
    37f0:	f9 83       	std	Y+1, r31	; 0x01
    37f2:	e8 83       	st	Y, r30
    37f4:	06 c0       	rjmp	.+12     	; 0x3802 <fputc+0x3c>
    37f6:	e8 85       	ldd	r30, Y+8	; 0x08
    37f8:	f9 85       	ldd	r31, Y+9	; 0x09
    37fa:	80 2f       	mov	r24, r16
    37fc:	09 95       	icall
    37fe:	89 2b       	or	r24, r25
    3800:	31 f4       	brne	.+12     	; 0x380e <fputc+0x48>
    3802:	8e 81       	ldd	r24, Y+6	; 0x06
    3804:	9f 81       	ldd	r25, Y+7	; 0x07
    3806:	01 96       	adiw	r24, 0x01	; 1
    3808:	9f 83       	std	Y+7, r25	; 0x07
    380a:	8e 83       	std	Y+6, r24	; 0x06
    380c:	02 c0       	rjmp	.+4      	; 0x3812 <fputc+0x4c>
    380e:	0f ef       	ldi	r16, 0xFF	; 255
    3810:	1f ef       	ldi	r17, 0xFF	; 255
    3812:	c8 01       	movw	r24, r16
    3814:	df 91       	pop	r29
    3816:	cf 91       	pop	r28
    3818:	1f 91       	pop	r17
    381a:	0f 91       	pop	r16
    381c:	08 95       	ret

0000381e <__ultoa_invert>:
    381e:	fa 01       	movw	r30, r20
    3820:	aa 27       	eor	r26, r26
    3822:	28 30       	cpi	r18, 0x08	; 8
    3824:	51 f1       	breq	.+84     	; 0x387a <__ultoa_invert+0x5c>
    3826:	20 31       	cpi	r18, 0x10	; 16
    3828:	81 f1       	breq	.+96     	; 0x388a <__ultoa_invert+0x6c>
    382a:	e8 94       	clt
    382c:	6f 93       	push	r22
    382e:	6e 7f       	andi	r22, 0xFE	; 254
    3830:	6e 5f       	subi	r22, 0xFE	; 254
    3832:	7f 4f       	sbci	r23, 0xFF	; 255
    3834:	8f 4f       	sbci	r24, 0xFF	; 255
    3836:	9f 4f       	sbci	r25, 0xFF	; 255
    3838:	af 4f       	sbci	r26, 0xFF	; 255
    383a:	b1 e0       	ldi	r27, 0x01	; 1
    383c:	3e d0       	rcall	.+124    	; 0x38ba <__ultoa_invert+0x9c>
    383e:	b4 e0       	ldi	r27, 0x04	; 4
    3840:	3c d0       	rcall	.+120    	; 0x38ba <__ultoa_invert+0x9c>
    3842:	67 0f       	add	r22, r23
    3844:	78 1f       	adc	r23, r24
    3846:	89 1f       	adc	r24, r25
    3848:	9a 1f       	adc	r25, r26
    384a:	a1 1d       	adc	r26, r1
    384c:	68 0f       	add	r22, r24
    384e:	79 1f       	adc	r23, r25
    3850:	8a 1f       	adc	r24, r26
    3852:	91 1d       	adc	r25, r1
    3854:	a1 1d       	adc	r26, r1
    3856:	6a 0f       	add	r22, r26
    3858:	71 1d       	adc	r23, r1
    385a:	81 1d       	adc	r24, r1
    385c:	91 1d       	adc	r25, r1
    385e:	a1 1d       	adc	r26, r1
    3860:	20 d0       	rcall	.+64     	; 0x38a2 <__ultoa_invert+0x84>
    3862:	09 f4       	brne	.+2      	; 0x3866 <__ultoa_invert+0x48>
    3864:	68 94       	set
    3866:	3f 91       	pop	r19
    3868:	2a e0       	ldi	r18, 0x0A	; 10
    386a:	26 9f       	mul	r18, r22
    386c:	11 24       	eor	r1, r1
    386e:	30 19       	sub	r19, r0
    3870:	30 5d       	subi	r19, 0xD0	; 208
    3872:	31 93       	st	Z+, r19
    3874:	de f6       	brtc	.-74     	; 0x382c <__ultoa_invert+0xe>
    3876:	cf 01       	movw	r24, r30
    3878:	08 95       	ret
    387a:	46 2f       	mov	r20, r22
    387c:	47 70       	andi	r20, 0x07	; 7
    387e:	40 5d       	subi	r20, 0xD0	; 208
    3880:	41 93       	st	Z+, r20
    3882:	b3 e0       	ldi	r27, 0x03	; 3
    3884:	0f d0       	rcall	.+30     	; 0x38a4 <__ultoa_invert+0x86>
    3886:	c9 f7       	brne	.-14     	; 0x387a <__ultoa_invert+0x5c>
    3888:	f6 cf       	rjmp	.-20     	; 0x3876 <__ultoa_invert+0x58>
    388a:	46 2f       	mov	r20, r22
    388c:	4f 70       	andi	r20, 0x0F	; 15
    388e:	40 5d       	subi	r20, 0xD0	; 208
    3890:	4a 33       	cpi	r20, 0x3A	; 58
    3892:	18 f0       	brcs	.+6      	; 0x389a <__ultoa_invert+0x7c>
    3894:	49 5d       	subi	r20, 0xD9	; 217
    3896:	31 fd       	sbrc	r19, 1
    3898:	40 52       	subi	r20, 0x20	; 32
    389a:	41 93       	st	Z+, r20
    389c:	02 d0       	rcall	.+4      	; 0x38a2 <__ultoa_invert+0x84>
    389e:	a9 f7       	brne	.-22     	; 0x388a <__ultoa_invert+0x6c>
    38a0:	ea cf       	rjmp	.-44     	; 0x3876 <__ultoa_invert+0x58>
    38a2:	b4 e0       	ldi	r27, 0x04	; 4
    38a4:	a6 95       	lsr	r26
    38a6:	97 95       	ror	r25
    38a8:	87 95       	ror	r24
    38aa:	77 95       	ror	r23
    38ac:	67 95       	ror	r22
    38ae:	ba 95       	dec	r27
    38b0:	c9 f7       	brne	.-14     	; 0x38a4 <__ultoa_invert+0x86>
    38b2:	00 97       	sbiw	r24, 0x00	; 0
    38b4:	61 05       	cpc	r22, r1
    38b6:	71 05       	cpc	r23, r1
    38b8:	08 95       	ret
    38ba:	9b 01       	movw	r18, r22
    38bc:	ac 01       	movw	r20, r24
    38be:	0a 2e       	mov	r0, r26
    38c0:	06 94       	lsr	r0
    38c2:	57 95       	ror	r21
    38c4:	47 95       	ror	r20
    38c6:	37 95       	ror	r19
    38c8:	27 95       	ror	r18
    38ca:	ba 95       	dec	r27
    38cc:	c9 f7       	brne	.-14     	; 0x38c0 <__ultoa_invert+0xa2>
    38ce:	62 0f       	add	r22, r18
    38d0:	73 1f       	adc	r23, r19
    38d2:	84 1f       	adc	r24, r20
    38d4:	95 1f       	adc	r25, r21
    38d6:	a0 1d       	adc	r26, r0
    38d8:	08 95       	ret

000038da <_exit>:
    38da:	f8 94       	cli

000038dc <__stop_program>:
    38dc:	ff cf       	rjmp	.-2      	; 0x38dc <__stop_program>
